[{"fields": {"purchaser": "Impot Pty Ltd HO", "fax": "1800 628577", "GLN": "", "paddress": "", "brand": "HOOVER", "ABN": "", "suburb": "", "actualRebate": 0.0, "postcode": "", "address": "", "distributor": "TERRY HAYES", "ppostcode": "", "pcityState": "", "repPhone": "", "hasElectronicTrading": false, "isHOPreferred": true, "group": 1, "phone": "02 97144491", "cityState": "", "repName": "0407 882 347 Delva", "comments": "Phone 02 97144491\r\nFax: 02 97482507\r\n\r\nQueensland\r\nTerry Hayes Agencies\r\nPhone \r\nFax: 02 97482507", "rebate": 0.0, "email": "", "store": 12, "isShared": true}, "model": "core.brand", "pk": 1}, {"fields": {"purchaser": "Impot Pty Ltd HO", "fax": "02 93179510", "GLN": "9377778616193", "paddress": "Locked Bag 5017", "brand": "KELVINATOR", "ABN": "", "suburb": "Mascot", "actualRebate": 6.0, "postcode": "2020", "address": "163 ORiordan Street", "distributor": "ELECTROLUX HOME PRODUCTS", "ppostcode": "2015", "pcityState": "South Sydney", "repPhone": "418874362", "hasElectronicTrading": true, "isHOPreferred": true, "group": 1, "phone": "1300 363601", "cityState": "NSW", "repName": "Paul Turner", "comments": "Sales Phone 1300 363601\r\nCustomer Assistance 1300 363640\r\nHome Service 131349\r\nSpare Parts 131350\r\n\r\nBiRite/Homelectrix Account Managers\r\nMichael Bond\r\nPaul Turner 0418 872488\r\nPh: 07 39071913\r\nFax: 07 39071945", "rebate": 6.0, "email": "", "store": 12, "isShared": true}, "model": "core.brand", "pk": 2}, {"fields": {"purchaser": "Impot Pty Ltd HO", "fax": "02 93179510", "GLN": "9377778616193", "paddress": "Locked Bag 5017", "brand": "SIMPSON", "ABN": "", "suburb": "Mascot", "actualRebate": 6.0, "postcode": "2020", "address": "163 ORiordan Street", "distributor": "ELECTROLUX HOME PRODUCTS", "ppostcode": "2015", "pcityState": "South Sydney", "repPhone": "418874362", "hasElectronicTrading": true, "isHOPreferred": true, "group": 1, "phone": "1300 363601", "cityState": "NSW", "repName": "Paul Turner", "comments": "Sales Phone 1300 363601\r\nCustomer Assistance 1300 363640\r\nHome Service 131349\r\nSpare Parts 131350\r\n\r\nBiRite/Homelectrix Account Managers\r\nMichael Bond\r\nPaul Turner 0418 872488\r\nPh: 07 39071913\r\nFax: 07 39071945", "rebate": 6.0, "email": "", "store": 12, "isShared": true}, "model": "core.brand", "pk": 3}, {"fields": {"purchaser": "Impot Pty Ltd HO", "fax": "", "GLN": "", "paddress": "", "brand": "NEC", "ABN": "", "suburb": "Epping", "actualRebate": 12.0, "postcode": "2121", "address": "244 Beecroft Road", "distributor": "NEC", "ppostcode": "", "pcityState": "", "repPhone": "418716061", "hasElectronicTrading": false, "isHOPreferred": true, "group": 1, "phone": "131 632", "cityState": "NSW", "repName": "Barbara Benz", "comments": "AWA Service 1300 366144", "rebate": 12.0, "email": "", "store": 12, "isShared": true}, "model": "core.brand", "pk": 4}, {"fields": {"purchaser": "Impot Pty Ltd HO", "fax": "07 33904449", "GLN": "9316944102306", "paddress": "", "brand": "SAMSUNG", "ABN": "", "suburb": "Murrarrie", "actualRebate": 9.0, "postcode": "4172", "address": "Unit 4/ 747 Lytton Road", "distributor": "SAMSUNG", "ppostcode": "", "pcityState": "", "repPhone": "", "hasElectronicTrading": true, "isHOPreferred": true, "group": 1, "phone": "1300 369 600", "cityState": "QLD", "repName": "", "comments": "SAMSUNG SALES\r\nPhone 1300 369600\r\n\r\nTo cancel an order please send request to  \r\nedi.support@samsung.com.au\r\n\r\n\r\nMinimum Order $ 1500.00", "rebate": 9.0, "email": "", "store": 12, "isShared": true}, "model": "core.brand", "pk": 5}, {"fields": {"purchaser": "Impot Pty Ltd HO", "fax": "1300 651050", "GLN": "9377778989549", "paddress": "POBox 6827", "brand": "SHARP", "ABN": "", "suburb": "Huntingwood", "actualRebate": 8.0, "postcode": "2148", "address": "1 Huntingwood Drive,", "distributor": "SHARP", "ppostcode": "2148", "pcityState": "Blacktown NSW", "repPhone": "", "hasElectronicTrading": true, "isHOPreferred": true, "group": 1, "phone": "1300 135530", "cityState": "NSW", "repName": "", "comments": "orders@sharp.net.au\r\nCustomer Care\r\nmailto: customercare@sharp.net.au\r\nPhone 1300 135022\r\nQld Field Office Fax:07 3255 8133\r\nService Phone Enquiries: ........1300 135022\r\nFax  1300 72771", "rebate": 8.0, "email": "orders@sharp.net.au", "store": 12, "isShared": true}, "model": "core.brand", "pk": 6}, {"fields": {"purchaser": "Impot Pty Ltd HO", "fax": "02 93179510", "GLN": "9377778616193", "paddress": "Locked Bag 5017", "brand": "WESTINGHOUSE", "ABN": "", "suburb": "Mascot", "actualRebate": 6.0, "postcode": "2020", "address": "163 ORiordan Street", "distributor": "ELECTROLUX HOME PRODUCTS", "ppostcode": "2015", "pcityState": "South Sydney", "repPhone": "418874362", "hasElectronicTrading": true, "isHOPreferred": true, "group": 1, "phone": "1300 363601", "cityState": "NSW", "repName": "", "comments": "Sales Phone 1300 363601\r\nCustomer Assistance 1300 363640\r\nHome Service 131349\r\nSpare Parts 131350\r\n\r\nBiRite/Homelectrix Account Managers\r\nMichael Bond\r\nPaul Turner 0418 872488\r\nPh: 07 39071913\r\nFax: 07 39071945", "rebate": 6.0, "email": "", "store": 12, "isShared": true}, "model": "core.brand", "pk": 7}, {"fields": {"purchaser": "Impot Pty Ltd HO", "fax": "1800 650 104", "GLN": "9377778105420", "paddress": "Private Bag 18,", "brand": "WHIRLPOOL", "ABN": "", "suburb": "Scoresby Business Centre", "actualRebate": 12.0, "postcode": "3179", "address": "12 Dalmore Drive,", "distributor": "WHIRLPOOL", "ppostcode": "3179", "pcityState": "Scoresby VIC", "repPhone": "417600616", "hasElectronicTrading": false, "isHOPreferred": true, "group": 1, "phone": "1300 368 899", "cityState": "Victoria", "repName": "Ross Moony", "comments": "Service 1300 361 166\r\nSpare Parts 1300 130 253  PARTS  A/C NO. COB40\r\n\r\nVictoria\r\nPhone (03) 9237 2777\r\nFax (03) 9237 2700\r\nORDERS : aus_retaillink@whirlpool.com.au\r\nVIC REP - Sally 0419 327564\r\n\r\nNorth QLD - Tom Jack Agencies\r\nTom - 0428 182 809\r\nSergy-", "rebate": 12.0, "email": "aus_retaillink@whirlpool.com.au", "store": 12, "isShared": true}, "model": "core.brand", "pk": 8}, {"fields": {"purchaser": "Impot Pty Ltd HO", "fax": "1300 100 105", "GLN": "", "paddress": "", "brand": "HITACHI", "ABN": "", "suburb": "Oakliegh South", "actualRebate": 6.0, "postcode": "3167", "address": "92 Carroll Road", "distributor": "SYNNEX AUSTRALIA", "ppostcode": "2086", "pcityState": "", "repPhone": "412572033", "hasElectronicTrading": false, "isHOPreferred": true, "group": 1, "phone": "1300 880 958", "cityState": "VIC", "repName": "Ken Barsley", "comments": "Queenslans stores only, please place your orderes through\r\nkenb@synnex.com.au", "rebate": 6.0, "email": "kenb@synnex.com.au", "store": 12, "isShared": true}, "model": "core.brand", "pk": 9}, {"fields": {"purchaser": "Impot Pty Ltd HO", "fax": "02 93179510", "GLN": "9377778616193", "paddress": "Locked Bag 5017", "brand": "DISHLEX", "ABN": "", "suburb": "Mascot", "actualRebate": 6.0, "postcode": "2020", "address": "163 ORiordan Street", "distributor": "ELECTROLUX HOME PRODUCTS", "ppostcode": "2015", "pcityState": "South Sydney", "repPhone": "418874362", "hasElectronicTrading": true, "isHOPreferred": true, "group": 1, "phone": "1300 363601", "cityState": "NSW", "repName": "", "comments": "Sales Phone 1300 363601\r\nCustomer Assistance 1300 363640\r\nHome Service 131349\r\nSpare Parts 131350\r\n\r\nBiRite/Homelectrix Account Managers\r\nMichael Bond\r\nPaul Turner 0418 872488\r\nPh: 07 39071913\r\nFax: 07 39071945", "rebate": 6.0, "email": "", "store": 12, "isShared": true}, "model": "core.brand", "pk": 10}, {"fields": {"purchaser": "Impot Pty Ltd HO", "fax": "02 93179510", "GLN": "9377778616193", "paddress": "Locked Bag 5017", "brand": "CHEF", "ABN": "", "suburb": "Mascot", "actualRebate": 6.0, "postcode": "2020", "address": "163 ORiordan Street", "distributor": "ELECTROLUX HOME PRODUCTS", "ppostcode": "2015", "pcityState": "South Sydney", "repPhone": "418874362", "hasElectronicTrading": true, "isHOPreferred": true, "group": 1, "phone": "1300 363601", "cityState": "NSW", "repName": "Paul Turner", "comments": "Sales Phone 1300 363601\r\nCustomer Assistance 1300 363640\r\nHome Service 131349\r\nSpare Parts 131350\r\n\r\nBiRite/Homelectrix Account Managers\r\nMichael Bond\r\nPaul Turner 0418 872488\r\nPh: 07 39071913\r\nFax: 07 39071945", "rebate": 6.0, "email": "", "store": 12, "isShared": true}, "model": "core.brand", "pk": 11}, {"fields": {"purchaser": "Impot Pty Ltd HO", "fax": "02 - 99867325", "GLN": "9377778073873", "paddress": "Locked Bag 505", "brand": "PANASONIC", "ABN": "83001592187", "suburb": "Belrose", "actualRebate": 9.5, "postcode": "2085", "address": "Head Office: 1 Garigal Road", "distributor": "PANASONIC", "ppostcode": "2086", "pcityState": "Frenchs Forest", "repPhone": "", "hasElectronicTrading": true, "isHOPreferred": true, "group": 1, "phone": "1300 880 600", "cityState": "NSW", "repName": "", "comments": "Sales Phone 1300 880600 mailto:sales@panasonic.com.au\r\nSales Fax 1300 880700\r\n\r\nAccounts  02 99867448 mailto:credit@panasonic.com.au\r\nCustomer Service  132600  mailto:paccc@panasonic.com.au\r\nSpare Parts  1300 304545 (1-2) mailto:spareparts@panasonic.com.", "rebate": 9.5, "email": "", "store": 12, "isShared": true}, "model": "core.brand", "pk": 12}, {"fields": {"purchaser": "Impot Pty Ltd HO", "fax": "03 - 97203178", "GLN": "", "paddress": "POBox 45", "brand": "INSINKERATOR", "ABN": "", "suburb": "Bayswater", "actualRebate": 0.0, "postcode": "3153", "address": "P.O. Box 45", "distributor": "Insinkerator", "ppostcode": "3153", "pcityState": "Bayswater VIC", "repPhone": "418736088", "hasElectronicTrading": false, "isHOPreferred": true, "group": 1, "phone": "1300 136205", "cityState": "Victoria", "repName": "dug stephen", "comments": "Data from Teledex\r\nSpare Parts and Services: Kev Sellwood Electrical\r\n10 Mayneview Street, Milton QLD 4064 Phone: (07) 3369 4411\r\n\r\nWarehouse Address: Hellmann Worldwide Logistics\r\n45-47 Qantas Drive\r\nBrisbane Airport QLD 4007\r\nPO Box 45\r\nBayswater Vic 3", "rebate": 0.0, "email": "sales@insinkerator.com.au", "store": 12, "isShared": true}, "model": "core.brand", "pk": 13}, {"fields": {"purchaser": "Impot Pty Ltd HO", "fax": "02 9695 9900", "GLN": "9377778819297", "paddress": "Locked Bag 5040", "brand": "SUNBEAM", "ABN": "45000006771", "suburb": "Botany", "actualRebate": 2.0, "postcode": "2019", "address": "5-6/13 Lord St", "distributor": "SUNBEAM", "ppostcode": "2019", "pcityState": "Botany NSW", "repPhone": "417285711", "hasElectronicTrading": true, "isHOPreferred": true, "group": 1, "phone": "02 96959999", "cityState": "NSW", "repName": "Phil Mortimer", "comments": "All Orders must be Processed Electronically B2B Min $250\r\nSales @ Service Phone 1300 881861\r\nSales @ Service Fax 1800 681826 \r\nFree call 1800 249 897 and FAX 1800 681 826\r\n\r\n \r\n\r\nReturns Procedure. Create Claim and Fax to Sunbeam for Return Authority, Su", "rebate": 2.0, "email": "", "store": 12, "isShared": true}, "model": "core.brand", "pk": 14}, {"fields": {"purchaser": "Impot Pty Ltd HO", "fax": "02 97001338", "GLN": "", "paddress": "Private Bag 2000", "brand": "BREVILLE", "ABN": "", "suburb": "Botany", "actualRebate": 3.0, "postcode": "2019", "address": "Building 2, PortAir Industrial Estate, 1A Hale Street", "distributor": "BREVILLE GROUP LTD", "ppostcode": "1455", "pcityState": "Botany NSW", "repPhone": "", "hasElectronicTrading": false, "isHOPreferred": true, "group": 1, "phone": "1300 726941", "cityState": "NSW", "repName": "", "comments": "Returns Procedure\r\nPhone  1300 589616\r\nDetails Required\r\nStore Name, Address, Suburb & State \r\nContact Name & Number\r\nClaim Number\r\nNumber of Cartons & Total Weight\r\nAre the Goods ready for collection ?\r\n\r\nStartrack will then arrive for the specified pic", "rebate": 3.0, "email": "", "store": 12, "isShared": true}, "model": "core.brand", "pk": 15}, {"fields": {"purchaser": "Impot Pty Ltd HO", "fax": "", "GLN": "9377778105420", "paddress": "", "brand": "MAYTAG", "ABN": "", "suburb": "", "actualRebate": 0.0, "postcode": "", "address": "", "distributor": "WHIRLPOOL", "ppostcode": "", "pcityState": "", "repPhone": "", "hasElectronicTrading": false, "isHOPreferred": true, "group": 1, "phone": "", "cityState": "", "repName": "", "comments": "", "rebate": 0.0, "email": "", "store": 12, "isShared": true}, "model": "core.brand", "pk": 16}, {"fields": {"purchaser": "Impot Pty Ltd HO", "fax": "02 9878 8320", "GLN": "9311929000004", "paddress": "P.O. Box 377,", "brand": "SONY", "ABN": "59001215354", "suburb": "North Ryde", "actualRebate": 5.0, "postcode": "2113", "address": "33 - 39 Talavera Road", "distributor": "SONY", "ppostcode": "1670", "pcityState": "North Ryde NSW", "repPhone": "", "hasElectronicTrading": true, "isHOPreferred": true, "group": 1, "phone": "1300302727", "cityState": "NSW", "repName": "", "comments": "MIN ORDER $500\r\nConsumer Help\r\n1300 137669  (1300 13SONY)\r\nRetail Sales\r\nPhone 1300 302727\r\nFax 02 9878 8320\r\n\r\nSpare Parts (National Distributor)\r\nSpeedy Spares Pty Ltd\r\n0407236531 Alison\r\n451 Macaulay Road \r\nKensington VIC 3031\r\n\r\nService Phone 1300 13", "rebate": 5.0, "email": "", "store": 12, "isShared": true}, "model": "core.brand", "pk": 17}, {"fields": {"purchaser": "Impot Pty Ltd HO", "fax": "(02) 88054244", "GLN": "9329108000004", "paddress": "P.O. Box 212", "brand": "LG", "ABN": "98064531264", "suburb": "Eastern Creek", "actualRebate": 8.0, "postcode": "2766", "address": "2 Wonderland Drive,", "distributor": "LG", "ppostcode": "2175", "pcityState": "Horsley Park NSW", "repPhone": "", "hasElectronicTrading": true, "isHOPreferred": true, "group": 1, "phone": "1300547253", "cityState": "NSW", "repName": "TBA", "comments": "SALES TEAM (Stock & Retruns)\r\nPhone 1300 547253\r\n\r\nLG CARE 1300 542273 (7am-7pm 7Days)\r\n\r\nRetailer Direct Support Line  (Dealers Only)\r\nPhone 02 88118861\r\nFax 02 98322885\r\ndirectdealersupport@lge.com.au", "rebate": 8.0, "email": "www.lge.com.au", "store": 12, "isShared": true}, "model": "core.brand", "pk": 18}, {"fields": {"purchaser": "Impot Pty Ltd HO", "fax": "1800 007 289", "GLN": "9377778851136", "paddress": "P.O. Box 597", "brand": "DELONGHI", "ABN": "49104012857", "suburb": "Riverwood", "actualRebate": 5.0, "postcode": "2210", "address": "1/109 vanessa Street", "distributor": "DELONGHI", "ppostcode": "2210", "pcityState": "Riverwood, NSW", "repPhone": "", "hasElectronicTrading": true, "isHOPreferred": true, "group": 1, "phone": "1800 126 659", "cityState": "NSW", "repName": "", "comments": "Delonghi Australia\r\nPh: 1800 126659\r\nFx:  1800 143555 \r\n\r\nNESPRESSO AFTER SALES SERVICE AND POD ORDERS RING 1800  623 033\r\n\r\nDelonghi Customer Service 1800 126659\r\nGoods Return 1800 123702\r\nFax 1800 143555\r\n\r\nPricing Coordinator nshabaz@delonghi.com.au", "rebate": 5.0, "email": "sales@delonghi.com.au", "store": 12, "isShared": true}, "model": "core.brand", "pk": 19}, {"fields": {"purchaser": "Impot Pty Ltd HO", "fax": "1800 807993", "GLN": "", "paddress": "", "brand": "VAX", "ABN": "", "suburb": "Rosehill", "actualRebate": 8.0, "postcode": "2142", "address": "3 Shirley Street", "distributor": "Techtronic Indus Aust. P/L", "ppostcode": "", "pcityState": "", "repPhone": "", "hasElectronicTrading": false, "isHOPreferred": true, "group": 1, "phone": "1300361505", "cityState": "NSW", "repName": "", "comments": "Customer Care\r\nPhone 1300 361505\r\n\r\nMIN ORDERS FOR FREE FREIGHT $200", "rebate": 8.0, "email": "orders@ttibrands.com.au", "store": 12, "isShared": true}, "model": "core.brand", "pk": 20}, {"fields": {"purchaser": "Impot Pty Ltd HO", "fax": "02 9700 1338", "GLN": "", "paddress": "Private Bag 2000", "brand": "KAMBROOK", "ABN": "", "suburb": "Botany", "actualRebate": 3.0, "postcode": "2019", "address": "Building 2, PortAir Industrial Estate, 1A Hale Street", "distributor": "BREVILLE GROUP LTD", "ppostcode": "1455", "pcityState": "Botany NSW", "repPhone": "", "hasElectronicTrading": false, "isHOPreferred": true, "group": 1, "phone": "1300 726941", "cityState": "NSW", "repName": "", "comments": "Returns Procedure\r\nPhone  1300 589616\r\nDetails Required\r\nStore Name, Address, Suburb & State \r\nContact Name & Number\r\nClaim Number\r\nNumber of Cartons & Total Weight\r\nAre the Goods ready for collection ?\r\n\r\nStartrack will then arrive for the specified pic", "rebate": 3.0, "email": "", "store": 12, "isShared": true}, "model": "core.brand", "pk": 21}, {"fields": {"purchaser": "Impot Pty Ltd HO", "fax": "1800 673326", "GLN": "", "paddress": "", "brand": "VOLTA", "ABN": "", "suburb": "Knoxfield", "actualRebate": 5.0, "postcode": "3180", "address": "13 Gilbert Park Drive", "distributor": "ELECTROLUX SMALL APPLIANCES", "ppostcode": "", "pcityState": "", "repPhone": "418653015", "hasElectronicTrading": false, "isHOPreferred": true, "group": 1, "phone": "1300 366366", "cityState": "VIC", "repName": "Pat Hansen", "comments": "Data Transferred from Teledex\r\nPhone 03 87567300\r\nFax 03 87567399\r\n\r\nMenalux min orders $105.00 or $7.95 freight.\r\nPat Hansen 0418 653 015  \r\nMatt Grant 0438 653 581 - FAX 3390 5542", "rebate": 5.0, "email": "info.aus@electrolux.com.au", "store": 12, "isShared": true}, "model": "core.brand", "pk": 22}, {"fields": {"purchaser": "Impot Pty Ltd HO", "fax": "1800 068551", "GLN": "", "paddress": "", "brand": "REMINGTON", "ABN": "", "suburb": "Chifley Business Park", "actualRebate": 9.0, "postcode": "3194", "address": "1 Chifley Drive", "distributor": "SPECTRUM BRANDS AUS", "ppostcode": "", "pcityState": "", "repPhone": "409029252", "hasElectronicTrading": false, "isHOPreferred": true, "group": 1, "phone": "1300 669 566", "cityState": "Mentone, VIC", "repName": "Glen Edwards", "comments": "Please note you are NOT required to call remington for RA\r\n\r\nGoods need to be returned to Remington via TOLL/IPEC\r\nAccount code WE6270\r\nToll Ipec Phone 1300 865547\r\nPlease ensure you mark the con note --- Road Express ---\r\n\r\nRemington Products\r\n1 Chifley", "rebate": 9.0, "email": "gedwards@spectrumbrands.com.au", "store": 12, "isShared": true}, "model": "core.brand", "pk": 23}, {"fields": {"purchaser": "Impot Pty Ltd HO", "fax": "296736900", "GLN": "", "paddress": "", "brand": "BRAUN", "ABN": "", "suburb": "ST MARYS", "actualRebate": 0.0, "postcode": "2760", "address": "22 BENT ST", "distributor": "MANN AND NOBLE", "ppostcode": "", "pcityState": "", "repPhone": "417014613", "hasElectronicTrading": false, "isHOPreferred": true, "group": 1, "phone": "288017666", "cityState": "NSW", "repName": "NATASHAMCINTOSH", "comments": "Kelly Kirby\r\nRetail Account Manager - QLD & Northern Rivers\r\nMob: 0409 423 635 Fax: 61 7 5594 9 267", "rebate": 0.0, "email": "info@mann-noble.com", "store": 12, "isShared": true}, "model": "core.brand", "pk": 24}, {"fields": {"purchaser": "Impot Pty Ltd HO", "fax": "1800 838 899", "GLN": "", "paddress": "", "brand": "OMEGA", "ABN": "", "suburb": "Botany", "actualRebate": 6.0, "postcode": "1455", "address": "P.O. Box 55", "distributor": "SHRIRO AUSTRALIA PTY LTD", "ppostcode": "", "pcityState": "", "repPhone": "400545026", "hasElectronicTrading": false, "isHOPreferred": true, "group": 1, "phone": "02 - 9384 5678", "cityState": "NSW", "repName": "Garry Single", "comments": "Garry Single:\r\ngarry.single@hagemeyer.com.au", "rebate": 6.0, "email": "garry.single@hagemeyer.com.au", "store": 12, "isShared": true}, "model": "core.brand", "pk": 25}, {"fields": {"purchaser": "Impot Pty Ltd HO", "fax": "1800 058 900", "GLN": "", "paddress": "", "brand": "DIMPLEX", "ABN": "", "suburb": "Mt Waverley", "actualRebate": 3.0, "postcode": "3149", "address": "unit 1  21 Lionel Road", "distributor": "GLEN DIMPLEX PTY LTD", "ppostcode": "", "pcityState": "", "repPhone": "", "hasElectronicTrading": false, "isHOPreferred": true, "group": 1, "phone": "1300 556 816", "cityState": "VIC", "repName": "", "comments": "Customer Care: PH: 1300 739 033\r\nCustomer Care: FAX: (02) 9370 8976\r\nQueensland\r\nDimplex Division\r\nHagemeyer Brands Australia Pty Ltd\r\n148 Robinson Road East\r\nGeebung, QLD 4034\r\n\r\nStephen Tang..0412 454 539\r\nORDERS EMAIL : lynettem@glendimplex.com.au", "rebate": 3.0, "email": "sales@glendimplex.com.au", "store": 12, "isShared": true}, "model": "core.brand", "pk": 26}, {"fields": {"purchaser": "Impot Pty Ltd HO", "fax": "1800 007289", "GLN": "9377778851136", "paddress": "", "brand": "KENWOOD", "ABN": "49104012857", "suburb": "Riverwood", "actualRebate": 5.0, "postcode": "2210", "address": "1/109 vanessa Street", "distributor": "DELONGHI", "ppostcode": "", "pcityState": "", "repPhone": "413018408", "hasElectronicTrading": true, "isHOPreferred": true, "group": 1, "phone": "1800 126659", "cityState": "NSW", "repName": "Ross Padgett", "comments": "", "rebate": 5.0, "email": "orders@delonghi.com.au", "store": 12, "isShared": true}, "model": "core.brand", "pk": 27}, {"fields": {"purchaser": "Impot Pty Ltd HO", "fax": "02 97001289", "GLN": "", "paddress": "Private Bag 2000", "brand": "PHILIPS DA", "ABN": "", "suburb": "Botany", "actualRebate": 3.0, "postcode": "2019", "address": "Building 2, PortAir Industrial Estate, 1A Hale Street", "distributor": "BREVILLE GROUP LTD", "ppostcode": "1455", "pcityState": "Botany NSW", "repPhone": "", "hasElectronicTrading": false, "isHOPreferred": true, "group": 1, "phone": "1300 726941", "cityState": "NSW", "repName": "", "comments": "Returns Procedure\r\nPhone  1300 589616\r\nDetails Required\r\nStore Name, Address, Suburb & State \r\nContact Name & Number\r\nClaim Number\r\nNumber of Cartons & Total Weight\r\nAre the Goods ready for collection ?\r\n\r\nStartrack will then arrive for the specified pic", "rebate": 3.0, "email": "", "store": 12, "isShared": true}, "model": "core.brand", "pk": 28}, {"fields": {"purchaser": "Impot Pty Ltd HO", "fax": "1800 068551", "GLN": "", "paddress": "POBOX 683", "brand": "RUSSELL HOBBS", "ABN": "76088126050", "suburb": "Braeside", "actualRebate": 9.0, "postcode": "3195", "address": "1st Floor, 151-155 Woodlands Drive", "distributor": "SPECTRUM BRANDS AUS", "ppostcode": "3195", "pcityState": "Mordialloc VIC", "repPhone": "", "hasElectronicTrading": false, "isHOPreferred": true, "group": 1, "phone": "1300 669566", "cityState": "Victoria", "repName": "GLEN EDWARDS", "comments": "", "rebate": 9.0, "email": "gedwards@spectrumbrands.com.au", "store": 12, "isShared": true}, "model": "core.brand", "pk": 29}, {"fields": {"purchaser": "Impot Pty Ltd HO", "fax": "03 88512230", "GLN": "", "paddress": "", "brand": "ASKO", "ABN": "", "suburb": "Moorabbin", "actualRebate": 0.0, "postcode": "3189", "address": "35 Sunmore Close", "distributor": "ASKO", "ppostcode": "", "pcityState": "", "repPhone": "0409 78998", "hasElectronicTrading": false, "isHOPreferred": true, "group": 1, "phone": "1300 002756", "cityState": "VIC", "repName": "", "comments": "Brisbane Office\r\n2/112 Fison Ave, Eagle Farm QLD 4009\r\nPhone 07 3623 2700 Fax 07 36232720\r\n\r\n35 Sunmore Close, Moorabbin VIC 3189\r\n\r\nUnit F3/ 3-9 Birnie Ave, Lidcombe, NSW 2141", "rebate": 0.0, "email": "sales@asko.com.au   or service@asko.com.au", "store": 12, "isShared": true}, "model": "core.brand", "pk": 30}, {"fields": {"purchaser": "Impot Pty Ltd HO", "fax": "1300 799071", "GLN": "", "paddress": "", "brand": "TEAC", "ABN": "", "suburb": "Thomastown", "actualRebate": 13.0, "postcode": "3043", "address": "75 Northgate Drive,", "distributor": "TEAC", "ppostcode": "", "pcityState": "", "repPhone": "418170101", "hasElectronicTrading": false, "isHOPreferred": true, "group": 1, "phone": "1300 769824", "cityState": "Victoria", "repName": "DANIEL RODRIGUES", "comments": "AWA Service & Support\r\n1300 553315\r\nteacparts@awa.com.au\r\n\r\nReturns\r\nPh 1300 799498\r\nFx 03 92802326\r\nreturns@tec.com.au", "rebate": 13.0, "email": "orders@teac.com.au", "store": 12, "isShared": true}, "model": "core.brand", "pk": 31}, {"fields": {"purchaser": "Impot Pty Ltd HO", "fax": "07 32687316", "GLN": "", "paddress": "P O BOX 276", "brand": "ROBINHOOD", "ABN": "", "suburb": "", "actualRebate": 0.0, "postcode": "", "address": "", "distributor": "TERRY HAYES", "ppostcode": "4108", "pcityState": "ARCHERFIELD", "repPhone": "409494944", "hasElectronicTrading": false, "isHOPreferred": true, "group": 1, "phone": "07 32687371", "cityState": "", "repName": "Shane Saliba", "comments": "Queensland                                Victoria contac: Tel 1800 648 556\r\nTerry Hayes Agencies                                           Fax 1800 628577\r\n                                                                                        contact:", "rebate": 0.0, "email": "", "store": 12, "isShared": true}, "model": "core.brand", "pk": 32}, {"fields": {"purchaser": "Impot Pty Ltd HO", "fax": "", "GLN": "", "paddress": "", "brand": "ANDI", "ABN": "", "suburb": "", "actualRebate": 4.0, "postcode": "", "address": "", "distributor": "Andi", "ppostcode": "", "pcityState": "", "repPhone": "", "hasElectronicTrading": false, "isHOPreferred": false, "group": 1, "phone": "", "cityState": "", "repName": "", "comments": "", "rebate": 4.0, "email": "", "store": 12, "isShared": true}, "model": "core.brand", "pk": 33}, {"fields": {"purchaser": "Impot Pty Ltd HO", "fax": "1300 304364", "GLN": "", "paddress": "", "brand": "AKAI", "ABN": "", "suburb": "Shepparton", "actualRebate": 6.0, "postcode": "3630", "address": "20 Callister St", "distributor": "AUDION INNOVISION", "ppostcode": "", "pcityState": "", "repPhone": "", "hasElectronicTrading": false, "isHOPreferred": true, "group": 1, "phone": "1300 300364", "cityState": "Vic", "repName": "", "comments": "", "rebate": 6.0, "email": "jeremy@audion-mm.com", "store": 12, "isShared": true}, "model": "core.brand", "pk": 34}, {"fields": {"purchaser": "Individual Account", "fax": "", "GLN": "", "paddress": "", "brand": "GENERAL ELECTRIC", "ABN": "", "suburb": "", "actualRebate": 0.0, "postcode": "", "address": "", "distributor": "General Electric", "ppostcode": "", "pcityState": "", "repPhone": "", "hasElectronicTrading": false, "isHOPreferred": false, "group": 1, "phone": "02 93709100", "cityState": "", "repName": "", "comments": "Shriro Australia", "rebate": 0.0, "email": "", "store": 12, "isShared": true}, "model": "core.brand", "pk": 35}, {"fields": {"purchaser": "Impot Pty Ltd HO", "fax": "1300 650 688", "GLN": "", "paddress": "", "brand": "CONVAIR", "ABN": "", "suburb": "Lonsdale", "actualRebate": 0.0, "postcode": "5160", "address": "112 OSullivan Beach Road", "distributor": "Seeley International", "ppostcode": "", "pcityState": "", "repPhone": "", "hasElectronicTrading": false, "isHOPreferred": true, "group": 1, "phone": "1300 650 141", "cityState": "SA", "repName": "", "comments": "VIC Rep - Adam King - 0416 222 067\r\nNSW Rep - Sonia McKay - 0416 222 052\r\nQLD Rep - Larry Johns - 0401 770308", "rebate": 0.0, "email": "siso@seeleyinternational.com.au", "store": 12, "isShared": true}, "model": "core.brand", "pk": 36}, {"fields": {"purchaser": "Impot Pty Ltd HO", "fax": "02 - 99862199", "GLN": "", "paddress": "P.O. Box 146", "brand": "CONAIR", "ABN": "", "suburb": "Belrose", "actualRebate": 0.0, "postcode": "2085", "address": "Unit 20-21 Ground Floor, 7 Narabang Way", "distributor": "CONAIR", "ppostcode": "2084", "pcityState": "Terrey Hills, NSW", "repPhone": "", "hasElectronicTrading": false, "isHOPreferred": true, "group": 1, "phone": "1800 650263", "cityState": "NSW", "repName": "", "comments": "Min Order $300\r\n\r\nPhone 02 - 99862211", "rebate": 0.0, "email": "", "store": 12, "isShared": true}, "model": "core.brand", "pk": 37}, {"fields": {"purchaser": "Impot Pty Ltd HO", "fax": "03 97040549", "GLN": "", "paddress": "P.O. Box 5227", "brand": "DGTEC", "ABN": "", "suburb": "Hallam", "actualRebate": 0.0, "postcode": "3803", "address": "P.O. Box 5227", "distributor": "HILLS", "ppostcode": "3803", "pcityState": "Hallam, Victoria", "repPhone": "", "hasElectronicTrading": false, "isHOPreferred": true, "group": 1, "phone": "1800 189941", "cityState": "Vicrtoria", "repName": "", "comments": "Phone 03 92382533\r\n0434327644 Tracey Capelli", "rebate": 0.0, "email": "", "store": 12, "isShared": true}, "model": "core.brand", "pk": 38}, {"fields": {"purchaser": "Impot Pty Ltd HO", "fax": "02 - 9313 7577", "GLN": "", "paddress": "", "brand": "PALSONIC", "ABN": "", "suburb": "Sydney", "actualRebate": 6.0, "postcode": "2001", "address": "GPO Box 5207", "distributor": "PALSONIC", "ppostcode": "", "pcityState": "", "repPhone": "", "hasElectronicTrading": false, "isHOPreferred": true, "group": 1, "phone": "02 - 9313 7111", "cityState": "NSW", "repName": "BiRite/Homelectrix Account Manager", "comments": "", "rebate": 6.0, "email": "sales@palsonic.com.au", "store": 12, "isShared": true}, "model": "core.brand", "pk": 39}, {"fields": {"purchaser": "Impot Pty Ltd HO", "fax": "", "GLN": "", "paddress": "", "brand": "NARTA", "ABN": "", "suburb": "", "actualRebate": 0.0, "postcode": "", "address": "", "distributor": "NARTA", "ppostcode": "", "pcityState": "", "repPhone": "", "hasElectronicTrading": false, "isHOPreferred": false, "group": 1, "phone": "1800 062782", "cityState": "", "repName": "", "comments": "This Brand is used for Extended Warranty \r\nmailto:adozzi@lumley.com.au\r\n\r\nWhen cancelling a sale, please submit the cancellation exactly the same way you submitted it. You can add it as a line in your sales file submission to us, and make the purchasepri", "rebate": 0.0, "email": "", "store": 12, "isShared": true}, "model": "core.brand", "pk": 40}, {"fields": {"purchaser": "Impot Pty Ltd HO", "fax": "1800 083325", "GLN": "", "paddress": "Reply Paid Returns, POBox 569", "brand": "TEFAL", "ABN": "", "suburb": "Homebush Bay", "actualRebate": 8.0, "postcode": "2127", "address": "Group SEB Aust Pty Ltd, 1/10 Hill Road", "distributor": "GROUPE SEB", "ppostcode": "2143", "pcityState": "Regents Park, NSW", "repPhone": "412960933", "hasElectronicTrading": false, "isHOPreferred": true, "group": 1, "phone": "1300 307824", "cityState": "NSW", "repName": "Lyn Watson", "comments": "1/10 Hill Road, Homebush Bay, NSW 2127\r\n\r\nCustomer Care  T; 1300 307 824    F; 1800 083 325\r\nPhone 02 97487944\r\nFax 02 97467922\r\nFax Credit /RAs to: (02) 9748 2265\r\nAfter Sales Service/ 02 9647 8568\r\n\r\nMin Order $400 ex GST", "rebate": 8.0, "email": "", "store": 12, "isShared": true}, "model": "core.brand", "pk": 41}, {"fields": {"purchaser": "Impot Pty Ltd HO", "fax": "1300 372653", "GLN": "", "paddress": "", "brand": "FRANKE", "ABN": "", "suburb": "Mt Waverley", "actualRebate": 0.0, "postcode": "3149", "address": "3/21 Lionel Road", "distributor": "PR Kitchen Systems", "ppostcode": "", "pcityState": "", "repPhone": "438881247", "hasElectronicTrading": false, "isHOPreferred": true, "group": 1, "phone": "1800 339451", "cityState": "Victoria", "repName": "Jason Sands", "comments": "Data Transferred from Teledex\r\n \r\nPhone 03 92378000\r\nFax 03 95455552\r\nChris Ring this Craig on 1800 339 451 Re JPEGS and product Info\r\nrichard.parkes@franke.com\r\nKerenina.Fischer@franke.com\r\nLee in spare parts - 03 9237 8000", "rebate": 0.0, "email": "frankesalesaustralia@franke.com", "store": 12, "isShared": true}, "model": "core.brand", "pk": 42}, {"fields": {"purchaser": "Impot Pty Ltd HO", "fax": "02 95214222", "GLN": "", "paddress": "", "brand": "WHARFEDALE", "ABN": "59130482914", "suburb": "Kirrawee", "actualRebate": 0.0, "postcode": "2232", "address": "30/398 The Boulevarde", "distributor": "Audio Visual Revolution", "ppostcode": "", "pcityState": "", "repPhone": "", "hasElectronicTrading": false, "isHOPreferred": true, "group": 1, "phone": "02 95214844", "cityState": "NSW", "repName": "", "comments": "Payments to\r\nName Audio Visual Revolution Pty LTd\r\nBank: National Australia\r\nBSB: 082-356\r\nAccount: 81-341-8877\r\nRemittance Fax 02 95214222\r\nemail: accounts@avrevolution.com.au", "rebate": 0.0, "email": "", "store": 12, "isShared": true}, "model": "core.brand", "pk": 43}, {"fields": {"purchaser": "Impot Pty Ltd HO", "fax": "02 - 9805 2368", "GLN": "", "paddress": "", "brand": "CANON", "ABN": "", "suburb": "North Ryde", "actualRebate": 0.0, "postcode": "1670", "address": "P.O. Box 313", "distributor": "CANON", "ppostcode": "", "pcityState": "", "repPhone": "32146081", "hasElectronicTrading": false, "isHOPreferred": true, "group": 1, "phone": "1800 812197", "cityState": "NSW", "repName": "KIM LEWIS", "comments": "Phone 07 39095000\r\nFax 07 39095010\r\n\r\nBi-Rite Account Managaer \r\nGarry Swalling (07) 3909 5021\r\n02 - 9805 2174", "rebate": 0.0, "email": "suleman_suzanne@canon.com.au", "store": 12, "isShared": true}, "model": "core.brand", "pk": 44}, {"fields": {"purchaser": "Impot Pty Ltd HO", "fax": "", "GLN": "", "paddress": "", "brand": "ASUS", "ABN": "", "suburb": "", "actualRebate": 0.0, "postcode": "", "address": "", "distributor": "INGRAM", "ppostcode": "", "pcityState": "", "repPhone": "", "hasElectronicTrading": false, "isHOPreferred": true, "group": 1, "phone": "", "cityState": "", "repName": "", "comments": "", "rebate": 0.0, "email": "", "store": 12, "isShared": true}, "model": "core.brand", "pk": 45}, {"fields": {"purchaser": "Individual Account", "fax": "1300306818", "GLN": "", "paddress": "POBOX 505", "brand": "BOSCH", "ABN": "", "suburb": "", "actualRebate": 0.0, "postcode": "3283", "address": "7-10 Arco Lane", "distributor": "BOSCH", "ppostcode": "3189", "pcityState": "MOORABBIN, VIC", "repPhone": "", "hasElectronicTrading": false, "isHOPreferred": false, "group": 1, "phone": "1300368339", "cityState": "Heatherton", "repName": "", "comments": "rex wallace 0400655469\r\nrex.wallace@bshg.com", "rebate": 0.0, "email": "", "store": 12, "isShared": true}, "model": "core.brand", "pk": 46}, {"fields": {"purchaser": "Individual Account", "fax": "395866400", "GLN": "", "paddress": "POBOX 295", "brand": "PIONEER", "ABN": "49 005 017 084", "suburb": "HEATHERTON", "actualRebate": 0.0, "postcode": "3202", "address": "5 Arco Lane", "distributor": "Pioneer", "ppostcode": "3195", "pcityState": "Mordialloc", "repPhone": "", "hasElectronicTrading": false, "isHOPreferred": false, "group": 1, "phone": "395866300", "cityState": "Victoria", "repName": "Paul Henderson", "comments": "NON PREFERRED SUPPLIER\r\nPhone 1800 338439\r\nFax 1800 060862\r\n\r\nMin Order $500 inc GST\r\nOrders less than $500 $20 Charge exempt if\r\na. Items not supplied due to back order\r\nb. Orders for Spare Parts\r\nc. Orders for Service Job", "rebate": 0.0, "email": "www.pioneer.com.au", "store": 12, "isShared": true}, "model": "core.brand", "pk": 47}, {"fields": {"purchaser": "Impot Pty Ltd HO", "fax": "02 98897988", "GLN": "", "paddress": "PO Box 1991", "brand": "OLYMPUS", "ABN": "", "suburb": "North Ryde", "actualRebate": 0.0, "postcode": "2113", "address": "Ground Floor, 82 Waterloo Road", "distributor": "Olympus Imaging Australia", "ppostcode": "2113", "pcityState": "Macquarie Centre NSW", "repPhone": "", "hasElectronicTrading": false, "isHOPreferred": true, "group": 1, "phone": "1300 659678", "cityState": "NSW", "repName": "", "comments": "Phone 02 98863992\r\nFax 02 98887538\r\nSales & Customer Service 1300 659678\r\n\r\nBanking Details\r\nWestpac bank Macquarie Centre\r\nBSB 032-289\r\nAccount 200172\r\nOlympus Imaging Australia Pty Ltd", "rebate": 0.0, "email": "", "store": 12, "isShared": true}, "model": "core.brand", "pk": 48}, {"fields": {"purchaser": "Impot Pty Ltd HO", "fax": "", "GLN": "", "paddress": "", "brand": "TDK", "ABN": "", "suburb": "", "actualRebate": 0.0, "postcode": "", "address": "", "distributor": "Imation", "ppostcode": "", "pcityState": "", "repPhone": "", "hasElectronicTrading": false, "isHOPreferred": true, "group": 1, "phone": "", "cityState": "", "repName": "", "comments": "", "rebate": 0.0, "email": "", "store": 12, "isShared": true}, "model": "core.brand", "pk": 49}, {"fields": {"purchaser": "Impot Pty Ltd HO", "fax": "02 9531 4390", "GLN": "", "paddress": "", "brand": "DYSON", "ABN": "", "suburb": "Taren Point", "actualRebate": 6.5, "postcode": "2229", "address": "8-10 Mangrove Land", "distributor": "DYSON", "ppostcode": "", "pcityState": "", "repPhone": "", "hasElectronicTrading": false, "isHOPreferred": true, "group": 1, "phone": "1800 239766", "cityState": "NSW", "repName": "", "comments": "Customer Care\r\n1800 239766\r\n\r\nDOA. 14 DAYS\r\nRA Required within 5 days\r\nRA Request 02 95400444\r\n\r\nDonna: 0402 441 000\r\nJames: 0401 444 556\r\nGray Hill: 0413 437 493\r\nGraham: 0418 735 766\r\nLorae Ladru 0427 578340", "rebate": 6.5, "email": "salesorders@dyson.com.au", "store": 12, "isShared": true}, "model": "core.brand", "pk": 50}, {"fields": {"purchaser": "Impot Pty Ltd HO", "fax": "1800 068551", "GLN": "", "paddress": "POBOX 683", "brand": "GEORGE FOREMAN", "ABN": "76088126050", "suburb": "Bradside", "actualRebate": 9.0, "postcode": "3195", "address": "1st Floor, 151-155 Woodlands Drive", "distributor": "SPECTRUM BRANDS AUS", "ppostcode": "3195", "pcityState": "Mordialloc VIC", "repPhone": "", "hasElectronicTrading": false, "isHOPreferred": true, "group": 1, "phone": "1300 669566", "cityState": "Victoria", "repName": "GLEN EDWARDS", "comments": "", "rebate": 9.0, "email": "gedwards@spectrumbrands.com.au", "store": 12, "isShared": true}, "model": "core.brand", "pk": 51}, {"fields": {"purchaser": "Impot Pty Ltd HO", "fax": "02-88792233", "GLN": "", "paddress": "", "brand": "JVC", "ABN": "", "suburb": "North Ride", "actualRebate": 0.0, "postcode": "2113", "address": "4 Talavera Rd", "distributor": "KENWOOD ELECTRONICS AUSTRALIA", "ppostcode": "", "pcityState": "", "repPhone": "", "hasElectronicTrading": false, "isHOPreferred": true, "group": 1, "phone": "02-88792222", "cityState": "NSW", "repName": "", "comments": "Local rep.. Trent Dixon\r\n0422275085", "rebate": 0.0, "email": "audiodept@kenwood.com.au", "store": 12, "isShared": true}, "model": "core.brand", "pk": 52}, {"fields": {"purchaser": "Impot Pty Ltd HO", "fax": "1800 068551", "GLN": "", "paddress": "Locked Bag 3004", "brand": "SALTON", "ABN": "76088126050", "suburb": "Mentone", "actualRebate": 0.0, "postcode": "3194", "address": "1 Chifley Drive", "distributor": "SPECTRUM BRANDS AUS", "ppostcode": "3195", "pcityState": "Braeside, Victoria", "repPhone": "", "hasElectronicTrading": false, "isHOPreferred": true, "group": 1, "phone": "1300 669566", "cityState": "Victoria", "repName": "", "comments": "Account Number 3541", "rebate": 0.0, "email": "", "store": 12, "isShared": true}, "model": "core.brand", "pk": 53}, {"fields": {"purchaser": "Impot Pty Ltd HO", "fax": "", "GLN": "", "paddress": "", "brand": "PRIMA", "ABN": "", "suburb": "", "actualRebate": 0.0, "postcode": "", "address": "", "distributor": "PRIMA", "ppostcode": "", "pcityState": "", "repPhone": "", "hasElectronicTrading": false, "isHOPreferred": true, "group": 1, "phone": "", "cityState": "", "repName": "", "comments": "", "rebate": 0.0, "email": "", "store": 12, "isShared": true}, "model": "core.brand", "pk": 54}, {"fields": {"purchaser": "Impot Pty Ltd HO", "fax": "1800 235563", "GLN": "", "paddress": "", "brand": "CELLNET", "ABN": "", "suburb": "Eagle Farm", "actualRebate": 0.0, "postcode": "4009", "address": "59-61 Qantas Drive", "distributor": "CELLNET", "ppostcode": "", "pcityState": "", "repPhone": "", "hasElectronicTrading": false, "isHOPreferred": false, "group": 1, "phone": "1300 235563", "cityState": "QLD", "repName": "", "comments": "", "rebate": 0.0, "email": "info@cellnet.com.au", "store": 12, "isShared": true}, "model": "core.brand", "pk": 55}, {"fields": {"purchaser": "Impot Pty Ltd HO", "fax": "02 9938 1975", "GLN": "", "paddress": "", "brand": "FUJIFILM", "ABN": "", "suburb": "", "actualRebate": 0.0, "postcode": "2100", "address": "114 Old Pittwater Road,", "distributor": "Fujifilm", "ppostcode": "", "pcityState": "", "repPhone": "419770519", "hasElectronicTrading": false, "isHOPreferred": true, "group": 1, "phone": "1800 226355", "cityState": "Brookfield", "repName": "Nick Martland", "comments": "Phone 02 9466 2600\r\nFax 02 99381975\r\n\r\nQld \r\nSales 1800 226355\r\nFax 07 33562456", "rebate": 0.0, "email": "orders@fujifilm.com.au", "store": 12, "isShared": true}, "model": "core.brand", "pk": 56}, {"fields": {"purchaser": "Impot Pty Ltd HO", "fax": "1800 069612", "GLN": "", "paddress": "POBOX 5658", "brand": "CREST ELECTRONICS", "ABN": "", "suburb": "Brendale BC", "actualRebate": 5.0, "postcode": "4500", "address": "165 Southpine Road", "distributor": "Crest Electronics", "ppostcode": "4500", "pcityState": "Brendale BC", "repPhone": "", "hasElectronicTrading": false, "isHOPreferred": true, "group": 1, "phone": "1800 773539", "cityState": "Brisbane", "repName": "", "comments": "Support Hotline 1800 812261\r\nPhone 07 38176900\r\nFax 07 38176911", "rebate": 5.0, "email": "orders@crest.com.au", "store": 12, "isShared": true}, "model": "core.brand", "pk": 57}, {"fields": {"purchaser": "Impot Pty Ltd HO", "fax": "1800 083325", "GLN": "", "paddress": "Reply Paid Returns, POBox 7535", "brand": "GROUPE SEB", "ABN": "", "suburb": "Homebush Bay", "actualRebate": 8.0, "postcode": "2127", "address": "Group SEB Aust Pty Ltd, Unit 1, 10 Hill Road", "distributor": "GROUPE SEB", "ppostcode": "2143", "pcityState": "Silverwater , NSW", "repPhone": "", "hasElectronicTrading": false, "isHOPreferred": true, "group": 1, "phone": "1300 307824", "cityState": "Sydney", "repName": "", "comments": "1/10 Hill Road, Homebush Bay, NSW 2127\r\n\r\nCustomer Care  T; 1300 307 824    F; 1800 083 325\r\nPhone 02 97487944\r\nFax 02 97467922\r\nFax Credit /RAs to: (02) 9748 2265\r\nAfter Sales Service/ 02 9647 8568", "rebate": 8.0, "email": "", "store": 12, "isShared": true}, "model": "core.brand", "pk": 58}, {"fields": {"purchaser": "Impot Pty Ltd HO", "fax": "03 92372555", "GLN": "", "paddress": "", "brand": "BISSELL", "ABN": "", "suburb": "Scoresby", "actualRebate": 7.5, "postcode": "3179", "address": "42 Rocco Drive", "distributor": "BISSELL AUSTRALIA PTY LTD", "ppostcode": "", "pcityState": "", "repPhone": "", "hasElectronicTrading": false, "isHOPreferred": true, "group": 1, "phone": "03 92372500", "cityState": "VIC", "repName": "", "comments": "Customer Service\r\n1800 811183\r\n australiacustomerservice@bissell.com", "rebate": 7.5, "email": "www.bissell.com.au", "store": 12, "isShared": true}, "model": "core.brand", "pk": 59}, {"fields": {"purchaser": "Impot Pty Ltd HO", "fax": "", "GLN": "", "paddress": "", "brand": "SAECO", "ABN": "", "suburb": "", "actualRebate": 5.0, "postcode": "4053", "address": "36 Webster Road", "distributor": "SAECO AUSTRALIA PTY LTD", "ppostcode": "", "pcityState": "", "repPhone": "", "hasElectronicTrading": false, "isHOPreferred": true, "group": 1, "phone": "(03) 9462 4949", "cityState": "Stafford", "repName": "", "comments": "QLD Office 3513 2333", "rebate": 5.0, "email": "", "store": 12, "isShared": true}, "model": "core.brand", "pk": 60}, {"fields": {"purchaser": "Impot Pty Ltd HO", "fax": "", "GLN": "", "paddress": "", "brand": "AIE", "ABN": "", "suburb": "", "actualRebate": 0.0, "postcode": "", "address": "", "distributor": "Aie", "ppostcode": "", "pcityState": "", "repPhone": "", "hasElectronicTrading": false, "isHOPreferred": false, "group": 1, "phone": "", "cityState": "", "repName": "", "comments": "", "rebate": 0.0, "email": "", "store": 12, "isShared": true}, "model": "core.brand", "pk": 61}, {"fields": {"purchaser": "Impot Pty Ltd HO", "fax": "296665529", "GLN": "", "paddress": "", "brand": "SMEG", "ABN": "", "suburb": "NSW", "actualRebate": 0.0, "postcode": "1455", "address": "P.O.BOX 55", "distributor": "SMEG AUSTRALIA", "ppostcode": "", "pcityState": "", "repPhone": "", "hasElectronicTrading": false, "isHOPreferred": true, "group": 1, "phone": "293845678", "cityState": "BOTANY", "repName": "", "comments": "Bribane Fax 0732667511\r\n             Phone 07 32660444", "rebate": 0.0, "email": "", "store": 12, "isShared": true}, "model": "core.brand", "pk": 62}, {"fields": {"purchaser": "Individual Account", "fax": "", "GLN": "", "paddress": "", "brand": "HISENSE", "ABN": "", "suburb": "", "actualRebate": 0.0, "postcode": "", "address": "", "distributor": "Hisense", "ppostcode": "", "pcityState": "", "repPhone": "", "hasElectronicTrading": false, "isHOPreferred": false, "group": 1, "phone": "96444100", "cityState": "", "repName": "0407 234 123 Kieth Windsor", "comments": "Teledex Data\r\nTania Garonzi.....Australian Sales Manager\r\n\r\nKeith Windsor.....State Sales manager\r\n\r\nscott......RA`sUnit 4 / 435 Williamstown  Road\r\nPort Melbourne, Vic,  3207  \r\n\r\nFax Number.....9644 4155\r\nFAX ORDERS TO 96444150", "rebate": 0.0, "email": "keith@hisense.com.au", "store": 12, "isShared": true}, "model": "core.brand", "pk": 63}, {"fields": {"purchaser": "Impot Pty Ltd HO", "fax": "", "GLN": "", "paddress": "", "brand": "GRUNDIG", "ABN": "", "suburb": "", "actualRebate": 10.0, "postcode": "", "address": "", "distributor": "BUSH AUSTRALIA", "ppostcode": "", "pcityState": "", "repPhone": "", "hasElectronicTrading": false, "isHOPreferred": true, "group": 1, "phone": "", "cityState": "", "repName": "", "comments": "", "rebate": 10.0, "email": "", "store": 12, "isShared": true}, "model": "core.brand", "pk": 64}, {"fields": {"purchaser": "Impot Pty Ltd HO", "fax": "02 9599 4018", "GLN": "", "paddress": "", "brand": "UNIDEN", "ABN": "", "suburb": "", "actualRebate": 0.0, "postcode": "2216", "address": "345 Princes Hwy", "distributor": "UNIDEN", "ppostcode": "", "pcityState": "", "repPhone": "", "hasElectronicTrading": false, "isHOPreferred": true, "group": 1, "phone": "02 95993355", "cityState": "ROCKDALE, NSW", "repName": "", "comments": "SALES ENQUIRIES 1300 366 895 \r\nsales@uniden.com.au\r\nSERVICE ENQUIRIES EMAIL www.uniden.com.au", "rebate": 0.0, "email": "sales@uniden.com.au", "store": 12, "isShared": true}, "model": "core.brand", "pk": 65}, {"fields": {"purchaser": "Impot Pty Ltd HO", "fax": "03 8541 4699", "GLN": "", "paddress": "797 SPRINGVALE ROAD", "brand": "TCL", "ABN": "", "suburb": "", "actualRebate": 6.0, "postcode": "", "address": "", "distributor": "TCL", "ppostcode": "3170", "pcityState": "MULGRAVE,  Victoria", "repPhone": "402802222", "hasElectronicTrading": false, "isHOPreferred": true, "group": 1, "phone": "03 8541 4666", "cityState": "", "repName": "STEVE GREW", "comments": "", "rebate": 6.0, "email": "sales.au@tcl.com", "store": 12, "isShared": true}, "model": "core.brand", "pk": 66}, {"fields": {"purchaser": "Impot Pty Ltd HO", "fax": "1800 650066", "GLN": "", "paddress": "", "brand": "BRIGHTPOINT", "ABN": "32075244870", "suburb": "Belrose", "actualRebate": 0.0, "postcode": "2085", "address": "2 Mina Close", "distributor": "Brightpoint", "ppostcode": "", "pcityState": "", "repPhone": "", "hasElectronicTrading": false, "isHOPreferred": true, "group": 1, "phone": "1800 807807", "cityState": "NSW", "repName": "", "comments": "Phone 02 94851111\r\nFree Freight for orders over $250 and Handsets over $1000\r\nWhat we sell Wireless handsets, smart phones and converged devices, GPS and accessories, broadband, VoIP (Voice over Internet Protocol) products, memory, original and aftermark", "rebate": 0.0, "email": "sales@brightpoint.com.au", "store": 12, "isShared": true}, "model": "core.brand", "pk": 67}, {"fields": {"purchaser": "Impot Pty Ltd HO", "fax": "", "GLN": "", "paddress": "", "brand": "ST GEORGE", "ABN": "", "suburb": "", "actualRebate": 4.0, "postcode": "", "address": "", "distributor": "St George", "ppostcode": "", "pcityState": "", "repPhone": "", "hasElectronicTrading": false, "isHOPreferred": false, "group": 1, "phone": "", "cityState": "", "repName": "", "comments": "", "rebate": 4.0, "email": "", "store": 12, "isShared": true}, "model": "core.brand", "pk": 68}, {"fields": {"purchaser": "Individual Account", "fax": "", "GLN": "", "paddress": "", "brand": "MIDEA", "ABN": "", "suburb": "", "actualRebate": 0.0, "postcode": "2137", "address": "25 pavesi st", "distributor": "MIDEA", "ppostcode": "", "pcityState": "", "repPhone": "", "hasElectronicTrading": false, "isHOPreferred": false, "group": 1, "phone": "", "cityState": "sydney", "repName": "", "comments": "", "rebate": 0.0, "email": "", "store": 12, "isShared": true}, "model": "core.brand", "pk": 69}, {"fields": {"purchaser": "Impot Pty Ltd HO", "fax": "03 85512230", "GLN": "", "paddress": "", "brand": "MORPHY RICHARDS", "ABN": "", "suburb": "Moorabbin", "actualRebate": 10.0, "postcode": "3189", "address": "35 Sunmore Close", "distributor": "ASKO", "ppostcode": "", "pcityState": "", "repPhone": "", "hasElectronicTrading": false, "isHOPreferred": true, "group": 1, "phone": "1300 002756", "cityState": "VIC", "repName": "", "comments": "Brisbane Office\r\n2/112 Fison Ave, Eagle Farm QLD 4009\r\nPhone 07 3623 2700 Fax 07 36232720\r\n\r\n35 Sunmore Close, Moorabbin VIC 3189\r\n\r\nUnit F3/ 3-9 Birnie Ave, Lidcombe, NSW 2141", "rebate": 10.0, "email": "", "store": 12, "isShared": true}, "model": "core.brand", "pk": 70}, {"fields": {"purchaser": "Individual Account", "fax": "", "GLN": "", "paddress": "", "brand": "HIGHLAND", "ABN": "", "suburb": "Scoresby", "actualRebate": 0.0, "postcode": "3179", "address": "1263 Ferntree Gully Road", "distributor": "PR KITCHEN SYSTEMS", "ppostcode": "", "pcityState": "", "repPhone": "", "hasElectronicTrading": false, "isHOPreferred": false, "group": 1, "phone": "", "cityState": "VIC", "repName": "Jason Sands", "comments": "Phone 02 48694444", "rebate": 0.0, "email": "www.prks.com.au", "store": 12, "isShared": true}, "model": "core.brand", "pk": 71}, {"fields": {"purchaser": "Impot Pty Ltd HO", "fax": "", "GLN": "", "paddress": "", "brand": "INCA", "ABN": "", "suburb": "", "actualRebate": 0.0, "postcode": "", "address": "", "distributor": "INCA", "ppostcode": "", "pcityState": "", "repPhone": "", "hasElectronicTrading": false, "isHOPreferred": false, "group": 1, "phone": "", "cityState": "", "repName": "", "comments": "", "rebate": 0.0, "email": "", "store": 12, "isShared": true}, "model": "core.brand", "pk": 72}, {"fields": {"purchaser": "Impot Pty Ltd HO", "fax": "", "GLN": "", "paddress": "", "brand": "ELECTRO", "ABN": "", "suburb": "", "actualRebate": 0.0, "postcode": "", "address": "", "distributor": "Beacon Import Export Pty Ltd", "ppostcode": "", "pcityState": "", "repPhone": "", "hasElectronicTrading": false, "isHOPreferred": false, "group": 1, "phone": "", "cityState": "", "repName": "", "comments": "", "rebate": 0.0, "email": "", "store": 12, "isShared": true}, "model": "core.brand", "pk": 73}, {"fields": {"purchaser": "Impot Pty Ltd HO", "fax": "1800838899", "GLN": "", "paddress": "", "brand": "BLANCO", "ABN": "", "suburb": "", "actualRebate": 0.0, "postcode": "2208", "address": "104 Vanessa st Kingsgrove", "distributor": "SHRIRO AUSTRALIA PTY LTD", "ppostcode": "", "pcityState": "", "repPhone": "", "hasElectronicTrading": false, "isHOPreferred": true, "group": 1, "phone": "02 95032888", "cityState": "NSW", "repName": "", "comments": "", "rebate": 0.0, "email": "internalsales@meaappliances.com.au", "store": 12, "isShared": true}, "model": "core.brand", "pk": 74}, {"fields": {"purchaser": "Individual Account", "fax": "409595359", "GLN": "", "paddress": "PRIVATE BAG 5", "brand": "MIELE", "ABN": "", "suburb": "FRENCHS FOREST", "actualRebate": 0.0, "postcode": "2086", "address": "3 SKYLINE PLACE", "distributor": "MIELE", "ppostcode": "2086", "pcityState": "NSW", "repPhone": "", "hasElectronicTrading": false, "isHOPreferred": false, "group": 1, "phone": "89774230", "cityState": "NSW", "repName": "", "comments": "", "rebate": 0.0, "email": "", "store": 12, "isShared": true}, "model": "core.brand", "pk": 75}, {"fields": {"purchaser": "Impot Pty Ltd HO", "fax": "", "GLN": "", "paddress": "", "brand": "GHT", "ABN": "", "suburb": "", "actualRebate": 0.0, "postcode": "", "address": "", "distributor": "C R Kennedy", "ppostcode": "", "pcityState": "", "repPhone": "", "hasElectronicTrading": false, "isHOPreferred": false, "group": 1, "phone": "", "cityState": "", "repName": "", "comments": "", "rebate": 0.0, "email": "", "store": 12, "isShared": true}, "model": "core.brand", "pk": 76}, {"fields": {"purchaser": "Impot Pty Ltd HO", "fax": "297658185", "GLN": "", "paddress": "", "brand": "TECO", "ABN": "", "suburb": "", "actualRebate": 4.0, "postcode": "2164", "address": "335-337 Woodpark Road,", "distributor": "TECO", "ppostcode": "", "pcityState": "", "repPhone": "419498011", "hasElectronicTrading": false, "isHOPreferred": true, "group": 1, "phone": "297658118", "cityState": "SMITHFIELD, NSW", "repName": "DAVE GRAY", "comments": "Brisbane Office\r\n50 Murdoch Circuit,\r\nAcacia Ridge 4110\r\nPh: 07 33739600\r\nFx: 07 33739699\r\n\r\nOrders sales@teco.com.au\r\nQld orderes   hadsales.qld@teco.com.au", "rebate": 4.0, "email": "sales@teco.com.au", "store": 12, "isShared": true}, "model": "core.brand", "pk": 77}, {"fields": {"purchaser": "Impot Pty Ltd HO", "fax": "03 94635112", "GLN": "", "paddress": "", "brand": "THINK APPLIANCES", "ABN": "", "suburb": "Victoria", "actualRebate": 0.0, "postcode": "3074", "address": "65 Northgate Drive", "distributor": "THINK APPLIANCES", "ppostcode": "", "pcityState": "", "repPhone": "", "hasElectronicTrading": false, "isHOPreferred": true, "group": 1, "phone": "03 94635111", "cityState": "Thomastown", "repName": "", "comments": "", "rebate": 0.0, "email": "Sales@thinkappliances.com", "store": 12, "isShared": true}, "model": "core.brand", "pk": 78}, {"fields": {"purchaser": "Individual Account", "fax": "(02)98980484", "GLN": "", "paddress": "", "brand": "MITSUBISHI", "ABN": "", "suburb": "", "actualRebate": 0.0, "postcode": "", "address": "", "distributor": "A Brighter Image", "ppostcode": "", "pcityState": "", "repPhone": "", "hasElectronicTrading": false, "isHOPreferred": false, "group": 1, "phone": "(02)96847777", "cityState": "", "repName": "", "comments": "", "rebate": 0.0, "email": "", "store": 12, "isShared": true}, "model": "core.brand", "pk": 79}, {"fields": {"purchaser": "Impot Pty Ltd HO", "fax": "1300650232", "GLN": "9377778038100", "paddress": "P.O. Box 159", "brand": "HAIER", "ABN": "", "suburb": "Silverwater", "actualRebate": 6.0, "postcode": "2128", "address": "Unit 6/108-120 Silverwater Road", "distributor": "FISHER & PAYKEL AUSTRALIA P/L", "ppostcode": "1701", "pcityState": "Rydalmere, NSW", "repPhone": "409746536", "hasElectronicTrading": true, "isHOPreferred": true, "group": 1, "phone": "1300 729 948", "cityState": "NSW", "repName": "Cameron Provan", "comments": "QLD: Strategic Sales & Marketing\r\nCameron Provan ph : 0409 746 536  Fax : 073843 5679\r\ne-mail : cameron@strategicsales.net.au\r\n \r\nN.S.W: \r\nChristine Leveille ph : 0438 638 850  Fax : 1300 729 918\r\ne-mail : christine.leveille@haier.com.au\r\n \r\nVIC: Haier A", "rebate": 6.0, "email": "sales.haier@fp.com.au", "store": 12, "isShared": true}, "model": "core.brand", "pk": 80}, {"fields": {"purchaser": "Individual Account", "fax": "9645 4366", "GLN": "", "paddress": "PORT MELBOURNE", "brand": "AEG", "ABN": "82 066 271 083", "suburb": "", "actualRebate": 0.0, "postcode": "3207", "address": "UNIT 4, 8 ROCKLEA DRIVE", "distributor": "STIEBEL ELTRON", "ppostcode": "", "pcityState": "", "repPhone": "", "hasElectronicTrading": false, "isHOPreferred": false, "group": 1, "phone": "9645 1833", "cityState": "", "repName": "", "comments": "", "rebate": 0.0, "email": "", "store": 12, "isShared": true}, "model": "core.brand", "pk": 81}, {"fields": {"purchaser": "Impot Pty Ltd HO", "fax": "02 8748 5270", "GLN": "", "paddress": "3-29 Birnie Ave", "brand": "NIKON", "ABN": "", "suburb": "Lidcombe", "actualRebate": 0.0, "postcode": "2141", "address": "Unit F1, Lidcombe Business Park", "distributor": "NIKON AUSTRALIA PTY LTD", "ppostcode": "", "pcityState": "", "repPhone": "", "hasElectronicTrading": false, "isHOPreferred": true, "group": 1, "phone": "1300366499", "cityState": "Sydney, NSW", "repName": "", "comments": "http://www.mynikonlife.com.au\r\n\r\nhttp://twitter.com/mynikonlife", "rebate": 0.0, "email": "", "store": 12, "isShared": true}, "model": "core.brand", "pk": 82}, {"fields": {"purchaser": "Individual Account", "fax": "", "GLN": "", "paddress": "", "brand": "MUSICWAY", "ABN": "", "suburb": "", "actualRebate": 0.0, "postcode": "", "address": "", "distributor": "MUSICWAY", "ppostcode": "", "pcityState": "", "repPhone": "", "hasElectronicTrading": false, "isHOPreferred": false, "group": 1, "phone": "", "cityState": "", "repName": "", "comments": "", "rebate": 0.0, "email": "", "store": 12, "isShared": true}, "model": "core.brand", "pk": 83}, {"fields": {"purchaser": "Impot Pty Ltd HO", "fax": "", "GLN": "", "paddress": "", "brand": "SYNNEX", "ABN": "0", "suburb": "", "actualRebate": 0.0, "postcode": "", "address": "", "distributor": "SYNNEX AUSTRALIA", "ppostcode": "", "pcityState": "", "repPhone": "", "hasElectronicTrading": false, "isHOPreferred": true, "group": 1, "phone": "1300880958", "cityState": "", "repName": "nrteam@synnex.com.au", "comments": "", "rebate": 0.0, "email": "nrteam@synnex.com.au", "store": 12, "isShared": true}, "model": "core.brand", "pk": 84}, {"fields": {"purchaser": "Impot Pty Ltd HO", "fax": "641254518", "GLN": "", "paddress": "", "brand": "NAVMAN", "ABN": "", "suburb": "", "actualRebate": 0.0, "postcode": "2451", "address": "634 werewew rd", "distributor": "NAVMAN", "ppostcode": "", "pcityState": "", "repPhone": "", "hasElectronicTrading": false, "isHOPreferred": false, "group": 1, "phone": "154565454", "cityState": "nsa", "repName": "", "comments": "", "rebate": 0.0, "email": "55468654@uwish", "store": 12, "isShared": true}, "model": "core.brand", "pk": 85}, {"fields": {"purchaser": "Impot Pty Ltd HO", "fax": "", "GLN": "", "paddress": "", "brand": "BUFFALO", "ABN": "", "suburb": "", "actualRebate": 0.0, "postcode": "", "address": "", "distributor": "UNIDEN", "ppostcode": "", "pcityState": "", "repPhone": "", "hasElectronicTrading": false, "isHOPreferred": true, "group": 1, "phone": "", "cityState": "", "repName": "", "comments": "", "rebate": 0.0, "email": "", "store": 12, "isShared": true}, "model": "core.brand", "pk": 86}, {"fields": {"purchaser": "Impot Pty Ltd HO", "fax": "", "GLN": "", "paddress": "", "brand": "BELLING", "ABN": "", "suburb": "", "actualRebate": 0.0, "postcode": "", "address": "", "distributor": "GLEN DIMPLEX PTY LTD", "ppostcode": "", "pcityState": "", "repPhone": "", "hasElectronicTrading": false, "isHOPreferred": true, "group": 1, "phone": "", "cityState": "", "repName": "", "comments": "", "rebate": 0.0, "email": "", "store": 12, "isShared": true}, "model": "core.brand", "pk": 87}, {"fields": {"purchaser": "Individual Account", "fax": "", "GLN": "", "paddress": "", "brand": "ACC", "ABN": "", "suburb": "", "actualRebate": 0.0, "postcode": "", "address": "", "distributor": "ACC", "ppostcode": "", "pcityState": "", "repPhone": "", "hasElectronicTrading": false, "isHOPreferred": false, "group": 1, "phone": "", "cityState": "", "repName": "", "comments": "", "rebate": 0.0, "email": "", "store": 12, "isShared": true}, "model": "core.brand", "pk": 88}, {"fields": {"purchaser": "Individual Account", "fax": "", "GLN": "", "paddress": "", "brand": "ACER", "ABN": "", "suburb": "", "actualRebate": 0.0, "postcode": "", "address": "", "distributor": "ACER", "ppostcode": "", "pcityState": "", "repPhone": "", "hasElectronicTrading": false, "isHOPreferred": false, "group": 1, "phone": "", "cityState": "", "repName": "", "comments": "", "rebate": 0.0, "email": "", "store": 12, "isShared": true}, "model": "core.brand", "pk": 89}, {"fields": {"purchaser": "Individual Account", "fax": "", "GLN": "", "paddress": "", "brand": "APPLE", "ABN": "", "suburb": "", "actualRebate": 0.0, "postcode": "", "address": "", "distributor": "APPLE", "ppostcode": "", "pcityState": "", "repPhone": "", "hasElectronicTrading": false, "isHOPreferred": false, "group": 1, "phone": "", "cityState": "", "repName": "", "comments": "", "rebate": 0.0, "email": "", "store": 12, "isShared": true}, "model": "core.brand", "pk": 90}, {"fields": {"purchaser": "Individual Account", "fax": "", "GLN": "", "paddress": "", "brand": "BELKIN", "ABN": "", "suburb": "", "actualRebate": 0.0, "postcode": "", "address": "", "distributor": "BELKIN", "ppostcode": "", "pcityState": "", "repPhone": "", "hasElectronicTrading": false, "isHOPreferred": false, "group": 1, "phone": "", "cityState": "", "repName": "", "comments": "", "rebate": 0.0, "email": "", "store": 12, "isShared": true}, "model": "core.brand", "pk": 91}, {"fields": {"purchaser": "Individual Account", "fax": "", "GLN": "", "paddress": "", "brand": "COMPAQ", "ABN": "", "suburb": "", "actualRebate": 0.0, "postcode": "", "address": "", "distributor": "COMPAQ", "ppostcode": "", "pcityState": "", "repPhone": "", "hasElectronicTrading": false, "isHOPreferred": false, "group": 1, "phone": "", "cityState": "", "repName": "", "comments": "", "rebate": 0.0, "email": "", "store": 12, "isShared": true}, "model": "core.brand", "pk": 92}, {"fields": {"purchaser": "Impot Pty Ltd HO", "fax": "", "GLN": "", "paddress": "", "brand": "ELECTROLUX", "ABN": "", "suburb": "", "actualRebate": 5.0, "postcode": "", "address": "", "distributor": "ELECTROLUX SMALL APPLIANCES", "ppostcode": "", "pcityState": "", "repPhone": "", "hasElectronicTrading": false, "isHOPreferred": true, "group": 1, "phone": "", "cityState": "", "repName": "", "comments": "", "rebate": 5.0, "email": "", "store": 12, "isShared": true}, "model": "core.brand", "pk": 93}, {"fields": {"purchaser": "Individual Account", "fax": "", "GLN": "", "paddress": "", "brand": "FUJI", "ABN": "", "suburb": "", "actualRebate": 0.0, "postcode": "", "address": "", "distributor": "FUJI", "ppostcode": "", "pcityState": "", "repPhone": "", "hasElectronicTrading": false, "isHOPreferred": false, "group": 1, "phone": "", "cityState": "", "repName": "", "comments": "", "rebate": 0.0, "email": "", "store": 12, "isShared": true}, "model": "core.brand", "pk": 94}, {"fields": {"purchaser": "Impot Pty Ltd HO", "fax": "", "GLN": "", "paddress": "", "brand": "PHILIPS", "ABN": "", "suburb": "", "actualRebate": 5.0, "postcode": "", "address": "", "distributor": "SAECO AUSTRALIA PTY LTD", "ppostcode": "", "pcityState": "", "repPhone": "", "hasElectronicTrading": false, "isHOPreferred": true, "group": 1, "phone": "", "cityState": "", "repName": "", "comments": "", "rebate": 5.0, "email": "", "store": 12, "isShared": true}, "model": "core.brand", "pk": 95}, {"fields": {"purchaser": "Individual Account", "fax": "", "GLN": "", "paddress": "", "brand": "SANDISK", "ABN": "", "suburb": "", "actualRebate": 0.0, "postcode": "", "address": "", "distributor": "SANDISK", "ppostcode": "", "pcityState": "", "repPhone": "", "hasElectronicTrading": false, "isHOPreferred": false, "group": 1, "phone": "", "cityState": "", "repName": "", "comments": "", "rebate": 0.0, "email": "", "store": 12, "isShared": true}, "model": "core.brand", "pk": 96}, {"fields": {"purchaser": "Individual Account", "fax": "", "GLN": "", "paddress": "", "brand": "TOSHIBA", "ABN": "", "suburb": "", "actualRebate": 0.0, "postcode": "", "address": "", "distributor": "TOSHIBA", "ppostcode": "", "pcityState": "", "repPhone": "", "hasElectronicTrading": false, "isHOPreferred": false, "group": 1, "phone": "", "cityState": "", "repName": "", "comments": "", "rebate": 0.0, "email": "", "store": 12, "isShared": true}, "model": "core.brand", "pk": 97}, {"fields": {"purchaser": "Impot Pty Ltd HO", "fax": "07-55493546", "GLN": "BEKO", "paddress": "POBOX 354", "brand": "BEKO", "ABN": "", "suburb": "ORMEAU", "actualRebate": 8.0, "postcode": "4208", "address": "55 BLANCK STREET", "distributor": "BEKO", "ppostcode": "4208", "pcityState": "ORMEAU, QLD", "repPhone": "459606153", "hasElectronicTrading": false, "isHOPreferred": true, "group": 1, "phone": "07-55493146", "cityState": "ORMEAU, QLD", "repName": "MARK DEO", "comments": "www.beko.com.au\r\nCustomer Service 1300 282356", "rebate": 8.0, "email": "sales.au@beko.com", "store": 12, "isShared": true}, "model": "core.brand", "pk": 98}, {"fields": {"purchaser": "Individual Account", "fax": "", "GLN": "", "paddress": "", "brand": "CREST", "ABN": "", "suburb": "", "actualRebate": 0.0, "postcode": "", "address": "", "distributor": "CREST", "ppostcode": "", "pcityState": "", "repPhone": "", "hasElectronicTrading": false, "isHOPreferred": false, "group": 1, "phone": "", "cityState": "", "repName": "", "comments": "", "rebate": 0.0, "email": "", "store": 12, "isShared": true}, "model": "core.brand", "pk": 99}, {"fields": {"purchaser": "Individual Account", "fax": "", "GLN": "", "paddress": "", "brand": "CR KENNEDY", "ABN": "", "suburb": "", "actualRebate": 0.0, "postcode": "", "address": "", "distributor": "CR KENNEDY", "ppostcode": "", "pcityState": "", "repPhone": "", "hasElectronicTrading": false, "isHOPreferred": false, "group": 1, "phone": "", "cityState": "", "repName": "", "comments": "", "rebate": 0.0, "email": "", "store": 12, "isShared": true}, "model": "core.brand", "pk": 100}, {"fields": {"purchaser": "Individual Account", "fax": "", "GLN": "", "paddress": "", "brand": "HEWLETT PACKARD", "ABN": "", "suburb": "", "actualRebate": 0.0, "postcode": "", "address": "", "distributor": "HEWLETT PACKARD", "ppostcode": "", "pcityState": "", "repPhone": "", "hasElectronicTrading": false, "isHOPreferred": false, "group": 1, "phone": "", "cityState": "", "repName": "", "comments": "", "rebate": 0.0, "email": "", "store": 12, "isShared": true}, "model": "core.brand", "pk": 101}, {"fields": {"purchaser": "Individual Account", "fax": "", "GLN": "", "paddress": "", "brand": "VINTEC", "ABN": "", "suburb": "", "actualRebate": 0.0, "postcode": "", "address": "", "distributor": "VINTEC", "ppostcode": "", "pcityState": "", "repPhone": "", "hasElectronicTrading": false, "isHOPreferred": false, "group": 1, "phone": "", "cityState": "", "repName": "", "comments": "", "rebate": 0.0, "email": "", "store": 12, "isShared": true}, "model": "core.brand", "pk": 102}, {"fields": {"purchaser": "Individual Account", "fax": "", "GLN": "", "paddress": "", "brand": "LIEBHERR", "ABN": "", "suburb": "1 Stamford Road", "actualRebate": 0.0, "postcode": "3166", "address": "Liebherr", "distributor": "CUMMINGS OWN BRAND", "ppostcode": "", "pcityState": "", "repPhone": "", "hasElectronicTrading": false, "isHOPreferred": false, "group": 1, "phone": "1800685899", "cityState": "Oakleigh", "repName": "", "comments": "Michael Ryan 0423-611-535\r\nmichael.r@premiumapp.com.au\r\nwww.premiumapp.com.au", "rebate": 0.0, "email": "", "store": 12, "isShared": true}, "model": "core.brand", "pk": 103}, {"fields": {"purchaser": "Individual Account", "fax": "733970850", "GLN": "", "paddress": "", "brand": "ILVE", "ABN": "", "suburb": "Coorparoo", "actualRebate": 0.0, "postcode": "4151", "address": "1/42 Cavendish Road", "distributor": "ILVE", "ppostcode": "", "pcityState": "", "repPhone": "", "hasElectronicTrading": false, "isHOPreferred": false, "group": 1, "phone": "733970900", "cityState": "QLD", "repName": "", "comments": "Damien Smit 0423-298-947\r\nService 1300-856-411", "rebate": 0.0, "email": "", "store": 12, "isShared": true}, "model": "core.brand", "pk": 104}, {"fields": {"purchaser": "Individual Account", "fax": "296514299", "GLN": "", "paddress": "", "brand": "LUX", "ABN": "", "suburb": "CASTLE HILL", "actualRebate": 0.0, "postcode": "", "address": "New Line Road", "distributor": "GOLDEN WARP", "ppostcode": "", "pcityState": "", "repPhone": "", "hasElectronicTrading": false, "isHOPreferred": false, "group": 1, "phone": "296514277", "cityState": "SYDNEY", "repName": "", "comments": "", "rebate": 0.0, "email": "sales@goldenwarp.com.au", "store": 12, "isShared": true}, "model": "core.brand", "pk": 105}]