[{"fields": {"state": "ACT", "code": "200", "deliveryOffice": "AUSTRALIAN NATIONAL UNI LPO", "locality": "AUSTRALIAN NATIONAL UNIVERSITY"}, "model": "core.postcode", "pk": 1}, {"fields": {"state": "ACT", "code": "221", "deliveryOffice": "CANBERRA SOUTH DC", "locality": "BARTON"}, "model": "core.postcode", "pk": 2}, {"fields": {"state": "NT", "code": "800", "deliveryOffice": "DARWIN DELIVERY CENTRE", "locality": "DARWIN"}, "model": "core.postcode", "pk": 3}, {"fields": {"state": "NT", "code": "801", "deliveryOffice": "DARWIN GPO DELIVERY ANNEXE", "locality": "DARWIN"}, "model": "core.postcode", "pk": 4}, {"fields": {"state": "NT", "code": "804", "deliveryOffice": "PARAP LPO", "locality": "PARAP"}, "model": "core.postcode", "pk": 5}, {"fields": {"state": "NT", "code": "810", "deliveryOffice": "DARWIN DELIVERY CENTRE", "locality": "ALAWA"}, "model": "core.postcode", "pk": 6}, {"fields": {"state": "NT", "code": "810", "deliveryOffice": "DARWIN DELIVERY CENTRE", "locality": "BRINKIN"}, "model": "core.postcode", "pk": 7}, {"fields": {"state": "NT", "code": "810", "deliveryOffice": "DARWIN DELIVERY CENTRE", "locality": "CASUARINA"}, "model": "core.postcode", "pk": 8}, {"fields": {"state": "NT", "code": "810", "deliveryOffice": "DARWIN DELIVERY CENTRE", "locality": "COCONUT GROVE"}, "model": "core.postcode", "pk": 9}, {"fields": {"state": "NT", "code": "810", "deliveryOffice": "DARWIN DELIVERY CENTRE", "locality": "JINGILI"}, "model": "core.postcode", "pk": 10}, {"fields": {"state": "NT", "code": "810", "deliveryOffice": "DARWIN DELIVERY CENTRE", "locality": "LEE POINT"}, "model": "core.postcode", "pk": 11}, {"fields": {"state": "NT", "code": "810", "deliveryOffice": "DARWIN DELIVERY CENTRE", "locality": "LYONS"}, "model": "core.postcode", "pk": 12}, {"fields": {"state": "NT", "code": "810", "deliveryOffice": "DARWIN DELIVERY CENTRE", "locality": "MILLNER"}, "model": "core.postcode", "pk": 13}, {"fields": {"state": "NT", "code": "810", "deliveryOffice": "DARWIN DELIVERY CENTRE", "locality": "MOIL"}, "model": "core.postcode", "pk": 14}, {"fields": {"state": "NT", "code": "810", "deliveryOffice": "DARWIN DELIVERY CENTRE", "locality": "MUIRHEAD"}, "model": "core.postcode", "pk": 15}, {"fields": {"state": "NT", "code": "810", "deliveryOffice": "DARWIN DELIVERY CENTRE", "locality": "NAKARA"}, "model": "core.postcode", "pk": 16}, {"fields": {"state": "NT", "code": "810", "deliveryOffice": "DARWIN DELIVERY CENTRE", "locality": "NIGHTCLIFF"}, "model": "core.postcode", "pk": 17}, {"fields": {"state": "NT", "code": "810", "deliveryOffice": "DARWIN DELIVERY CENTRE", "locality": "RAPID CREEK"}, "model": "core.postcode", "pk": 18}, {"fields": {"state": "NT", "code": "810", "deliveryOffice": "DARWIN DELIVERY CENTRE", "locality": "TIWI"}, "model": "core.postcode", "pk": 19}, {"fields": {"state": "NT", "code": "810", "deliveryOffice": "DARWIN DELIVERY CENTRE", "locality": "WAGAMAN"}, "model": "core.postcode", "pk": 20}, {"fields": {"state": "NT", "code": "810", "deliveryOffice": "DARWIN DELIVERY CENTRE", "locality": "WANGURI"}, "model": "core.postcode", "pk": 21}, {"fields": {"state": "NT", "code": "811", "deliveryOffice": "CASUARINA DELIVERY ANNEXE", "locality": "CASUARINA"}, "model": "core.postcode", "pk": 22}, {"fields": {"state": "NT", "code": "812", "deliveryOffice": "DARWIN DELIVERY CENTRE", "locality": "ANULA"}, "model": "core.postcode", "pk": 23}, {"fields": {"state": "NT", "code": "812", "deliveryOffice": "DARWIN DELIVERY CENTRE", "locality": "BUFFALO CREEK"}, "model": "core.postcode", "pk": 24}, {"fields": {"state": "NT", "code": "812", "deliveryOffice": "DARWIN DELIVERY CENTRE", "locality": "HOLMES"}, "model": "core.postcode", "pk": 25}, {"fields": {"state": "NT", "code": "812", "deliveryOffice": "DARWIN DELIVERY CENTRE", "locality": "KARAMA"}, "model": "core.postcode", "pk": 26}, {"fields": {"state": "NT", "code": "812", "deliveryOffice": "DARWIN DELIVERY CENTRE", "locality": "LEANYER"}, "model": "core.postcode", "pk": 27}, {"fields": {"state": "NT", "code": "812", "deliveryOffice": "DARWIN DELIVERY CENTRE", "locality": "MALAK"}, "model": "core.postcode", "pk": 28}, {"fields": {"state": "NT", "code": "812", "deliveryOffice": "DARWIN DELIVERY CENTRE", "locality": "MARRARA"}, "model": "core.postcode", "pk": 29}, {"fields": {"state": "NT", "code": "812", "deliveryOffice": "DARWIN DELIVERY CENTRE", "locality": "NORTHLAKES"}, "model": "core.postcode", "pk": 30}, {"fields": {"state": "NT", "code": "812", "deliveryOffice": "DARWIN DELIVERY CENTRE", "locality": "SANDERSON"}, "model": "core.postcode", "pk": 31}, {"fields": {"state": "NT", "code": "812", "deliveryOffice": "DARWIN DELIVERY CENTRE", "locality": "WOODLEIGH GARDENS"}, "model": "core.postcode", "pk": 32}, {"fields": {"state": "NT", "code": "812", "deliveryOffice": "DARWIN DELIVERY CENTRE", "locality": "WULAGI"}, "model": "core.postcode", "pk": 33}, {"fields": {"state": "NT", "code": "813", "deliveryOffice": "KARAMA LPO", "locality": "KARAMA"}, "model": "core.postcode", "pk": 34}, {"fields": {"state": "NT", "code": "814", "deliveryOffice": "NIGHTCLIFF LPO", "locality": "NIGHTCLIFF"}, "model": "core.postcode", "pk": 35}, {"fields": {"state": "NT", "code": "815", "deliveryOffice": "CHARLES DARWIN UNIVERSITY LPO", "locality": "CHARLES DARWIN UNIVERSITY"}, "model": "core.postcode", "pk": 36}, {"fields": {"state": "NT", "code": "820", "deliveryOffice": "DARWIN DELIVERY CENTRE", "locality": "BAGOT"}, "model": "core.postcode", "pk": 37}, {"fields": {"state": "NT", "code": "820", "deliveryOffice": "DARWIN DELIVERY CENTRE", "locality": "BAYVIEW"}, "model": "core.postcode", "pk": 38}, {"fields": {"state": "NT", "code": "820", "deliveryOffice": "DARWIN DELIVERY CENTRE", "locality": "CHARLES DARWIN"}, "model": "core.postcode", "pk": 39}, {"fields": {"state": "NT", "code": "820", "deliveryOffice": "DARWIN DELIVERY CENTRE", "locality": "COONAWARRA"}, "model": "core.postcode", "pk": 40}, {"fields": {"state": "NT", "code": "820", "deliveryOffice": "DARWIN DELIVERY CENTRE", "locality": "CULLEN BAY"}, "model": "core.postcode", "pk": 41}, {"fields": {"state": "NT", "code": "820", "deliveryOffice": "DARWIN DELIVERY CENTRE", "locality": "DARWIN DC"}, "model": "core.postcode", "pk": 42}, {"fields": {"state": "NT", "code": "820", "deliveryOffice": "DARWIN DELIVERY CENTRE", "locality": "DARWIN INTERNATIONAL AIRPORT"}, "model": "core.postcode", "pk": 43}, {"fields": {"state": "NT", "code": "820", "deliveryOffice": "DARWIN DELIVERY CENTRE", "locality": "DARWIN MC"}, "model": "core.postcode", "pk": 44}, {"fields": {"state": "NT", "code": "820", "deliveryOffice": "DARWIN DELIVERY CENTRE", "locality": "EAST POINT"}, "model": "core.postcode", "pk": 45}, {"fields": {"state": "NT", "code": "820", "deliveryOffice": "DARWIN DELIVERY CENTRE", "locality": "EATON"}, "model": "core.postcode", "pk": 46}, {"fields": {"state": "NT", "code": "820", "deliveryOffice": "DARWIN DELIVERY CENTRE", "locality": "FANNIE BAY"}, "model": "core.postcode", "pk": 47}, {"fields": {"state": "NT", "code": "820", "deliveryOffice": "DARWIN DELIVERY CENTRE", "locality": "LARRAKEYAH"}, "model": "core.postcode", "pk": 48}, {"fields": {"state": "NT", "code": "820", "deliveryOffice": "DARWIN DELIVERY CENTRE", "locality": "LUDMILLA"}, "model": "core.postcode", "pk": 49}, {"fields": {"state": "NT", "code": "820", "deliveryOffice": "DARWIN DELIVERY CENTRE", "locality": "PARAP"}, "model": "core.postcode", "pk": 50}, {"fields": {"state": "NT", "code": "820", "deliveryOffice": "DARWIN DELIVERY CENTRE", "locality": "RAAF BASE DARWIN"}, "model": "core.postcode", "pk": 51}, {"fields": {"state": "NT", "code": "820", "deliveryOffice": "DARWIN DELIVERY CENTRE", "locality": "STUART PARK"}, "model": "core.postcode", "pk": 52}, {"fields": {"state": "NT", "code": "820", "deliveryOffice": "DARWIN DELIVERY CENTRE", "locality": "THE GARDENS"}, "model": "core.postcode", "pk": 53}, {"fields": {"state": "NT", "code": "820", "deliveryOffice": "DARWIN DELIVERY CENTRE", "locality": "THE NARROWS"}, "model": "core.postcode", "pk": 54}, {"fields": {"state": "NT", "code": "820", "deliveryOffice": "DARWIN DELIVERY CENTRE", "locality": "WINNELLIE"}, "model": "core.postcode", "pk": 55}, {"fields": {"state": "NT", "code": "820", "deliveryOffice": "DARWIN DELIVERY CENTRE", "locality": "WOOLNER"}, "model": "core.postcode", "pk": 56}, {"fields": {"state": "NT", "code": "821", "deliveryOffice": "WINNELLIE BC", "locality": "WINNELLIE"}, "model": "core.postcode", "pk": 57}, {"fields": {"state": "NT", "code": "822", "deliveryOffice": "DARWIN DELIVERY CENTRE", "locality": "ACACIA HILLS"}, "model": "core.postcode", "pk": 58}, {"fields": {"state": "NT", "code": "822", "deliveryOffice": "DARWIN DELIVERY CENTRE", "locality": "ANGURUGU"}, "model": "core.postcode", "pk": 59}, {"fields": {"state": "NT", "code": "822", "deliveryOffice": "DARWIN DELIVERY CENTRE", "locality": "ANINDILYAKWA"}, "model": "core.postcode", "pk": 60}, {"fields": {"state": "NT", "code": "822", "deliveryOffice": "DARWIN DELIVERY CENTRE", "locality": "ANNIE RIVER"}, "model": "core.postcode", "pk": 61}, {"fields": {"state": "NT", "code": "822", "deliveryOffice": "DARWIN DELIVERY CENTRE", "locality": "BATHURST ISLAND"}, "model": "core.postcode", "pk": 62}, {"fields": {"state": "NT", "code": "822", "deliveryOffice": "DARWIN DELIVERY CENTRE", "locality": "BEES CREEK"}, "model": "core.postcode", "pk": 63}, {"fields": {"state": "NT", "code": "822", "deliveryOffice": "DARWIN DELIVERY CENTRE", "locality": "BELYUEN"}, "model": "core.postcode", "pk": 64}, {"fields": {"state": "NT", "code": "822", "deliveryOffice": "DARWIN DELIVERY CENTRE", "locality": "BLACK JUNGLE"}, "model": "core.postcode", "pk": 65}, {"fields": {"state": "NT", "code": "822", "deliveryOffice": "DARWIN DELIVERY CENTRE", "locality": "BLACKMORE"}, "model": "core.postcode", "pk": 66}, {"fields": {"state": "NT", "code": "822", "deliveryOffice": "DARWIN DELIVERY CENTRE", "locality": "BORDER STORE"}, "model": "core.postcode", "pk": 67}, {"fields": {"state": "NT", "code": "822", "deliveryOffice": "DARWIN DELIVERY CENTRE", "locality": "BURRUNDIE"}, "model": "core.postcode", "pk": 68}, {"fields": {"state": "NT", "code": "822", "deliveryOffice": "DARWIN DELIVERY CENTRE", "locality": "BYNOE"}, "model": "core.postcode", "pk": 69}, {"fields": {"state": "NT", "code": "822", "deliveryOffice": "DARWIN DELIVERY CENTRE", "locality": "BYNOE HARBOUR"}, "model": "core.postcode", "pk": 70}, {"fields": {"state": "NT", "code": "822", "deliveryOffice": "DARWIN DELIVERY CENTRE", "locality": "CAMP CREEK"}, "model": "core.postcode", "pk": 71}, {"fields": {"state": "NT", "code": "822", "deliveryOffice": "DARWIN DELIVERY CENTRE", "locality": "CHANNEL ISLAND"}, "model": "core.postcode", "pk": 72}, {"fields": {"state": "NT", "code": "822", "deliveryOffice": "DARWIN DELIVERY CENTRE", "locality": "CHARLES DARWIN"}, "model": "core.postcode", "pk": 73}, {"fields": {"state": "NT", "code": "822", "deliveryOffice": "DARWIN DELIVERY CENTRE", "locality": "CHARLOTTE"}, "model": "core.postcode", "pk": 74}, {"fields": {"state": "NT", "code": "822", "deliveryOffice": "DARWIN DELIVERY CENTRE", "locality": "CLARAVALE"}, "model": "core.postcode", "pk": 75}, {"fields": {"state": "NT", "code": "822", "deliveryOffice": "DARWIN DELIVERY CENTRE", "locality": "COBOURG"}, "model": "core.postcode", "pk": 76}, {"fields": {"state": "NT", "code": "822", "deliveryOffice": "DARWIN DELIVERY CENTRE", "locality": "COLLETT CREEK"}, "model": "core.postcode", "pk": 77}, {"fields": {"state": "NT", "code": "822", "deliveryOffice": "DARWIN DELIVERY CENTRE", "locality": "COOMALIE CREEK"}, "model": "core.postcode", "pk": 78}, {"fields": {"state": "NT", "code": "822", "deliveryOffice": "DARWIN DELIVERY CENTRE", "locality": "COX PENINSULA"}, "model": "core.postcode", "pk": 79}, {"fields": {"state": "NT", "code": "822", "deliveryOffice": "DARWIN DELIVERY CENTRE", "locality": "CROKER ISLAND"}, "model": "core.postcode", "pk": 80}, {"fields": {"state": "NT", "code": "822", "deliveryOffice": "DARWIN DELIVERY CENTRE", "locality": "DALY"}, "model": "core.postcode", "pk": 81}, {"fields": {"state": "NT", "code": "822", "deliveryOffice": "DARWIN DELIVERY CENTRE", "locality": "DALY RIVER"}, "model": "core.postcode", "pk": 82}, {"fields": {"state": "NT", "code": "822", "deliveryOffice": "DARWIN DELIVERY CENTRE", "locality": "DARWIN MC"}, "model": "core.postcode", "pk": 83}, {"fields": {"state": "NT", "code": "822", "deliveryOffice": "DARWIN DELIVERY CENTRE", "locality": "DARWIN RIVER DAM"}, "model": "core.postcode", "pk": 84}, {"fields": {"state": "NT", "code": "822", "deliveryOffice": "DARWIN DELIVERY CENTRE", "locality": "DELISSAVILLE"}, "model": "core.postcode", "pk": 85}, {"fields": {"state": "NT", "code": "822", "deliveryOffice": "DARWIN DELIVERY CENTRE", "locality": "DOUGLAS-DALY"}, "model": "core.postcode", "pk": 86}, {"fields": {"state": "NT", "code": "822", "deliveryOffice": "DARWIN DELIVERY CENTRE", "locality": "EAST ARM"}, "model": "core.postcode", "pk": 87}, {"fields": {"state": "NT", "code": "822", "deliveryOffice": "DARWIN DELIVERY CENTRE", "locality": "EAST ARNHEM"}, "model": "core.postcode", "pk": 88}, {"fields": {"state": "NT", "code": "822", "deliveryOffice": "DARWIN DELIVERY CENTRE", "locality": "ELRUNDIE"}, "model": "core.postcode", "pk": 89}, {"fields": {"state": "NT", "code": "822", "deliveryOffice": "DARWIN DELIVERY CENTRE", "locality": "EVA VALLEY"}, "model": "core.postcode", "pk": 90}, {"fields": {"state": "NT", "code": "822", "deliveryOffice": "DARWIN DELIVERY CENTRE", "locality": "FINNISS VALLEY"}, "model": "core.postcode", "pk": 91}, {"fields": {"state": "NT", "code": "822", "deliveryOffice": "DARWIN DELIVERY CENTRE", "locality": "FLEMING"}, "model": "core.postcode", "pk": 92}, {"fields": {"state": "NT", "code": "822", "deliveryOffice": "DARWIN DELIVERY CENTRE", "locality": "FLY CREEK"}, "model": "core.postcode", "pk": 93}, {"fields": {"state": "NT", "code": "822", "deliveryOffice": "DARWIN DELIVERY CENTRE", "locality": "FREDS PASS"}, "model": "core.postcode", "pk": 94}, {"fields": {"state": "NT", "code": "822", "deliveryOffice": "DARWIN DELIVERY CENTRE", "locality": "GALIWINKU"}, "model": "core.postcode", "pk": 95}, {"fields": {"state": "NT", "code": "822", "deliveryOffice": "DARWIN DELIVERY CENTRE", "locality": "GLYDE POINT"}, "model": "core.postcode", "pk": 96}, {"fields": {"state": "NT", "code": "822", "deliveryOffice": "DARWIN DELIVERY CENTRE", "locality": "GOULBURN ISLAND"}, "model": "core.postcode", "pk": 97}, {"fields": {"state": "NT", "code": "822", "deliveryOffice": "DARWIN DELIVERY CENTRE", "locality": "GUNBALANYA"}, "model": "core.postcode", "pk": 98}, {"fields": {"state": "NT", "code": "822", "deliveryOffice": "DARWIN DELIVERY CENTRE", "locality": "GUNN POINT"}, "model": "core.postcode", "pk": 99}, {"fields": {"state": "NT", "code": "822", "deliveryOffice": "DARWIN DELIVERY CENTRE", "locality": "HAYES CREEK"}, "model": "core.postcode", "pk": 100}, {"fields": {"state": "NT", "code": "822", "deliveryOffice": "DARWIN DELIVERY CENTRE", "locality": "HIDDEN VALLEY"}, "model": "core.postcode", "pk": 101}, {"fields": {"state": "NT", "code": "822", "deliveryOffice": "DARWIN DELIVERY CENTRE", "locality": "HOTHAM"}, "model": "core.postcode", "pk": 102}, {"fields": {"state": "NT", "code": "822", "deliveryOffice": "DARWIN DELIVERY CENTRE", "locality": "HUGHES"}, "model": "core.postcode", "pk": 103}, {"fields": {"state": "NT", "code": "822", "deliveryOffice": "DARWIN DELIVERY CENTRE", "locality": "KAKADU"}, "model": "core.postcode", "pk": 104}, {"fields": {"state": "NT", "code": "822", "deliveryOffice": "DARWIN DELIVERY CENTRE", "locality": "KOOLPINYAH"}, "model": "core.postcode", "pk": 105}, {"fields": {"state": "NT", "code": "822", "deliveryOffice": "DARWIN DELIVERY CENTRE", "locality": "LAKE BENNETT"}, "model": "core.postcode", "pk": 106}, {"fields": {"state": "NT", "code": "822", "deliveryOffice": "DARWIN DELIVERY CENTRE", "locality": "LAMBELLS LAGOON"}, "model": "core.postcode", "pk": 107}, {"fields": {"state": "NT", "code": "822", "deliveryOffice": "DARWIN DELIVERY CENTRE", "locality": "LITCHFIELD PARK"}, "model": "core.postcode", "pk": 108}, {"fields": {"state": "NT", "code": "822", "deliveryOffice": "DARWIN DELIVERY CENTRE", "locality": "LIVINGSTONE"}, "model": "core.postcode", "pk": 109}, {"fields": {"state": "NT", "code": "822", "deliveryOffice": "DARWIN DELIVERY CENTRE", "locality": "LLOYD CREEK"}, "model": "core.postcode", "pk": 110}, {"fields": {"state": "NT", "code": "822", "deliveryOffice": "DARWIN DELIVERY CENTRE", "locality": "MANDORAH"}, "model": "core.postcode", "pk": 111}, {"fields": {"state": "NT", "code": "822", "deliveryOffice": "DARWIN DELIVERY CENTRE", "locality": "MANINGRIDA"}, "model": "core.postcode", "pk": 112}, {"fields": {"state": "NT", "code": "822", "deliveryOffice": "DARWIN DELIVERY CENTRE", "locality": "MARANUNGA"}, "model": "core.postcode", "pk": 113}, {"fields": {"state": "NT", "code": "822", "deliveryOffice": "DARWIN DELIVERY CENTRE", "locality": "MARGARET RIVER"}, "model": "core.postcode", "pk": 114}, {"fields": {"state": "NT", "code": "822", "deliveryOffice": "DARWIN DELIVERY CENTRE", "locality": "MARRAKAI"}, "model": "core.postcode", "pk": 115}, {"fields": {"state": "NT", "code": "822", "deliveryOffice": "DARWIN DELIVERY CENTRE", "locality": "MCMINNS LAGOON"}, "model": "core.postcode", "pk": 116}, {"fields": {"state": "NT", "code": "822", "deliveryOffice": "DARWIN DELIVERY CENTRE", "locality": "MICKETT CREEK"}, "model": "core.postcode", "pk": 117}, {"fields": {"state": "NT", "code": "822", "deliveryOffice": "DARWIN DELIVERY CENTRE", "locality": "MIDDLE POINT"}, "model": "core.postcode", "pk": 118}, {"fields": {"state": "NT", "code": "822", "deliveryOffice": "DARWIN DELIVERY CENTRE", "locality": "MILIKAPITI"}, "model": "core.postcode", "pk": 119}, {"fields": {"state": "NT", "code": "822", "deliveryOffice": "DARWIN DELIVERY CENTRE", "locality": "MILINGIMBI"}, "model": "core.postcode", "pk": 120}, {"fields": {"state": "NT", "code": "822", "deliveryOffice": "DARWIN DELIVERY CENTRE", "locality": "MILLWOOD"}, "model": "core.postcode", "pk": 121}, {"fields": {"state": "NT", "code": "822", "deliveryOffice": "DARWIN DELIVERY CENTRE", "locality": "MILYAKBURRA"}, "model": "core.postcode", "pk": 122}, {"fields": {"state": "NT", "code": "822", "deliveryOffice": "DARWIN DELIVERY CENTRE", "locality": "MINJILANG"}, "model": "core.postcode", "pk": 123}, {"fields": {"state": "NT", "code": "822", "deliveryOffice": "DARWIN DELIVERY CENTRE", "locality": "MOUNT BUNDEY"}, "model": "core.postcode", "pk": 124}, {"fields": {"state": "NT", "code": "822", "deliveryOffice": "DARWIN DELIVERY CENTRE", "locality": "MURRUMUJUK"}, "model": "core.postcode", "pk": 125}, {"fields": {"state": "NT", "code": "822", "deliveryOffice": "DARWIN DELIVERY CENTRE", "locality": "NAUIYU"}, "model": "core.postcode", "pk": 126}, {"fields": {"state": "NT", "code": "822", "deliveryOffice": "DARWIN DELIVERY CENTRE", "locality": "NEMARLUK"}, "model": "core.postcode", "pk": 127}, {"fields": {"state": "NT", "code": "822", "deliveryOffice": "DARWIN DELIVERY CENTRE", "locality": "NGANMARRIYANGA"}, "model": "core.postcode", "pk": 128}, {"fields": {"state": "NT", "code": "822", "deliveryOffice": "DARWIN DELIVERY CENTRE", "locality": "NUMBULWAR"}, "model": "core.postcode", "pk": 129}, {"fields": {"state": "NT", "code": "822", "deliveryOffice": "DARWIN DELIVERY CENTRE", "locality": "NUMBURINDI"}, "model": "core.postcode", "pk": 130}, {"fields": {"state": "NT", "code": "822", "deliveryOffice": "DARWIN DELIVERY CENTRE", "locality": "OENPELLI"}, "model": "core.postcode", "pk": 131}, {"fields": {"state": "NT", "code": "822", "deliveryOffice": "DARWIN DELIVERY CENTRE", "locality": "PALUMPA"}, "model": "core.postcode", "pk": 132}, {"fields": {"state": "NT", "code": "822", "deliveryOffice": "DARWIN DELIVERY CENTRE", "locality": "PEPPIMENARTI"}, "model": "core.postcode", "pk": 133}, {"fields": {"state": "NT", "code": "822", "deliveryOffice": "DARWIN DELIVERY CENTRE", "locality": "PIRLANGIMPI"}, "model": "core.postcode", "pk": 134}, {"fields": {"state": "NT", "code": "822", "deliveryOffice": "DARWIN DELIVERY CENTRE", "locality": "POINT STEPHENS"}, "model": "core.postcode", "pk": 135}, {"fields": {"state": "NT", "code": "822", "deliveryOffice": "DARWIN DELIVERY CENTRE", "locality": "POINT STUART"}, "model": "core.postcode", "pk": 136}, {"fields": {"state": "NT", "code": "822", "deliveryOffice": "DARWIN DELIVERY CENTRE", "locality": "PULARUMPI"}, "model": "core.postcode", "pk": 137}, {"fields": {"state": "NT", "code": "822", "deliveryOffice": "DARWIN DELIVERY CENTRE", "locality": "RAKULA"}, "model": "core.postcode", "pk": 138}, {"fields": {"state": "NT", "code": "822", "deliveryOffice": "DARWIN DELIVERY CENTRE", "locality": "RAMINGINING"}, "model": "core.postcode", "pk": 139}, {"fields": {"state": "NT", "code": "822", "deliveryOffice": "DARWIN DELIVERY CENTRE", "locality": "ROBIN FALLS"}, "model": "core.postcode", "pk": 140}, {"fields": {"state": "NT", "code": "822", "deliveryOffice": "DARWIN DELIVERY CENTRE", "locality": "RUM JUNGLE"}, "model": "core.postcode", "pk": 141}, {"fields": {"state": "NT", "code": "822", "deliveryOffice": "DARWIN DELIVERY CENTRE", "locality": "SANDPALMS ROADHOUSE"}, "model": "core.postcode", "pk": 142}, {"fields": {"state": "NT", "code": "822", "deliveryOffice": "DARWIN DELIVERY CENTRE", "locality": "SOUTHPORT"}, "model": "core.postcode", "pk": 143}, {"fields": {"state": "NT", "code": "822", "deliveryOffice": "DARWIN DELIVERY CENTRE", "locality": "STAPLETON"}, "model": "core.postcode", "pk": 144}, {"fields": {"state": "NT", "code": "822", "deliveryOffice": "DARWIN DELIVERY CENTRE", "locality": "THAMARRURR"}, "model": "core.postcode", "pk": 145}, {"fields": {"state": "NT", "code": "822", "deliveryOffice": "DARWIN DELIVERY CENTRE", "locality": "TIPPERARY"}, "model": "core.postcode", "pk": 146}, {"fields": {"state": "NT", "code": "822", "deliveryOffice": "DARWIN DELIVERY CENTRE", "locality": "TIVENDALE"}, "model": "core.postcode", "pk": 147}, {"fields": {"state": "NT", "code": "822", "deliveryOffice": "DARWIN DELIVERY CENTRE", "locality": "TIWI ISLANDS"}, "model": "core.postcode", "pk": 148}, {"fields": {"state": "NT", "code": "822", "deliveryOffice": "DARWIN DELIVERY CENTRE", "locality": "TORTILLA FLATS"}, "model": "core.postcode", "pk": 149}, {"fields": {"state": "NT", "code": "822", "deliveryOffice": "DARWIN DELIVERY CENTRE", "locality": "TUMBLING WATERS"}, "model": "core.postcode", "pk": 150}, {"fields": {"state": "NT", "code": "822", "deliveryOffice": "DARWIN DELIVERY CENTRE", "locality": "UMBAKUMBA"}, "model": "core.postcode", "pk": 151}, {"fields": {"state": "NT", "code": "822", "deliveryOffice": "DARWIN DELIVERY CENTRE", "locality": "VERNON ISLANDS"}, "model": "core.postcode", "pk": 152}, {"fields": {"state": "NT", "code": "822", "deliveryOffice": "DARWIN DELIVERY CENTRE", "locality": "WADEYE"}, "model": "core.postcode", "pk": 153}, {"fields": {"state": "NT", "code": "822", "deliveryOffice": "DARWIN DELIVERY CENTRE", "locality": "WAGAIT BEACH"}, "model": "core.postcode", "pk": 154}, {"fields": {"state": "NT", "code": "822", "deliveryOffice": "DARWIN DELIVERY CENTRE", "locality": "WAK WAK"}, "model": "core.postcode", "pk": 155}, {"fields": {"state": "NT", "code": "822", "deliveryOffice": "DARWIN DELIVERY CENTRE", "locality": "WARRUWI"}, "model": "core.postcode", "pk": 156}, {"fields": {"state": "NT", "code": "822", "deliveryOffice": "DARWIN DELIVERY CENTRE", "locality": "WEDDELL"}, "model": "core.postcode", "pk": 157}, {"fields": {"state": "NT", "code": "822", "deliveryOffice": "DARWIN DELIVERY CENTRE", "locality": "WEST ARNHEM"}, "model": "core.postcode", "pk": 158}, {"fields": {"state": "NT", "code": "822", "deliveryOffice": "DARWIN DELIVERY CENTRE", "locality": "WICKHAM"}, "model": "core.postcode", "pk": 159}, {"fields": {"state": "NT", "code": "822", "deliveryOffice": "DARWIN DELIVERY CENTRE", "locality": "WINNELLIE"}, "model": "core.postcode", "pk": 160}, {"fields": {"state": "NT", "code": "822", "deliveryOffice": "DARWIN DELIVERY CENTRE", "locality": "WISHART"}, "model": "core.postcode", "pk": 161}, {"fields": {"state": "NT", "code": "822", "deliveryOffice": "DARWIN DELIVERY CENTRE", "locality": "WOOLANING"}, "model": "core.postcode", "pk": 162}, {"fields": {"state": "NT", "code": "822", "deliveryOffice": "DARWIN DELIVERY CENTRE", "locality": "WURRUMIYANGA"}, "model": "core.postcode", "pk": 163}, {"fields": {"state": "NT", "code": "828", "deliveryOffice": "DARWIN DELIVERY CENTRE", "locality": "BERRIMAH"}, "model": "core.postcode", "pk": 164}, {"fields": {"state": "NT", "code": "828", "deliveryOffice": "DARWIN DELIVERY CENTRE", "locality": "KNUCKEY LAGOON"}, "model": "core.postcode", "pk": 165}, {"fields": {"state": "NT", "code": "829", "deliveryOffice": "DARWIN DELIVERY CENTRE", "locality": "HOLTZE"}, "model": "core.postcode", "pk": 166}, {"fields": {"state": "NT", "code": "829", "deliveryOffice": "DARWIN DELIVERY CENTRE", "locality": "PINELANDS"}, "model": "core.postcode", "pk": 167}, {"fields": {"state": "NT", "code": "830", "deliveryOffice": "PALMERSTON DC", "locality": "ARCHER"}, "model": "core.postcode", "pk": 168}, {"fields": {"state": "NT", "code": "830", "deliveryOffice": "PALMERSTON DC", "locality": "DRIVER"}, "model": "core.postcode", "pk": 169}, {"fields": {"state": "NT", "code": "830", "deliveryOffice": "PALMERSTON DC", "locality": "DURACK"}, "model": "core.postcode", "pk": 170}, {"fields": {"state": "NT", "code": "830", "deliveryOffice": "PALMERSTON DC", "locality": "FARRAR"}, "model": "core.postcode", "pk": 171}, {"fields": {"state": "NT", "code": "830", "deliveryOffice": "PALMERSTON DC", "locality": "GRAY"}, "model": "core.postcode", "pk": 172}, {"fields": {"state": "NT", "code": "830", "deliveryOffice": "PALMERSTON DC", "locality": "MARLOW LAGOON"}, "model": "core.postcode", "pk": 173}, {"fields": {"state": "NT", "code": "830", "deliveryOffice": "PALMERSTON DC", "locality": "MOULDEN"}, "model": "core.postcode", "pk": 174}, {"fields": {"state": "NT", "code": "830", "deliveryOffice": "PALMERSTON DC", "locality": "PALMERSTON"}, "model": "core.postcode", "pk": 175}, {"fields": {"state": "NT", "code": "830", "deliveryOffice": "PALMERSTON DC", "locality": "SHOAL BAY"}, "model": "core.postcode", "pk": 176}, {"fields": {"state": "NT", "code": "830", "deliveryOffice": "PALMERSTON DC", "locality": "WOODROFFE"}, "model": "core.postcode", "pk": 177}, {"fields": {"state": "NT", "code": "830", "deliveryOffice": "PALMERSTON DC", "locality": "YARRAWONGA"}, "model": "core.postcode", "pk": 178}, {"fields": {"state": "NT", "code": "831", "deliveryOffice": "PALMERSTON DC", "locality": "PALMERSTON"}, "model": "core.postcode", "pk": 179}, {"fields": {"state": "NT", "code": "832", "deliveryOffice": "PALMERSTON DC", "locality": "BAKEWELL"}, "model": "core.postcode", "pk": 180}, {"fields": {"state": "NT", "code": "832", "deliveryOffice": "PALMERSTON DC", "locality": "BELLAMACK"}, "model": "core.postcode", "pk": 181}, {"fields": {"state": "NT", "code": "832", "deliveryOffice": "PALMERSTON DC", "locality": "GUNN"}, "model": "core.postcode", "pk": 182}, {"fields": {"state": "NT", "code": "832", "deliveryOffice": "PALMERSTON DC", "locality": "JOHNSTON"}, "model": "core.postcode", "pk": 183}, {"fields": {"state": "NT", "code": "832", "deliveryOffice": "PALMERSTON DC", "locality": "MITCHELL"}, "model": "core.postcode", "pk": 184}, {"fields": {"state": "NT", "code": "832", "deliveryOffice": "PALMERSTON DC", "locality": "ROSEBERY"}, "model": "core.postcode", "pk": 185}, {"fields": {"state": "NT", "code": "832", "deliveryOffice": "PALMERSTON DC", "locality": "ROSEBERY HEIGHTS"}, "model": "core.postcode", "pk": 186}, {"fields": {"state": "NT", "code": "832", "deliveryOffice": "PALMERSTON DC", "locality": "ZUCCOLI"}, "model": "core.postcode", "pk": 187}, {"fields": {"state": "NT", "code": "834", "deliveryOffice": "DARWIN DELIVERY CENTRE", "locality": "VIRGINIA"}, "model": "core.postcode", "pk": 188}, {"fields": {"state": "NT", "code": "835", "deliveryOffice": "HOWARD SPRINGS LPO", "locality": "HOWARD SPRINGS"}, "model": "core.postcode", "pk": 189}, {"fields": {"state": "NT", "code": "836", "deliveryOffice": "HUMPTY DOO LPO", "locality": "GIRRAWEEN"}, "model": "core.postcode", "pk": 190}, {"fields": {"state": "NT", "code": "836", "deliveryOffice": "HUMPTY DOO LPO", "locality": "HERBERT"}, "model": "core.postcode", "pk": 191}, {"fields": {"state": "NT", "code": "836", "deliveryOffice": "HUMPTY DOO LPO", "locality": "HUMPTY DOO"}, "model": "core.postcode", "pk": 192}, {"fields": {"state": "NT", "code": "837", "deliveryOffice": "NOONAMAH CPA", "locality": "MANTON"}, "model": "core.postcode", "pk": 193}, {"fields": {"state": "NT", "code": "837", "deliveryOffice": "NOONAMAH CPA", "locality": "NOONAMAH"}, "model": "core.postcode", "pk": 194}, {"fields": {"state": "NT", "code": "838", "deliveryOffice": "BERRY SPRINGS CPA", "locality": "BERRY SPRINGS"}, "model": "core.postcode", "pk": 195}, {"fields": {"state": "NT", "code": "839", "deliveryOffice": "DARWIN DELIVERY CENTRE", "locality": "COOLALINGA"}, "model": "core.postcode", "pk": 196}, {"fields": {"state": "NT", "code": "840", "deliveryOffice": "DARWIN DELIVERY CENTRE", "locality": "DUNDEE BEACH"}, "model": "core.postcode", "pk": 197}, {"fields": {"state": "NT", "code": "840", "deliveryOffice": "DARWIN DELIVERY CENTRE", "locality": "DUNDEE DOWNS"}, "model": "core.postcode", "pk": 198}, {"fields": {"state": "NT", "code": "840", "deliveryOffice": "DARWIN DELIVERY CENTRE", "locality": "DUNDEE FOREST"}, "model": "core.postcode", "pk": 199}, {"fields": {"state": "NT", "code": "841", "deliveryOffice": "DARWIN DELIVERY CENTRE", "locality": "DARWIN RIVER"}, "model": "core.postcode", "pk": 200}, {"fields": {"state": "NT", "code": "845", "deliveryOffice": "DARWIN DELIVERY CENTRE", "locality": "BATCHELOR"}, "model": "core.postcode", "pk": 201}, {"fields": {"state": "NT", "code": "846", "deliveryOffice": "DARWIN DELIVERY CENTRE", "locality": "ADELAIDE RIVER"}, "model": "core.postcode", "pk": 202}, {"fields": {"state": "NT", "code": "847", "deliveryOffice": "PINE CREEK LPO", "locality": "PINE CREEK"}, "model": "core.postcode", "pk": 203}, {"fields": {"state": "NT", "code": "850", "deliveryOffice": "KATHERINE DC", "locality": "COSSACK"}, "model": "core.postcode", "pk": 204}, {"fields": {"state": "NT", "code": "850", "deliveryOffice": "KATHERINE DC", "locality": "EMUNGALAN"}, "model": "core.postcode", "pk": 205}, {"fields": {"state": "NT", "code": "850", "deliveryOffice": "KATHERINE DC", "locality": "KATHERINE"}, "model": "core.postcode", "pk": 206}, {"fields": {"state": "NT", "code": "850", "deliveryOffice": "KATHERINE DC", "locality": "KATHERINE EAST"}, "model": "core.postcode", "pk": 207}, {"fields": {"state": "NT", "code": "850", "deliveryOffice": "KATHERINE DC", "locality": "KATHERINE SOUTH"}, "model": "core.postcode", "pk": 208}, {"fields": {"state": "NT", "code": "850", "deliveryOffice": "KATHERINE DC", "locality": "LANSDOWNE"}, "model": "core.postcode", "pk": 209}, {"fields": {"state": "NT", "code": "851", "deliveryOffice": "KATHERINE POST SHOP", "locality": "KATHERINE"}, "model": "core.postcode", "pk": 210}, {"fields": {"state": "NT", "code": "852", "deliveryOffice": "KATHERINE DC", "locality": "ARNOLD"}, "model": "core.postcode", "pk": 211}, {"fields": {"state": "NT", "code": "852", "deliveryOffice": "KATHERINE DC", "locality": "BAINES"}, "model": "core.postcode", "pk": 212}, {"fields": {"state": "NT", "code": "852", "deliveryOffice": "KATHERINE DC", "locality": "BARUNGA"}, "model": "core.postcode", "pk": 213}, {"fields": {"state": "NT", "code": "852", "deliveryOffice": "KATHERINE DC", "locality": "BESWICK"}, "model": "core.postcode", "pk": 214}, {"fields": {"state": "NT", "code": "852", "deliveryOffice": "KATHERINE DC", "locality": "BESWICK CREEK"}, "model": "core.postcode", "pk": 215}, {"fields": {"state": "NT", "code": "852", "deliveryOffice": "KATHERINE DC", "locality": "BINJARI"}, "model": "core.postcode", "pk": 216}, {"fields": {"state": "NT", "code": "852", "deliveryOffice": "KATHERINE DC", "locality": "BIRDUM"}, "model": "core.postcode", "pk": 217}, {"fields": {"state": "NT", "code": "852", "deliveryOffice": "KATHERINE DC", "locality": "BRADSHAW"}, "model": "core.postcode", "pk": 218}, {"fields": {"state": "NT", "code": "852", "deliveryOffice": "KATHERINE DC", "locality": "BUCHANAN"}, "model": "core.postcode", "pk": 219}, {"fields": {"state": "NT", "code": "852", "deliveryOffice": "KATHERINE DC", "locality": "BULMAN WEEMOL"}, "model": "core.postcode", "pk": 220}, {"fields": {"state": "NT", "code": "852", "deliveryOffice": "KATHERINE DC", "locality": "CRESWELL"}, "model": "core.postcode", "pk": 221}, {"fields": {"state": "NT", "code": "852", "deliveryOffice": "KATHERINE DC", "locality": "DAGURAGU"}, "model": "core.postcode", "pk": 222}, {"fields": {"state": "NT", "code": "852", "deliveryOffice": "KATHERINE DC", "locality": "DALY WATERS"}, "model": "core.postcode", "pk": 223}, {"fields": {"state": "NT", "code": "852", "deliveryOffice": "KATHERINE DC", "locality": "DELAMERE"}, "model": "core.postcode", "pk": 224}, {"fields": {"state": "NT", "code": "852", "deliveryOffice": "KATHERINE DC", "locality": "DUNMARRA"}, "model": "core.postcode", "pk": 225}, {"fields": {"state": "NT", "code": "852", "deliveryOffice": "KATHERINE DC", "locality": "EDITH"}, "model": "core.postcode", "pk": 226}, {"fields": {"state": "NT", "code": "852", "deliveryOffice": "KATHERINE DC", "locality": "ELSEY"}, "model": "core.postcode", "pk": 227}, {"fields": {"state": "NT", "code": "852", "deliveryOffice": "KATHERINE DC", "locality": "ELSEY STATION"}, "model": "core.postcode", "pk": 228}, {"fields": {"state": "NT", "code": "852", "deliveryOffice": "KATHERINE DC", "locality": "FLORINA"}, "model": "core.postcode", "pk": 229}, {"fields": {"state": "NT", "code": "852", "deliveryOffice": "KATHERINE DC", "locality": "FLYING FOX"}, "model": "core.postcode", "pk": 230}, {"fields": {"state": "NT", "code": "852", "deliveryOffice": "KATHERINE DC", "locality": "GREGORY"}, "model": "core.postcode", "pk": 231}, {"fields": {"state": "NT", "code": "852", "deliveryOffice": "KATHERINE DC", "locality": "GULUNG MARDRULK"}, "model": "core.postcode", "pk": 232}, {"fields": {"state": "NT", "code": "852", "deliveryOffice": "KATHERINE DC", "locality": "GURINDJI"}, "model": "core.postcode", "pk": 233}, {"fields": {"state": "NT", "code": "852", "deliveryOffice": "KATHERINE DC", "locality": "JILKMINGGAN"}, "model": "core.postcode", "pk": 234}, {"fields": {"state": "NT", "code": "852", "deliveryOffice": "KATHERINE DC", "locality": "KALKARINDJI"}, "model": "core.postcode", "pk": 235}, {"fields": {"state": "NT", "code": "852", "deliveryOffice": "KATHERINE DC", "locality": "KATHERINE"}, "model": "core.postcode", "pk": 236}, {"fields": {"state": "NT", "code": "852", "deliveryOffice": "KATHERINE DC", "locality": "LAJAMANU"}, "model": "core.postcode", "pk": 237}, {"fields": {"state": "NT", "code": "852", "deliveryOffice": "KATHERINE DC", "locality": "LARRIMAH"}, "model": "core.postcode", "pk": 238}, {"fields": {"state": "NT", "code": "852", "deliveryOffice": "KATHERINE DC", "locality": "LIMMEN"}, "model": "core.postcode", "pk": 239}, {"fields": {"state": "NT", "code": "852", "deliveryOffice": "KATHERINE DC", "locality": "MANBULLOO"}, "model": "core.postcode", "pk": 240}, {"fields": {"state": "NT", "code": "852", "deliveryOffice": "KATHERINE DC", "locality": "MARANBOY"}, "model": "core.postcode", "pk": 241}, {"fields": {"state": "NT", "code": "852", "deliveryOffice": "KATHERINE DC", "locality": "MATARANKA"}, "model": "core.postcode", "pk": 242}, {"fields": {"state": "NT", "code": "852", "deliveryOffice": "KATHERINE DC", "locality": "MCARTHUR"}, "model": "core.postcode", "pk": 243}, {"fields": {"state": "NT", "code": "852", "deliveryOffice": "KATHERINE DC", "locality": "MINIYERI"}, "model": "core.postcode", "pk": 244}, {"fields": {"state": "NT", "code": "852", "deliveryOffice": "KATHERINE DC", "locality": "NGUKURR"}, "model": "core.postcode", "pk": 245}, {"fields": {"state": "NT", "code": "852", "deliveryOffice": "KATHERINE DC", "locality": "NITMILUK"}, "model": "core.postcode", "pk": 246}, {"fields": {"state": "NT", "code": "852", "deliveryOffice": "KATHERINE DC", "locality": "PELLEW ISLANDS"}, "model": "core.postcode", "pk": 247}, {"fields": {"state": "NT", "code": "852", "deliveryOffice": "KATHERINE DC", "locality": "PIGEON HOLE"}, "model": "core.postcode", "pk": 248}, {"fields": {"state": "NT", "code": "852", "deliveryOffice": "KATHERINE DC", "locality": "ROBINSON RIVER"}, "model": "core.postcode", "pk": 249}, {"fields": {"state": "NT", "code": "852", "deliveryOffice": "KATHERINE DC", "locality": "STURT PLATEAU"}, "model": "core.postcode", "pk": 250}, {"fields": {"state": "NT", "code": "852", "deliveryOffice": "KATHERINE DC", "locality": "TANAMI EAST"}, "model": "core.postcode", "pk": 251}, {"fields": {"state": "NT", "code": "852", "deliveryOffice": "KATHERINE DC", "locality": "TIMBER CREEK"}, "model": "core.postcode", "pk": 252}, {"fields": {"state": "NT", "code": "852", "deliveryOffice": "KATHERINE DC", "locality": "TOP SPRINGS"}, "model": "core.postcode", "pk": 253}, {"fields": {"state": "NT", "code": "852", "deliveryOffice": "KATHERINE DC", "locality": "URALLA"}, "model": "core.postcode", "pk": 254}, {"fields": {"state": "NT", "code": "852", "deliveryOffice": "KATHERINE DC", "locality": "VENN"}, "model": "core.postcode", "pk": 255}, {"fields": {"state": "NT", "code": "852", "deliveryOffice": "KATHERINE DC", "locality": "VICTORIA RIVER"}, "model": "core.postcode", "pk": 256}, {"fields": {"state": "NT", "code": "852", "deliveryOffice": "KATHERINE DC", "locality": "VICTORIA RIVER DOWNS"}, "model": "core.postcode", "pk": 257}, {"fields": {"state": "NT", "code": "852", "deliveryOffice": "KATHERINE DC", "locality": "WARUMUNGU"}, "model": "core.postcode", "pk": 258}, {"fields": {"state": "NT", "code": "852", "deliveryOffice": "KATHERINE DC", "locality": "WAVE HILL"}, "model": "core.postcode", "pk": 259}, {"fields": {"state": "NT", "code": "852", "deliveryOffice": "KATHERINE DC", "locality": "WILTON"}, "model": "core.postcode", "pk": 260}, {"fields": {"state": "NT", "code": "852", "deliveryOffice": "KATHERINE DC", "locality": "YARRALIN"}, "model": "core.postcode", "pk": 261}, {"fields": {"state": "NT", "code": "853", "deliveryOffice": "KATHERINE DC", "locality": "TINDAL"}, "model": "core.postcode", "pk": 262}, {"fields": {"state": "NT", "code": "854", "deliveryOffice": "KATHERINE DC", "locality": "BORROLOOLA"}, "model": "core.postcode", "pk": 263}, {"fields": {"state": "NT", "code": "854", "deliveryOffice": "KATHERINE DC", "locality": "KING ASH BAY"}, "model": "core.postcode", "pk": 264}, {"fields": {"state": "NT", "code": "860", "deliveryOffice": "TENNANT CREEK LPO", "locality": "TENNANT CREEK"}, "model": "core.postcode", "pk": 265}, {"fields": {"state": "NT", "code": "861", "deliveryOffice": "TENNANT CREEK LPO", "locality": "BRUNCHILLY"}, "model": "core.postcode", "pk": 266}, {"fields": {"state": "NT", "code": "861", "deliveryOffice": "TENNANT CREEK LPO", "locality": "TENNANT CREEK"}, "model": "core.postcode", "pk": 267}, {"fields": {"state": "NT", "code": "862", "deliveryOffice": "TENNANT CREEK LPO", "locality": "AVON DOWNS"}, "model": "core.postcode", "pk": 268}, {"fields": {"state": "NT", "code": "862", "deliveryOffice": "TENNANT CREEK LPO", "locality": "CALVERT"}, "model": "core.postcode", "pk": 269}, {"fields": {"state": "NT", "code": "862", "deliveryOffice": "TENNANT CREEK LPO", "locality": "CRESSWELL DOWNS"}, "model": "core.postcode", "pk": 270}, {"fields": {"state": "NT", "code": "862", "deliveryOffice": "TENNANT CREEK LPO", "locality": "ELLIOTT"}, "model": "core.postcode", "pk": 271}, {"fields": {"state": "NT", "code": "862", "deliveryOffice": "TENNANT CREEK LPO", "locality": "HELEN SPRINGS"}, "model": "core.postcode", "pk": 272}, {"fields": {"state": "NT", "code": "862", "deliveryOffice": "TENNANT CREEK LPO", "locality": "MUCKATY STATION"}, "model": "core.postcode", "pk": 273}, {"fields": {"state": "NT", "code": "862", "deliveryOffice": "TENNANT CREEK LPO", "locality": "NEWCASTLE WATERS"}, "model": "core.postcode", "pk": 274}, {"fields": {"state": "NT", "code": "862", "deliveryOffice": "TENNANT CREEK LPO", "locality": "NICHOLSON"}, "model": "core.postcode", "pk": 275}, {"fields": {"state": "NT", "code": "862", "deliveryOffice": "TENNANT CREEK LPO", "locality": "PAMAYU"}, "model": "core.postcode", "pk": 276}, {"fields": {"state": "NT", "code": "862", "deliveryOffice": "TENNANT CREEK LPO", "locality": "PHILLIP CREEK STATION"}, "model": "core.postcode", "pk": 277}, {"fields": {"state": "NT", "code": "862", "deliveryOffice": "TENNANT CREEK LPO", "locality": "RENNER SPRINGS"}, "model": "core.postcode", "pk": 278}, {"fields": {"state": "NT", "code": "862", "deliveryOffice": "TENNANT CREEK LPO", "locality": "TABLELANDS"}, "model": "core.postcode", "pk": 279}, {"fields": {"state": "NT", "code": "862", "deliveryOffice": "TENNANT CREEK LPO", "locality": "TENNANT CREEK"}, "model": "core.postcode", "pk": 280}, {"fields": {"state": "NT", "code": "862", "deliveryOffice": "TENNANT CREEK LPO", "locality": "THREE WAYS"}, "model": "core.postcode", "pk": 281}, {"fields": {"state": "NT", "code": "862", "deliveryOffice": "TENNANT CREEK LPO", "locality": "WARREGO"}, "model": "core.postcode", "pk": 282}, {"fields": {"state": "NT", "code": "862", "deliveryOffice": "TENNANT CREEK LPO", "locality": "WOLLOGORANG STATION"}, "model": "core.postcode", "pk": 283}, {"fields": {"state": "NT", "code": "862", "deliveryOffice": "TENNANT CREEK LPO", "locality": "WYCLIFFE WELL"}, "model": "core.postcode", "pk": 284}, {"fields": {"state": "NT", "code": "870", "deliveryOffice": "ALICE SPRINGS DC", "locality": "ALICE SPRINGS"}, "model": "core.postcode", "pk": 285}, {"fields": {"state": "NT", "code": "870", "deliveryOffice": "ALICE SPRINGS DC", "locality": "ARALUEN"}, "model": "core.postcode", "pk": 286}, {"fields": {"state": "NT", "code": "870", "deliveryOffice": "ALICE SPRINGS DC", "locality": "ARUMBERA"}, "model": "core.postcode", "pk": 287}, {"fields": {"state": "NT", "code": "870", "deliveryOffice": "ALICE SPRINGS DC", "locality": "BRAITLING"}, "model": "core.postcode", "pk": 288}, {"fields": {"state": "NT", "code": "870", "deliveryOffice": "ALICE SPRINGS DC", "locality": "CICCONE"}, "model": "core.postcode", "pk": 289}, {"fields": {"state": "NT", "code": "870", "deliveryOffice": "ALICE SPRINGS DC", "locality": "CONNELLAN"}, "model": "core.postcode", "pk": 290}, {"fields": {"state": "NT", "code": "870", "deliveryOffice": "ALICE SPRINGS DC", "locality": "DESERT SPRINGS"}, "model": "core.postcode", "pk": 291}, {"fields": {"state": "NT", "code": "870", "deliveryOffice": "ALICE SPRINGS DC", "locality": "EAST SIDE"}, "model": "core.postcode", "pk": 292}, {"fields": {"state": "NT", "code": "870", "deliveryOffice": "ALICE SPRINGS DC", "locality": "FLYNN"}, "model": "core.postcode", "pk": 293}, {"fields": {"state": "NT", "code": "870", "deliveryOffice": "ALICE SPRINGS DC", "locality": "GILLEN"}, "model": "core.postcode", "pk": 294}, {"fields": {"state": "NT", "code": "870", "deliveryOffice": "ALICE SPRINGS DC", "locality": "ILPARPA"}, "model": "core.postcode", "pk": 295}, {"fields": {"state": "NT", "code": "870", "deliveryOffice": "ALICE SPRINGS DC", "locality": "IRLPME"}, "model": "core.postcode", "pk": 296}, {"fields": {"state": "NT", "code": "870", "deliveryOffice": "ALICE SPRINGS DC", "locality": "LARAPINTA"}, "model": "core.postcode", "pk": 297}, {"fields": {"state": "NT", "code": "870", "deliveryOffice": "ALICE SPRINGS DC", "locality": "MOUNT JOHNS"}, "model": "core.postcode", "pk": 298}, {"fields": {"state": "NT", "code": "870", "deliveryOffice": "ALICE SPRINGS DC", "locality": "ROSS"}, "model": "core.postcode", "pk": 299}, {"fields": {"state": "NT", "code": "870", "deliveryOffice": "ALICE SPRINGS DC", "locality": "SADADEEN"}, "model": "core.postcode", "pk": 300}, {"fields": {"state": "NT", "code": "870", "deliveryOffice": "ALICE SPRINGS DC", "locality": "STUART"}, "model": "core.postcode", "pk": 301}, {"fields": {"state": "NT", "code": "870", "deliveryOffice": "ALICE SPRINGS DC", "locality": "THE GAP"}, "model": "core.postcode", "pk": 302}, {"fields": {"state": "NT", "code": "870", "deliveryOffice": "ALICE SPRINGS DC", "locality": "UNDOOLYA"}, "model": "core.postcode", "pk": 303}, {"fields": {"state": "NT", "code": "870", "deliveryOffice": "ALICE SPRINGS DC", "locality": "WHITE GUMS"}, "model": "core.postcode", "pk": 304}, {"fields": {"state": "NT", "code": "871", "deliveryOffice": "ALICE SPRINGS DC", "locality": "ALICE SPRINGS"}, "model": "core.postcode", "pk": 305}, {"fields": {"state": "NT", "code": "872", "deliveryOffice": "ALICE SPRINGS DC", "locality": "AHERRENGE"}, "model": "core.postcode", "pk": 306}, {"fields": {"state": "NT", "code": "872", "deliveryOffice": "ALICE SPRINGS DC", "locality": "ALI CURUNG"}, "model": "core.postcode", "pk": 307}, {"fields": {"state": "NT", "code": "872", "deliveryOffice": "ALICE SPRINGS DC", "locality": "ALICE SPRINGS"}, "model": "core.postcode", "pk": 308}, {"fields": {"state": "SA", "code": "872", "deliveryOffice": "ALICE SPRINGS DC", "locality": "AMATA"}, "model": "core.postcode", "pk": 309}, {"fields": {"state": "NT", "code": "872", "deliveryOffice": "ALICE SPRINGS DC", "locality": "AMOONGUNA"}, "model": "core.postcode", "pk": 310}, {"fields": {"state": "NT", "code": "872", "deliveryOffice": "ALICE SPRINGS DC", "locality": "AMPILATWATJA"}, "model": "core.postcode", "pk": 311}, {"fields": {"state": "NT", "code": "872", "deliveryOffice": "ALICE SPRINGS DC", "locality": "ANATYE"}, "model": "core.postcode", "pk": 312}, {"fields": {"state": "NT", "code": "872", "deliveryOffice": "ALICE SPRINGS DC", "locality": "ANMATJERE"}, "model": "core.postcode", "pk": 313}, {"fields": {"state": "NT", "code": "872", "deliveryOffice": "ALICE SPRINGS DC", "locality": "ANTEWENEGERRDE"}, "model": "core.postcode", "pk": 314}, {"fields": {"state": "NT", "code": "872", "deliveryOffice": "ALICE SPRINGS DC", "locality": "AREYONGA"}, "model": "core.postcode", "pk": 315}, {"fields": {"state": "NT", "code": "872", "deliveryOffice": "ALICE SPRINGS DC", "locality": "ATITJERE"}, "model": "core.postcode", "pk": 316}, {"fields": {"state": "NT", "code": "872", "deliveryOffice": "ALICE SPRINGS DC", "locality": "AYERS ROCK"}, "model": "core.postcode", "pk": 317}, {"fields": {"state": "NT", "code": "872", "deliveryOffice": "ALICE SPRINGS DC", "locality": "BARROW CREEK"}, "model": "core.postcode", "pk": 318}, {"fields": {"state": "NT", "code": "872", "deliveryOffice": "ALICE SPRINGS DC", "locality": "BURT PLAIN"}, "model": "core.postcode", "pk": 319}, {"fields": {"state": "NT", "code": "872", "deliveryOffice": "ALICE SPRINGS DC", "locality": "CANTEEN CREEK"}, "model": "core.postcode", "pk": 320}, {"fields": {"state": "NT", "code": "872", "deliveryOffice": "ALICE SPRINGS DC", "locality": "CHILLA WELL"}, "model": "core.postcode", "pk": 321}, {"fields": {"state": "NT", "code": "872", "deliveryOffice": "ALICE SPRINGS DC", "locality": "COSTELLO"}, "model": "core.postcode", "pk": 322}, {"fields": {"state": "NT", "code": "872", "deliveryOffice": "ALICE SPRINGS DC", "locality": "DAVENPORT"}, "model": "core.postcode", "pk": 323}, {"fields": {"state": "NT", "code": "872", "deliveryOffice": "ALICE SPRINGS DC", "locality": "DOCKER RIVER"}, "model": "core.postcode", "pk": 324}, {"fields": {"state": "NT", "code": "872", "deliveryOffice": "ALICE SPRINGS DC", "locality": "ENGAWALA"}, "model": "core.postcode", "pk": 325}, {"fields": {"state": "NT", "code": "872", "deliveryOffice": "ALICE SPRINGS DC", "locality": "ERLDUNDA"}, "model": "core.postcode", "pk": 326}, {"fields": {"state": "SA", "code": "872", "deliveryOffice": "ALICE SPRINGS DC", "locality": "ERNABELLA"}, "model": "core.postcode", "pk": 327}, {"fields": {"state": "NT", "code": "872", "deliveryOffice": "ALICE SPRINGS DC", "locality": "FINKE"}, "model": "core.postcode", "pk": 328}, {"fields": {"state": "SA", "code": "872", "deliveryOffice": "ALICE SPRINGS DC", "locality": "FREGON"}, "model": "core.postcode", "pk": 329}, {"fields": {"state": "NT", "code": "872", "deliveryOffice": "ALICE SPRINGS DC", "locality": "GHAN"}, "model": "core.postcode", "pk": 330}, {"fields": {"state": "WA", "code": "872", "deliveryOffice": "ALICE SPRINGS DC", "locality": "GIBSON DESERT NORTH"}, "model": "core.postcode", "pk": 331}, {"fields": {"state": "WA", "code": "872", "deliveryOffice": "ALICE SPRINGS DC", "locality": "GIBSON DESERT SOUTH"}, "model": "core.postcode", "pk": 332}, {"fields": {"state": "NT", "code": "872", "deliveryOffice": "ALICE SPRINGS DC", "locality": "HAASTS BLUFF"}, "model": "core.postcode", "pk": 333}, {"fields": {"state": "NT", "code": "872", "deliveryOffice": "ALICE SPRINGS DC", "locality": "HALE"}, "model": "core.postcode", "pk": 334}, {"fields": {"state": "NT", "code": "872", "deliveryOffice": "ALICE SPRINGS DC", "locality": "HART"}, "model": "core.postcode", "pk": 335}, {"fields": {"state": "NT", "code": "872", "deliveryOffice": "ALICE SPRINGS DC", "locality": "HART RANGE"}, "model": "core.postcode", "pk": 336}, {"fields": {"state": "NT", "code": "872", "deliveryOffice": "ALICE SPRINGS DC", "locality": "HERMANNSBURG"}, "model": "core.postcode", "pk": 337}, {"fields": {"state": "NT", "code": "872", "deliveryOffice": "ALICE SPRINGS DC", "locality": "HUGH"}, "model": "core.postcode", "pk": 338}, {"fields": {"state": "NT", "code": "872", "deliveryOffice": "ALICE SPRINGS DC", "locality": "IMANPA"}, "model": "core.postcode", "pk": 339}, {"fields": {"state": "SA", "code": "872", "deliveryOffice": "ALICE SPRINGS DC", "locality": "INDULKANA"}, "model": "core.postcode", "pk": 340}, {"fields": {"state": "NT", "code": "872", "deliveryOffice": "ALICE SPRINGS DC", "locality": "ININTI STORE"}, "model": "core.postcode", "pk": 341}, {"fields": {"state": "NT", "code": "872", "deliveryOffice": "ALICE SPRINGS DC", "locality": "JAY CREEK"}, "model": "core.postcode", "pk": 342}, {"fields": {"state": "NT", "code": "872", "deliveryOffice": "ALICE SPRINGS DC", "locality": "KALTUKATJARA"}, "model": "core.postcode", "pk": 343}, {"fields": {"state": "NT", "code": "872", "deliveryOffice": "ALICE SPRINGS DC", "locality": "KINTORE"}, "model": "core.postcode", "pk": 344}, {"fields": {"state": "WA", "code": "872", "deliveryOffice": "ALICE SPRINGS DC", "locality": "KIWIRRKURRA"}, "model": "core.postcode", "pk": 345}, {"fields": {"state": "NT", "code": "872", "deliveryOffice": "ALICE SPRINGS DC", "locality": "KULGERA"}, "model": "core.postcode", "pk": 346}, {"fields": {"state": "NT", "code": "872", "deliveryOffice": "ALICE SPRINGS DC", "locality": "KUNPARRKA"}, "model": "core.postcode", "pk": 347}, {"fields": {"state": "NT", "code": "872", "deliveryOffice": "ALICE SPRINGS DC", "locality": "LAKE MACKAY"}, "model": "core.postcode", "pk": 348}, {"fields": {"state": "NT", "code": "872", "deliveryOffice": "ALICE SPRINGS DC", "locality": "LARAMBA"}, "model": "core.postcode", "pk": 349}, {"fields": {"state": "NT", "code": "872", "deliveryOffice": "ALICE SPRINGS DC", "locality": "MEREENIE"}, "model": "core.postcode", "pk": 350}, {"fields": {"state": "SA", "code": "872", "deliveryOffice": "ALICE SPRINGS DC", "locality": "MIMILI"}, "model": "core.postcode", "pk": 351}, {"fields": {"state": "NT", "code": "872", "deliveryOffice": "ALICE SPRINGS DC", "locality": "MOUNT LIEBIG"}, "model": "core.postcode", "pk": 352}, {"fields": {"state": "NT", "code": "872", "deliveryOffice": "ALICE SPRINGS DC", "locality": "MOUNT ZEIL"}, "model": "core.postcode", "pk": 353}, {"fields": {"state": "NT", "code": "872", "deliveryOffice": "ALICE SPRINGS DC", "locality": "MULGA BORE"}, "model": "core.postcode", "pk": 354}, {"fields": {"state": "SA", "code": "872", "deliveryOffice": "ALICE SPRINGS DC", "locality": "MURPUTJA HOMELANDS"}, "model": "core.postcode", "pk": 355}, {"fields": {"state": "NT", "code": "872", "deliveryOffice": "ALICE SPRINGS DC", "locality": "MUTITJULU"}, "model": "core.postcode", "pk": 356}, {"fields": {"state": "NT", "code": "872", "deliveryOffice": "ALICE SPRINGS DC", "locality": "NAMATJIRA"}, "model": "core.postcode", "pk": 357}, {"fields": {"state": "WA", "code": "872", "deliveryOffice": "ALICE SPRINGS DC", "locality": "NGAANYATJARRA-GILES"}, "model": "core.postcode", "pk": 358}, {"fields": {"state": "SA", "code": "872", "deliveryOffice": "ALICE SPRINGS DC", "locality": "NYAPARI"}, "model": "core.postcode", "pk": 359}, {"fields": {"state": "NT", "code": "872", "deliveryOffice": "ALICE SPRINGS DC", "locality": "NYIRRIPI"}, "model": "core.postcode", "pk": 360}, {"fields": {"state": "NT", "code": "872", "deliveryOffice": "ALICE SPRINGS DC", "locality": "PAPUNYA"}, "model": "core.postcode", "pk": 361}, {"fields": {"state": "WA", "code": "872", "deliveryOffice": "ALICE SPRINGS DC", "locality": "PATJARR"}, "model": "core.postcode", "pk": 362}, {"fields": {"state": "NT", "code": "872", "deliveryOffice": "ALICE SPRINGS DC", "locality": "PETERMANN"}, "model": "core.postcode", "pk": 363}, {"fields": {"state": "SA", "code": "872", "deliveryOffice": "ALICE SPRINGS DC", "locality": "PITJANTJATJARA HOMELANDS"}, "model": "core.postcode", "pk": 364}, {"fields": {"state": "NT", "code": "872", "deliveryOffice": "ALICE SPRINGS DC", "locality": "SANDOVER"}, "model": "core.postcode", "pk": 365}, {"fields": {"state": "NT", "code": "872", "deliveryOffice": "ALICE SPRINGS DC", "locality": "SANTA TERESA"}, "model": "core.postcode", "pk": 366}, {"fields": {"state": "NT", "code": "872", "deliveryOffice": "ALICE SPRINGS DC", "locality": "SIMPSON"}, "model": "core.postcode", "pk": 367}, {"fields": {"state": "NT", "code": "872", "deliveryOffice": "ALICE SPRINGS DC", "locality": "TANAMI"}, "model": "core.postcode", "pk": 368}, {"fields": {"state": "NT", "code": "872", "deliveryOffice": "ALICE SPRINGS DC", "locality": "TARA"}, "model": "core.postcode", "pk": 369}, {"fields": {"state": "NT", "code": "872", "deliveryOffice": "ALICE SPRINGS DC", "locality": "THANGKENHARENGE"}, "model": "core.postcode", "pk": 370}, {"fields": {"state": "NT", "code": "872", "deliveryOffice": "ALICE SPRINGS DC", "locality": "TI TREE"}, "model": "core.postcode", "pk": 371}, {"fields": {"state": "NT", "code": "872", "deliveryOffice": "ALICE SPRINGS DC", "locality": "TITJIKALA"}, "model": "core.postcode", "pk": 372}, {"fields": {"state": "WA", "code": "872", "deliveryOffice": "ALICE SPRINGS DC", "locality": "TJIRRKARLI"}, "model": "core.postcode", "pk": 373}, {"fields": {"state": "WA", "code": "872", "deliveryOffice": "ALICE SPRINGS DC", "locality": "TJUKURLA"}, "model": "core.postcode", "pk": 374}, {"fields": {"state": "NT", "code": "872", "deliveryOffice": "ALICE SPRINGS DC", "locality": "ULURU"}, "model": "core.postcode", "pk": 375}, {"fields": {"state": "NT", "code": "872", "deliveryOffice": "ALICE SPRINGS DC", "locality": "UMPANGARA"}, "model": "core.postcode", "pk": 376}, {"fields": {"state": "NT", "code": "872", "deliveryOffice": "ALICE SPRINGS DC", "locality": "URAPUNTJA"}, "model": "core.postcode", "pk": 377}, {"fields": {"state": "NT", "code": "872", "deliveryOffice": "ALICE SPRINGS DC", "locality": "WALLACE ROCKHOLE"}, "model": "core.postcode", "pk": 378}, {"fields": {"state": "WA", "code": "872", "deliveryOffice": "ALICE SPRINGS DC", "locality": "WANNAN"}, "model": "core.postcode", "pk": 379}, {"fields": {"state": "NT", "code": "872", "deliveryOffice": "ALICE SPRINGS DC", "locality": "WILLOWRA"}, "model": "core.postcode", "pk": 380}, {"fields": {"state": "NT", "code": "872", "deliveryOffice": "ALICE SPRINGS DC", "locality": "WILORA"}, "model": "core.postcode", "pk": 381}, {"fields": {"state": "WA", "code": "872", "deliveryOffice": "ALICE SPRINGS DC", "locality": "WINGELLINA"}, "model": "core.postcode", "pk": 382}, {"fields": {"state": "NT", "code": "872", "deliveryOffice": "ALICE SPRINGS DC", "locality": "WUTUNUGURRA"}, "model": "core.postcode", "pk": 383}, {"fields": {"state": "NT", "code": "872", "deliveryOffice": "ALICE SPRINGS DC", "locality": "YUELAMU"}, "model": "core.postcode", "pk": 384}, {"fields": {"state": "NT", "code": "872", "deliveryOffice": "ALICE SPRINGS DC", "locality": "YUENDUMU"}, "model": "core.postcode", "pk": 385}, {"fields": {"state": "NT", "code": "872", "deliveryOffice": "ALICE SPRINGS DC", "locality": "YULARA"}, "model": "core.postcode", "pk": 386}, {"fields": {"state": "NT", "code": "873", "deliveryOffice": "ALICE SPRINGS DC", "locality": "HEAVITREE GAP CPA"}, "model": "core.postcode", "pk": 387}, {"fields": {"state": "NT", "code": "880", "deliveryOffice": "NHULUNBUY", "locality": "GAPUWIYAK"}, "model": "core.postcode", "pk": 388}, {"fields": {"state": "NT", "code": "880", "deliveryOffice": "NHULUNBUY", "locality": "GOVE"}, "model": "core.postcode", "pk": 389}, {"fields": {"state": "NT", "code": "880", "deliveryOffice": "NHULUNBUY", "locality": "GUNYANGARA"}, "model": "core.postcode", "pk": 390}, {"fields": {"state": "NT", "code": "880", "deliveryOffice": "NHULUNBUY", "locality": "NHULUNBUY"}, "model": "core.postcode", "pk": 391}, {"fields": {"state": "NT", "code": "880", "deliveryOffice": "NHULUNBUY", "locality": "YIRRKALA"}, "model": "core.postcode", "pk": 392}, {"fields": {"state": "NT", "code": "881", "deliveryOffice": "NHULUNBUY", "locality": "NHULUNBUY"}, "model": "core.postcode", "pk": 393}, {"fields": {"state": "NT", "code": "885", "deliveryOffice": "ALYANGULA LPO", "locality": "ALYANGULA"}, "model": "core.postcode", "pk": 394}, {"fields": {"state": "NT", "code": "886", "deliveryOffice": "JABIRU LPO", "locality": "JABIRU"}, "model": "core.postcode", "pk": 395}, {"fields": {"state": "NT", "code": "906", "deliveryOffice": "WINNELLIE BC", "locality": "WINNELLIE"}, "model": "core.postcode", "pk": 396}, {"fields": {"state": "NT", "code": "907", "deliveryOffice": "WINNELLIE BC", "locality": "WINNELLIE"}, "model": "core.postcode", "pk": 397}, {"fields": {"state": "NT", "code": "909", "deliveryOffice": "DARWIN DELIVERY CENTRE", "locality": "CHARLES DARWIN UNIVERSITY"}, "model": "core.postcode", "pk": 398}, {"fields": {"state": "NSW", "code": "1001", "deliveryOffice": "ALEXANDRIA DF", "locality": "SYDNEY"}, "model": "core.postcode", "pk": 399}, {"fields": {"state": "NSW", "code": "1002", "deliveryOffice": "ALEXANDRIA DF", "locality": "SYDNEY"}, "model": "core.postcode", "pk": 400}, {"fields": {"state": "NSW", "code": "1003", "deliveryOffice": "ALEXANDRIA DF", "locality": "SYDNEY"}, "model": "core.postcode", "pk": 401}, {"fields": {"state": "NSW", "code": "1004", "deliveryOffice": "ALEXANDRIA DF", "locality": "SYDNEY"}, "model": "core.postcode", "pk": 402}, {"fields": {"state": "NSW", "code": "1005", "deliveryOffice": "GPO BOX CENTRE SYDNEY", "locality": "SYDNEY"}, "model": "core.postcode", "pk": 403}, {"fields": {"state": "NSW", "code": "1006", "deliveryOffice": "GPO BOX CENTRE SYDNEY", "locality": "SYDNEY"}, "model": "core.postcode", "pk": 404}, {"fields": {"state": "NSW", "code": "1007", "deliveryOffice": "GPO BOX CENTRE SYDNEY", "locality": "SYDNEY"}, "model": "core.postcode", "pk": 405}, {"fields": {"state": "NSW", "code": "1008", "deliveryOffice": "GPO BOX CENTRE SYDNEY", "locality": "SYDNEY"}, "model": "core.postcode", "pk": 406}, {"fields": {"state": "NSW", "code": "1009", "deliveryOffice": "GPO BOX CENTRE SYDNEY", "locality": "SYDNEY"}, "model": "core.postcode", "pk": 407}, {"fields": {"state": "NSW", "code": "1010", "deliveryOffice": "GPO BOX CENTRE SYDNEY", "locality": "SYDNEY"}, "model": "core.postcode", "pk": 408}, {"fields": {"state": "NSW", "code": "1011", "deliveryOffice": "SYDNEY WEST LETTERS FACILITY", "locality": "SYDNEY"}, "model": "core.postcode", "pk": 409}, {"fields": {"state": "NSW", "code": "1020", "deliveryOffice": "GPO BOX CENTRE SYDNEY", "locality": "SYDNEY"}, "model": "core.postcode", "pk": 410}, {"fields": {"state": "NSW", "code": "1021", "deliveryOffice": "GPO BOX CENTRE SYDNEY", "locality": "SYDNEY"}, "model": "core.postcode", "pk": 411}, {"fields": {"state": "NSW", "code": "1022", "deliveryOffice": "GPO BOX CENTRE SYDNEY", "locality": "SYDNEY"}, "model": "core.postcode", "pk": 412}, {"fields": {"state": "NSW", "code": "1023", "deliveryOffice": "GPO BOX CENTRE SYDNEY", "locality": "SYDNEY"}, "model": "core.postcode", "pk": 413}, {"fields": {"state": "NSW", "code": "1025", "deliveryOffice": "GPO BOX CENTRE SYDNEY", "locality": "SYDNEY"}, "model": "core.postcode", "pk": 414}, {"fields": {"state": "NSW", "code": "1026", "deliveryOffice": "GPO BOX CENTRE SYDNEY", "locality": "SYDNEY"}, "model": "core.postcode", "pk": 415}, {"fields": {"state": "NSW", "code": "1027", "deliveryOffice": "GPO BOX CENTRE SYDNEY", "locality": "SYDNEY"}, "model": "core.postcode", "pk": 416}, {"fields": {"state": "NSW", "code": "1028", "deliveryOffice": "GPO BOX CENTRE SYDNEY", "locality": "SYDNEY"}, "model": "core.postcode", "pk": 417}, {"fields": {"state": "NSW", "code": "1029", "deliveryOffice": "GPO BOX CENTRE SYDNEY", "locality": "SYDNEY"}, "model": "core.postcode", "pk": 418}, {"fields": {"state": "NSW", "code": "1030", "deliveryOffice": "GPO BOX CENTRE SYDNEY", "locality": "SYDNEY"}, "model": "core.postcode", "pk": 419}, {"fields": {"state": "NSW", "code": "1031", "deliveryOffice": "ALEXANDRIA DF", "locality": "SYDNEY"}, "model": "core.postcode", "pk": 420}, {"fields": {"state": "NSW", "code": "1032", "deliveryOffice": "ALEXANDRIA DF", "locality": "SYDNEY"}, "model": "core.postcode", "pk": 421}, {"fields": {"state": "NSW", "code": "1033", "deliveryOffice": "ALEXANDRIA DF", "locality": "SYDNEY"}, "model": "core.postcode", "pk": 422}, {"fields": {"state": "NSW", "code": "1034", "deliveryOffice": "ALEXANDRIA DF", "locality": "SYDNEY"}, "model": "core.postcode", "pk": 423}, {"fields": {"state": "NSW", "code": "1035", "deliveryOffice": "ALEXANDRIA DF", "locality": "SYDNEY"}, "model": "core.postcode", "pk": 424}, {"fields": {"state": "NSW", "code": "1036", "deliveryOffice": "ALEXANDRIA DF", "locality": "SYDNEY"}, "model": "core.postcode", "pk": 425}, {"fields": {"state": "NSW", "code": "1037", "deliveryOffice": "ALEXANDRIA DF", "locality": "SYDNEY"}, "model": "core.postcode", "pk": 426}, {"fields": {"state": "NSW", "code": "1038", "deliveryOffice": "ALEXANDRIA DF", "locality": "SYDNEY"}, "model": "core.postcode", "pk": 427}, {"fields": {"state": "NSW", "code": "1039", "deliveryOffice": "GPO BOX CENTRE SYDNEY", "locality": "SYDNEY"}, "model": "core.postcode", "pk": 428}, {"fields": {"state": "NSW", "code": "1040", "deliveryOffice": "GPO BOX CENTRE SYDNEY", "locality": "SYDNEY"}, "model": "core.postcode", "pk": 429}, {"fields": {"state": "NSW", "code": "1041", "deliveryOffice": "GPO BOX CENTRE SYDNEY", "locality": "SYDNEY"}, "model": "core.postcode", "pk": 430}, {"fields": {"state": "NSW", "code": "1042", "deliveryOffice": "GPO BOX CENTRE SYDNEY", "locality": "SYDNEY"}, "model": "core.postcode", "pk": 431}, {"fields": {"state": "NSW", "code": "1043", "deliveryOffice": "GPO BOX CENTRE SYDNEY", "locality": "SYDNEY"}, "model": "core.postcode", "pk": 432}, {"fields": {"state": "NSW", "code": "1044", "deliveryOffice": "GPO BOX CENTRE SYDNEY", "locality": "SYDNEY"}, "model": "core.postcode", "pk": 433}, {"fields": {"state": "NSW", "code": "1045", "deliveryOffice": "GPO BOX CENTRE SYDNEY", "locality": "SYDNEY"}, "model": "core.postcode", "pk": 434}, {"fields": {"state": "NSW", "code": "1046", "deliveryOffice": "GPO BOX CENTRE SYDNEY", "locality": "SYDNEY"}, "model": "core.postcode", "pk": 435}, {"fields": {"state": "NSW", "code": "1100", "deliveryOffice": "GPO BOX CENTRE SYDNEY", "locality": "SYDNEY"}, "model": "core.postcode", "pk": 436}, {"fields": {"state": "NSW", "code": "1101", "deliveryOffice": "GPO BOX CENTRE SYDNEY", "locality": "SYDNEY"}, "model": "core.postcode", "pk": 437}, {"fields": {"state": "NSW", "code": "1105", "deliveryOffice": "ALEXANDRIA DF", "locality": "SYDNEY"}, "model": "core.postcode", "pk": 438}, {"fields": {"state": "NSW", "code": "1106", "deliveryOffice": "GPO BOX CENTRE SYDNEY", "locality": "SYDNEY"}, "model": "core.postcode", "pk": 439}, {"fields": {"state": "NSW", "code": "1107", "deliveryOffice": "GPO BOX CENTRE SYDNEY", "locality": "SYDNEY"}, "model": "core.postcode", "pk": 440}, {"fields": {"state": "NSW", "code": "1108", "deliveryOffice": "GPO BOX CENTRE SYDNEY", "locality": "SYDNEY"}, "model": "core.postcode", "pk": 441}, {"fields": {"state": "NSW", "code": "1109", "deliveryOffice": "GPO BOX CENTRE SYDNEY", "locality": "SYDNEY"}, "model": "core.postcode", "pk": 442}, {"fields": {"state": "NSW", "code": "1110", "deliveryOffice": "GPO BOX CENTRE SYDNEY", "locality": "SYDNEY"}, "model": "core.postcode", "pk": 443}, {"fields": {"state": "NSW", "code": "1112", "deliveryOffice": "ALEXANDRIA DF", "locality": "SYDNEY"}, "model": "core.postcode", "pk": 444}, {"fields": {"state": "NSW", "code": "1113", "deliveryOffice": "ALEXANDRIA DF", "locality": "SYDNEY"}, "model": "core.postcode", "pk": 445}, {"fields": {"state": "NSW", "code": "1114", "deliveryOffice": "GPO BOX CENTRE SYDNEY", "locality": "SYDNEY"}, "model": "core.postcode", "pk": 446}, {"fields": {"state": "NSW", "code": "1115", "deliveryOffice": "GPO BOX CENTRE SYDNEY", "locality": "SYDNEY"}, "model": "core.postcode", "pk": 447}, {"fields": {"state": "NSW", "code": "1116", "deliveryOffice": "GPO BOX CENTRE SYDNEY", "locality": "SYDNEY"}, "model": "core.postcode", "pk": 448}, {"fields": {"state": "NSW", "code": "1117", "deliveryOffice": "GPO BOX CENTRE SYDNEY", "locality": "SYDNEY"}, "model": "core.postcode", "pk": 449}, {"fields": {"state": "NSW", "code": "1118", "deliveryOffice": "GPO BOX CENTRE SYDNEY", "locality": "SYDNEY"}, "model": "core.postcode", "pk": 450}, {"fields": {"state": "NSW", "code": "1119", "deliveryOffice": "ALEXANDRIA DF", "locality": "SYDNEY"}, "model": "core.postcode", "pk": 451}, {"fields": {"state": "NSW", "code": "1120", "deliveryOffice": "GPO BOX CENTRE SYDNEY", "locality": "SYDNEY"}, "model": "core.postcode", "pk": 452}, {"fields": {"state": "NSW", "code": "1121", "deliveryOffice": "GPO BOX CENTRE SYDNEY", "locality": "SYDNEY"}, "model": "core.postcode", "pk": 453}, {"fields": {"state": "NSW", "code": "1122", "deliveryOffice": "ALEXANDRIA DF", "locality": "SYDNEY"}, "model": "core.postcode", "pk": 454}, {"fields": {"state": "NSW", "code": "1123", "deliveryOffice": "GPO BOX CENTRE SYDNEY", "locality": "SYDNEY"}, "model": "core.postcode", "pk": 455}, {"fields": {"state": "NSW", "code": "1124", "deliveryOffice": "GPO BOX CENTRE SYDNEY", "locality": "SYDNEY"}, "model": "core.postcode", "pk": 456}, {"fields": {"state": "NSW", "code": "1125", "deliveryOffice": "GPO BOX CENTRE SYDNEY", "locality": "SYDNEY"}, "model": "core.postcode", "pk": 457}, {"fields": {"state": "NSW", "code": "1126", "deliveryOffice": "ALEXANDRIA DF", "locality": "SYDNEY"}, "model": "core.postcode", "pk": 458}, {"fields": {"state": "NSW", "code": "1127", "deliveryOffice": "GPO BOX CENTRE SYDNEY", "locality": "SYDNEY"}, "model": "core.postcode", "pk": 459}, {"fields": {"state": "NSW", "code": "1128", "deliveryOffice": "GPO BOX CENTRE SYDNEY", "locality": "SYDNEY"}, "model": "core.postcode", "pk": 460}, {"fields": {"state": "NSW", "code": "1129", "deliveryOffice": "ALEXANDRIA DF", "locality": "SYDNEY"}, "model": "core.postcode", "pk": 461}, {"fields": {"state": "NSW", "code": "1130", "deliveryOffice": "ALEXANDRIA DF", "locality": "SYDNEY"}, "model": "core.postcode", "pk": 462}, {"fields": {"state": "NSW", "code": "1131", "deliveryOffice": "ALEXANDRIA DF", "locality": "SYDNEY"}, "model": "core.postcode", "pk": 463}, {"fields": {"state": "NSW", "code": "1132", "deliveryOffice": "ALEXANDRIA DF", "locality": "SYDNEY"}, "model": "core.postcode", "pk": 464}, {"fields": {"state": "NSW", "code": "1133", "deliveryOffice": "ALEXANDRIA DF", "locality": "SYDNEY"}, "model": "core.postcode", "pk": 465}, {"fields": {"state": "NSW", "code": "1134", "deliveryOffice": "ALEXANDRIA DF", "locality": "SYDNEY"}, "model": "core.postcode", "pk": 466}, {"fields": {"state": "NSW", "code": "1135", "deliveryOffice": "GPO BOX CENTRE SYDNEY", "locality": "SYDNEY"}, "model": "core.postcode", "pk": 467}, {"fields": {"state": "NSW", "code": "1136", "deliveryOffice": "GPO BOX CENTRE SYDNEY", "locality": "SYDNEY"}, "model": "core.postcode", "pk": 468}, {"fields": {"state": "NSW", "code": "1137", "deliveryOffice": "ALEXANDRIA DF", "locality": "SYDNEY"}, "model": "core.postcode", "pk": 469}, {"fields": {"state": "NSW", "code": "1138", "deliveryOffice": "ALEXANDRIA DF", "locality": "SYDNEY"}, "model": "core.postcode", "pk": 470}, {"fields": {"state": "NSW", "code": "1139", "deliveryOffice": "GPO BOX CENTRE SYDNEY", "locality": "SYDNEY"}, "model": "core.postcode", "pk": 471}, {"fields": {"state": "NSW", "code": "1140", "deliveryOffice": "GPO BOX CENTRE SYDNEY", "locality": "SYDNEY"}, "model": "core.postcode", "pk": 472}, {"fields": {"state": "NSW", "code": "1141", "deliveryOffice": "GPO BOX CENTRE SYDNEY", "locality": "SYDNEY"}, "model": "core.postcode", "pk": 473}, {"fields": {"state": "NSW", "code": "1142", "deliveryOffice": "ALEXANDRIA DF", "locality": "SYDNEY"}, "model": "core.postcode", "pk": 474}, {"fields": {"state": "NSW", "code": "1143", "deliveryOffice": "ALEXANDRIA DF", "locality": "SYDNEY"}, "model": "core.postcode", "pk": 475}, {"fields": {"state": "NSW", "code": "1144", "deliveryOffice": "ALEXANDRIA DF", "locality": "SYDNEY"}, "model": "core.postcode", "pk": 476}, {"fields": {"state": "NSW", "code": "1145", "deliveryOffice": "ALEXANDRIA DF", "locality": "SYDNEY"}, "model": "core.postcode", "pk": 477}, {"fields": {"state": "NSW", "code": "1146", "deliveryOffice": "ALEXANDRIA DF", "locality": "SYDNEY"}, "model": "core.postcode", "pk": 478}, {"fields": {"state": "NSW", "code": "1147", "deliveryOffice": "ALEXANDRIA DF", "locality": "SYDNEY"}, "model": "core.postcode", "pk": 479}, {"fields": {"state": "NSW", "code": "1148", "deliveryOffice": "ALEXANDRIA DF", "locality": "SYDNEY"}, "model": "core.postcode", "pk": 480}, {"fields": {"state": "NSW", "code": "1149", "deliveryOffice": "ALEXANDRIA DF", "locality": "SYDNEY"}, "model": "core.postcode", "pk": 481}, {"fields": {"state": "NSW", "code": "1150", "deliveryOffice": "ALEXANDRIA DF", "locality": "SYDNEY"}, "model": "core.postcode", "pk": 482}, {"fields": {"state": "NSW", "code": "1151", "deliveryOffice": "ALEXANDRIA DF", "locality": "SYDNEY"}, "model": "core.postcode", "pk": 483}, {"fields": {"state": "NSW", "code": "1152", "deliveryOffice": "ALEXANDRIA DF", "locality": "SYDNEY"}, "model": "core.postcode", "pk": 484}, {"fields": {"state": "NSW", "code": "1153", "deliveryOffice": "ALEXANDRIA DF", "locality": "SYDNEY"}, "model": "core.postcode", "pk": 485}, {"fields": {"state": "NSW", "code": "1154", "deliveryOffice": "ALEXANDRIA DF", "locality": "SYDNEY"}, "model": "core.postcode", "pk": 486}, {"fields": {"state": "NSW", "code": "1155", "deliveryOffice": "GPO BOX CENTRE SYDNEY", "locality": "SYDNEY"}, "model": "core.postcode", "pk": 487}, {"fields": {"state": "NSW", "code": "1156", "deliveryOffice": "ALEXANDRIA DF", "locality": "SYDNEY"}, "model": "core.postcode", "pk": 488}, {"fields": {"state": "NSW", "code": "1157", "deliveryOffice": "ALEXANDRIA DF", "locality": "SYDNEY"}, "model": "core.postcode", "pk": 489}, {"fields": {"state": "NSW", "code": "1158", "deliveryOffice": "ALEXANDRIA DF", "locality": "SYDNEY"}, "model": "core.postcode", "pk": 490}, {"fields": {"state": "NSW", "code": "1159", "deliveryOffice": "ALEXANDRIA DF", "locality": "SYDNEY"}, "model": "core.postcode", "pk": 491}, {"fields": {"state": "NSW", "code": "1160", "deliveryOffice": "ALEXANDRIA DF", "locality": "SYDNEY"}, "model": "core.postcode", "pk": 492}, {"fields": {"state": "NSW", "code": "1161", "deliveryOffice": "GPO BOX CENTRE SYDNEY", "locality": "SYDNEY"}, "model": "core.postcode", "pk": 493}, {"fields": {"state": "NSW", "code": "1162", "deliveryOffice": "GPO BOX CENTRE SYDNEY", "locality": "SYDNEY"}, "model": "core.postcode", "pk": 494}, {"fields": {"state": "NSW", "code": "1163", "deliveryOffice": "GPO BOX CENTRE SYDNEY", "locality": "SYDNEY"}, "model": "core.postcode", "pk": 495}, {"fields": {"state": "NSW", "code": "1164", "deliveryOffice": "ALEXANDRIA DF", "locality": "SYDNEY"}, "model": "core.postcode", "pk": 496}, {"fields": {"state": "NSW", "code": "1165", "deliveryOffice": "ALEXANDRIA DF", "locality": "SYDNEY"}, "model": "core.postcode", "pk": 497}, {"fields": {"state": "NSW", "code": "1166", "deliveryOffice": "ALEXANDRIA DF", "locality": "SYDNEY"}, "model": "core.postcode", "pk": 498}, {"fields": {"state": "NSW", "code": "1167", "deliveryOffice": "ALEXANDRIA DF", "locality": "SYDNEY"}, "model": "core.postcode", "pk": 499}, {"fields": {"state": "NSW", "code": "1168", "deliveryOffice": "ALEXANDRIA DF", "locality": "SYDNEY"}, "model": "core.postcode", "pk": 500}]