[{"fields": {"extWarrantyTypes": [], "depth": 4, "group": 1, "name": "Standalone Monitors", "parentCategory": 106, "store": 12, "isShared": true}, "model": "core.productcategory", "pk": 1}, {"fields": {"extWarrantyTypes": [], "depth": 4, "group": 1, "name": "Networking", "parentCategory": 106, "store": 12, "isShared": true}, "model": "core.productcategory", "pk": 2}, {"fields": {"extWarrantyTypes": [], "depth": 4, "group": 1, "name": "Cases", "parentCategory": 107, "store": 12, "isShared": true}, "model": "core.productcategory", "pk": 3}, {"fields": {"extWarrantyTypes": [], "depth": 4, "group": 1, "name": "DSC", "parentCategory": 108, "store": 12, "isShared": true}, "model": "core.productcategory", "pk": 4}, {"fields": {"extWarrantyTypes": [], "depth": 4, "group": 1, "name": "Camera Bags", "parentCategory": 109, "store": 12, "isShared": true}, "model": "core.productcategory", "pk": 5}, {"fields": {"extWarrantyTypes": [], "depth": 4, "group": 1, "name": "Lenses", "parentCategory": 109, "store": 12, "isShared": true}, "model": "core.productcategory", "pk": 6}, {"fields": {"extWarrantyTypes": [], "depth": 4, "group": 1, "name": "Batteries", "parentCategory": 109, "store": 12, "isShared": true}, "model": "core.productcategory", "pk": 7}, {"fields": {"extWarrantyTypes": [], "depth": 4, "group": 1, "name": "Memory Cards", "parentCategory": 109, "store": 12, "isShared": true}, "model": "core.productcategory", "pk": 8}, {"fields": {"extWarrantyTypes": [], "depth": 4, "group": 1, "name": "Tripods / Stands", "parentCategory": 109, "store": 12, "isShared": true}, "model": "core.productcategory", "pk": 9}, {"fields": {"extWarrantyTypes": [], "depth": 4, "group": 1, "name": "Induction", "parentCategory": 110, "store": 12, "isShared": true}, "model": "core.productcategory", "pk": 10}, {"fields": {"extWarrantyTypes": [], "depth": 4, "group": 1, "name": "Non - Induction", "parentCategory": 110, "store": 12, "isShared": true}, "model": "core.productcategory", "pk": 11}, {"fields": {"extWarrantyTypes": [], "depth": 4, "group": 1, "name": "Pyrolytic", "parentCategory": 113, "store": 12, "isShared": true}, "model": "core.productcategory", "pk": 12}, {"fields": {"extWarrantyTypes": [], "depth": 4, "group": 1, "name": "Non Pyrolytic", "parentCategory": 113, "store": 12, "isShared": true}, "model": "core.productcategory", "pk": 13}, {"fields": {"extWarrantyTypes": [], "depth": 4, "group": 1, "name": "Coffee Makers - Other", "parentCategory": 117, "store": 12, "isShared": true}, "model": "core.productcategory", "pk": 14}, {"fields": {"extWarrantyTypes": [], "depth": 4, "group": 1, "name": "Freestanding / Built-In Dishwasher", "parentCategory": 118, "store": 12, "isShared": true}, "model": "core.productcategory", "pk": 15}, {"fields": {"extWarrantyTypes": [], "depth": 4, "group": 1, "name": "Integrated Dishwasher", "parentCategory": 118, "store": 12, "isShared": true}, "model": "core.productcategory", "pk": 16}, {"fields": {"extWarrantyTypes": [], "depth": 4, "group": 1, "name": "Semi Integrated D/washer", "parentCategory": 118, "store": 12, "isShared": true}, "model": "core.productcategory", "pk": 17}, {"fields": {"extWarrantyTypes": [], "depth": 4, "group": 1, "name": "FL_6.5KG +", "parentCategory": 121, "store": 12, "isShared": true}, "model": "core.productcategory", "pk": 18}, {"fields": {"extWarrantyTypes": [], "depth": 4, "group": 1, "name": "Table", "parentCategory": 123, "store": 12, "isShared": true}, "model": "core.productcategory", "pk": 19}, {"fields": {"extWarrantyTypes": [], "depth": 4, "group": 1, "name": "Hi Fi Components", "parentCategory": 126, "store": 12, "isShared": true}, "model": "core.productcategory", "pk": 20}, {"fields": {"extWarrantyTypes": [], "depth": 4, "group": 1, "name": "iPod", "parentCategory": 127, "store": 12, "isShared": true}, "model": "core.productcategory", "pk": 21}, {"fields": {"extWarrantyTypes": [], "depth": 4, "group": 1, "name": "FL_Under 6.5KG", "parentCategory": 121, "store": 12, "isShared": true}, "model": "core.productcategory", "pk": 22}, {"fields": {"extWarrantyTypes": [], "depth": 4, "group": 1, "name": "External Hard Drive", "parentCategory": 131, "store": 12, "isShared": true}, "model": "core.productcategory", "pk": 23}, {"fields": {"extWarrantyTypes": [], "depth": 4, "group": 1, "name": "Air Conditioning Split Systems", "parentCategory": 135, "store": 12, "isShared": true}, "model": "core.productcategory", "pk": 24}, {"fields": {"extWarrantyTypes": [], "depth": 4, "group": 1, "name": "Chest", "parentCategory": 137, "store": 12, "isShared": true}, "model": "core.productcategory", "pk": 25}, {"fields": {"extWarrantyTypes": [], "depth": 4, "group": 1, "name": "Vertical", "parentCategory": 137, "store": 12, "isShared": true}, "model": "core.productcategory", "pk": 26}, {"fields": {"extWarrantyTypes": [], "depth": 4, "group": 1, "name": "Surge Protection", "parentCategory": 126, "store": 12, "isShared": true}, "model": "core.productcategory", "pk": 27}, {"fields": {"extWarrantyTypes": [], "depth": 4, "group": 1, "name": "Cleaning Kits", "parentCategory": 126, "store": 12, "isShared": true}, "model": "core.productcategory", "pk": 28}, {"fields": {"extWarrantyTypes": [], "depth": 4, "group": 1, "name": "Universal Remotes", "parentCategory": 126, "store": 12, "isShared": true}, "model": "core.productcategory", "pk": 29}, {"fields": {"extWarrantyTypes": [], "depth": 4, "group": 1, "name": "Chargers", "parentCategory": 109, "store": 12, "isShared": true}, "model": "core.productcategory", "pk": 30}, {"fields": {"extWarrantyTypes": [], "depth": 4, "group": 1, "name": "USB", "parentCategory": 131, "store": 12, "isShared": true}, "model": "core.productcategory", "pk": 31}, {"fields": {"extWarrantyTypes": [], "depth": 4, "group": 1, "name": "Bluetooth", "parentCategory": 106, "store": 12, "isShared": true}, "model": "core.productcategory", "pk": 32}, {"fields": {"extWarrantyTypes": [], "depth": 4, "group": 1, "name": "iPhone", "parentCategory": 127, "store": 12, "isShared": true}, "model": "core.productcategory", "pk": 33}, {"fields": {"extWarrantyTypes": [], "depth": 4, "group": 1, "name": "Mouse", "parentCategory": 107, "store": 12, "isShared": true}, "model": "core.productcategory", "pk": 34}, {"fields": {"extWarrantyTypes": [], "depth": 4, "group": 1, "name": "Sticky Pad", "parentCategory": 144, "store": 12, "isShared": true}, "model": "core.productcategory", "pk": 35}, {"fields": {"extWarrantyTypes": [], "depth": 4, "group": 1, "name": "Sinks Only", "parentCategory": 147, "store": 12, "isShared": true}, "model": "core.productcategory", "pk": 36}, {"fields": {"extWarrantyTypes": [], "depth": 4, "group": 1, "name": "Sinks with Tap Packages", "parentCategory": 147, "store": 12, "isShared": true}, "model": "core.productcategory", "pk": 37}, {"fields": {"extWarrantyTypes": [], "depth": 4, "group": 1, "name": "Hand Blender", "parentCategory": 148, "store": 12, "isShared": true}, "model": "core.productcategory", "pk": 38}, {"fields": {"extWarrantyTypes": [], "depth": 4, "group": 1, "name": "Kitchen Machine", "parentCategory": 151, "store": 12, "isShared": true}, "model": "core.productcategory", "pk": 39}, {"fields": {"extWarrantyTypes": [], "depth": 4, "group": 1, "name": "Air Conditioning Other", "parentCategory": 135, "store": 12, "isShared": true}, "model": "core.productcategory", "pk": 40}, {"fields": {"extWarrantyTypes": [], "depth": 4, "group": 1, "name": "Liquidiser", "parentCategory": 148, "store": 12, "isShared": true}, "model": "core.productcategory", "pk": 41}, {"fields": {"extWarrantyTypes": [], "depth": 4, "group": 1, "name": "Coffee Makers - Nespresso", "parentCategory": 117, "store": 12, "isShared": true}, "model": "core.productcategory", "pk": 42}, {"fields": {"extWarrantyTypes": [], "depth": 4, "group": 1, "name": "Rice Cooker", "parentCategory": 157, "store": 12, "isShared": true}, "model": "core.productcategory", "pk": 43}, {"fields": {"extWarrantyTypes": [], "depth": 4, "group": 1, "name": "Slow Cooker", "parentCategory": 157, "store": 12, "isShared": true}, "model": "core.productcategory", "pk": 44}, {"fields": {"extWarrantyTypes": [], "depth": 4, "group": 1, "name": "Steamer", "parentCategory": 157, "store": 12, "isShared": true}, "model": "core.productcategory", "pk": 45}, {"fields": {"extWarrantyTypes": [], "depth": 4, "group": 1, "name": "Food Processor", "parentCategory": 149, "store": 12, "isShared": true}, "model": "core.productcategory", "pk": 46}, {"fields": {"extWarrantyTypes": [], "depth": 4, "group": 1, "name": "Chopper", "parentCategory": 149, "store": 12, "isShared": true}, "model": "core.productcategory", "pk": 47}, {"fields": {"extWarrantyTypes": [], "depth": 4, "group": 1, "name": "Hand Mixer", "parentCategory": 151, "store": 12, "isShared": true}, "model": "core.productcategory", "pk": 48}, {"fields": {"extWarrantyTypes": [], "depth": 4, "group": 1, "name": "Personal Navigation Device", "parentCategory": 167, "store": 12, "isShared": true}, "model": "core.productcategory", "pk": 49}, {"fields": {"extWarrantyTypes": [], "depth": 4, "group": 1, "name": "Kit", "parentCategory": 168, "store": 12, "isShared": true}, "model": "core.productcategory", "pk": 50}, {"fields": {"extWarrantyTypes": [], "depth": 4, "group": 1, "name": "Body", "parentCategory": 168, "store": 12, "isShared": true}, "model": "core.productcategory", "pk": 51}, {"fields": {"extWarrantyTypes": [], "depth": 4, "group": 1, "name": "Mirrorless Kit", "parentCategory": 169, "store": 12, "isShared": true}, "model": "core.productcategory", "pk": 52}, {"fields": {"extWarrantyTypes": [], "depth": 4, "group": 1, "name": "Mirrorless Body", "parentCategory": 169, "store": 12, "isShared": true}, "model": "core.productcategory", "pk": 53}, {"fields": {"extWarrantyTypes": [], "depth": 4, "group": 1, "name": "DVD", "parentCategory": 170, "store": 12, "isShared": true}, "model": "core.productcategory", "pk": 54}, {"fields": {"extWarrantyTypes": [], "depth": 4, "group": 1, "name": "HDD", "parentCategory": 170, "store": 12, "isShared": true}, "model": "core.productcategory", "pk": 55}, {"fields": {"extWarrantyTypes": [], "depth": 4, "group": 1, "name": "Card", "parentCategory": 170, "store": 12, "isShared": true}, "model": "core.productcategory", "pk": 56}, {"fields": {"extWarrantyTypes": [], "depth": 4, "group": 1, "name": "Tape", "parentCategory": 170, "store": 12, "isShared": true}, "model": "core.productcategory", "pk": 57}, {"fields": {"extWarrantyTypes": [], "depth": 4, "group": 1, "name": "Flash", "parentCategory": 109, "store": 12, "isShared": true}, "model": "core.productcategory", "pk": 58}, {"fields": {"extWarrantyTypes": [], "depth": 4, "group": 1, "name": "Multifunctional Devices", "parentCategory": 106, "store": 12, "isShared": true}, "model": "core.productcategory", "pk": 59}, {"fields": {"extWarrantyTypes": [], "depth": 4, "group": 1, "name": "Printers", "parentCategory": 106, "store": 12, "isShared": true}, "model": "core.productcategory", "pk": 60}, {"fields": {"extWarrantyTypes": [], "depth": 4, "group": 1, "name": "Scanners", "parentCategory": 106, "store": 12, "isShared": true}, "model": "core.productcategory", "pk": 61}, {"fields": {"extWarrantyTypes": [], "depth": 4, "group": 1, "name": "Digital Photo Frames", "parentCategory": 109, "store": 12, "isShared": true}, "model": "core.productcategory", "pk": 62}, {"fields": {"extWarrantyTypes": [], "depth": 4, "group": 1, "name": "Air Conditioning Other", "parentCategory": 135, "store": 12, "isShared": true}, "model": "core.productcategory", "pk": 63}, {"fields": {"extWarrantyTypes": [], "depth": 4, "group": 1, "name": "Speakers", "parentCategory": 126, "store": 12, "isShared": true}, "model": "core.productcategory", "pk": 64}, {"fields": {"extWarrantyTypes": [], "depth": 4, "group": 1, "name": "Headphones", "parentCategory": 126, "store": 12, "isShared": true}, "model": "core.productcategory", "pk": 65}, {"fields": {"extWarrantyTypes": [], "depth": 4, "group": 1, "name": "Wall Brackets", "parentCategory": 126, "store": 12, "isShared": true}, "model": "core.productcategory", "pk": 66}, {"fields": {"extWarrantyTypes": [], "depth": 4, "group": 1, "name": "Air Conditioning Split Systems", "parentCategory": 135, "store": 12, "isShared": true}, "model": "core.productcategory", "pk": 67}, {"fields": {"extWarrantyTypes": [], "depth": 4, "group": 1, "name": "L_38 - 48 cm", "parentCategory": 181, "store": 12, "isShared": true}, "model": "core.productcategory", "pk": 68}, {"fields": {"extWarrantyTypes": [], "depth": 4, "group": 1, "name": "Portable", "parentCategory": 123, "store": 12, "isShared": true}, "model": "core.productcategory", "pk": 69}, {"fields": {"extWarrantyTypes": [], "depth": 4, "group": 1, "name": "Built-in Coffee", "parentCategory": 184, "store": 12, "isShared": true}, "model": "core.productcategory", "pk": 70}, {"fields": {"extWarrantyTypes": [], "depth": 4, "group": 1, "name": "ST_5.1 - 6.0KG", "parentCategory": 186, "store": 12, "isShared": true}, "model": "core.productcategory", "pk": 71}, {"fields": {"extWarrantyTypes": [], "depth": 4, "group": 1, "name": "ST_7.1KG +", "parentCategory": 186, "store": 12, "isShared": true}, "model": "core.productcategory", "pk": 72}, {"fields": {"extWarrantyTypes": [], "depth": 4, "group": 1, "name": "Built-in MWO", "parentCategory": 184, "store": 12, "isShared": true}, "model": "core.productcategory", "pk": 73}, {"fields": {"extWarrantyTypes": [], "depth": 4, "group": 1, "name": "ST_6.1 - 7.0KG", "parentCategory": 186, "store": 12, "isShared": true}, "model": "core.productcategory", "pk": 74}, {"fields": {"extWarrantyTypes": [], "depth": 4, "group": 1, "name": "ST_Under 5KG", "parentCategory": 186, "store": 12, "isShared": true}, "model": "core.productcategory", "pk": 75}, {"fields": {"extWarrantyTypes": [], "depth": 4, "group": 1, "name": "Taps Only", "parentCategory": 147, "store": 12, "isShared": true}, "model": "core.productcategory", "pk": 76}, {"fields": {"extWarrantyTypes": [], "depth": 4, "group": 1, "name": "Air Conditioning Other", "parentCategory": 135, "store": 12, "isShared": true}, "model": "core.productcategory", "pk": 77}, {"fields": {"extWarrantyTypes": [], "depth": 4, "group": 1, "name": "DT_5.1 - 6.0KG", "parentCategory": 187, "store": 12, "isShared": true}, "model": "core.productcategory", "pk": 78}, {"fields": {"extWarrantyTypes": [], "depth": 4, "group": 1, "name": "L_49 - 52 cm", "parentCategory": 181, "store": 12, "isShared": true}, "model": "core.productcategory", "pk": 79}, {"fields": {"extWarrantyTypes": [], "depth": 4, "group": 1, "name": "L_53 - 63 cm", "parentCategory": 181, "store": 12, "isShared": true}, "model": "core.productcategory", "pk": 80}, {"fields": {"extWarrantyTypes": [], "depth": 4, "group": 1, "name": "L_64 - 75 cm", "parentCategory": 181, "store": 12, "isShared": true}, "model": "core.productcategory", "pk": 81}, {"fields": {"extWarrantyTypes": [], "depth": 4, "group": 1, "name": "L_76 - 87 cm", "parentCategory": 181, "store": 12, "isShared": true}, "model": "core.productcategory", "pk": 82}, {"fields": {"extWarrantyTypes": [], "depth": 4, "group": 1, "name": "L_88 - 99 cm", "parentCategory": 181, "store": 12, "isShared": true}, "model": "core.productcategory", "pk": 83}, {"fields": {"extWarrantyTypes": [], "depth": 4, "group": 1, "name": "L_128 - 141 cm", "parentCategory": 181, "store": 12, "isShared": true}, "model": "core.productcategory", "pk": 84}, {"fields": {"extWarrantyTypes": [], "depth": 4, "group": 1, "name": "L_142 - 154 cm", "parentCategory": 181, "store": 12, "isShared": true}, "model": "core.productcategory", "pk": 85}, {"fields": {"extWarrantyTypes": [], "depth": 4, "group": 1, "name": "L_155 - 167 cm", "parentCategory": 181, "store": 12, "isShared": true}, "model": "core.productcategory", "pk": 86}, {"fields": {"extWarrantyTypes": [], "depth": 4, "group": 1, "name": "L_168 + cm", "parentCategory": 181, "store": 12, "isShared": true}, "model": "core.productcategory", "pk": 87}, {"fields": {"extWarrantyTypes": [], "depth": 4, "group": 1, "name": "L_100 - 115 cm", "parentCategory": 181, "store": 12, "isShared": true}, "model": "core.productcategory", "pk": 88}, {"fields": {"extWarrantyTypes": [], "depth": 4, "group": 1, "name": "L_116 - 127 cm", "parentCategory": 181, "store": 12, "isShared": true}, "model": "core.productcategory", "pk": 89}, {"fields": {"extWarrantyTypes": [], "depth": 4, "group": 1, "name": "P_100 - 115 cm", "parentCategory": 191, "store": 12, "isShared": true}, "model": "core.productcategory", "pk": 90}, {"fields": {"extWarrantyTypes": [], "depth": 4, "group": 1, "name": "P_116 - 127 cm", "parentCategory": 191, "store": 12, "isShared": true}, "model": "core.productcategory", "pk": 91}, {"fields": {"extWarrantyTypes": [], "depth": 4, "group": 1, "name": "P_128 + cm", "parentCategory": 191, "store": 12, "isShared": true}, "model": "core.productcategory", "pk": 92}, {"fields": {"extWarrantyTypes": [], "depth": 4, "group": 1, "name": "ST_5KG", "parentCategory": 186, "store": 12, "isShared": true}, "model": "core.productcategory", "pk": 93}, {"fields": {"extWarrantyTypes": [], "depth": 4, "group": 1, "name": "DVD VCR Combo", "parentCategory": 123, "store": 12, "isShared": true}, "model": "core.productcategory", "pk": 94}, {"fields": {"extWarrantyTypes": [], "depth": 4, "group": 1, "name": "Hybrid", "parentCategory": 170, "store": 12, "isShared": true}, "model": "core.productcategory", "pk": 95}, {"fields": {"extWarrantyTypes": [], "depth": 4, "group": 1, "name": "DT_Under 5KG", "parentCategory": 187, "store": 12, "isShared": true}, "model": "core.productcategory", "pk": 96}, {"fields": {"extWarrantyTypes": [], "depth": 4, "group": 1, "name": "P_76 - 87 cm", "parentCategory": 191, "store": 12, "isShared": true}, "model": "core.productcategory", "pk": 97}, {"fields": {"extWarrantyTypes": [], "depth": 4, "group": 1, "name": "P_88 - 99 cm", "parentCategory": 191, "store": 12, "isShared": true}, "model": "core.productcategory", "pk": 98}, {"fields": {"extWarrantyTypes": [], "depth": 4, "group": 1, "name": "Receivers", "parentCategory": 126, "store": 12, "isShared": true}, "model": "core.productcategory", "pk": 99}, {"fields": {"extWarrantyTypes": [251], "depth": 3, "group": 1, "name": "Projectors", "parentCategory": 201, "store": 12, "isShared": true}, "model": "core.productcategory", "pk": 100}, {"fields": {"extWarrantyTypes": [], "depth": 3, "group": 1, "name": "Desktop PC", "parentCategory": 202, "store": 12, "isShared": true}, "model": "core.productcategory", "pk": 101}, {"fields": {"extWarrantyTypes": [], "depth": 3, "group": 1, "name": "Portable PC", "parentCategory": 202, "store": 12, "isShared": true}, "model": "core.productcategory", "pk": 102}, {"fields": {"extWarrantyTypes": [], "depth": 3, "group": 1, "name": "Netbook PC", "parentCategory": 202, "store": 12, "isShared": true}, "model": "core.productcategory", "pk": 103}, {"fields": {"extWarrantyTypes": [], "depth": 3, "group": 1, "name": "Ultrabook PC", "parentCategory": 202, "store": 12, "isShared": true}, "model": "core.productcategory", "pk": 104}, {"fields": {"extWarrantyTypes": [], "depth": 3, "group": 1, "name": "Tablets", "parentCategory": 203, "store": 12, "isShared": true}, "model": "core.productcategory", "pk": 105}, {"fields": {"extWarrantyTypes": [], "depth": 3, "group": 1, "name": "Non PC Hardware", "parentCategory": 204, "store": 12, "isShared": true}, "model": "core.productcategory", "pk": 106}, {"fields": {"extWarrantyTypes": [], "depth": 3, "group": 1, "name": "Laptop Accessories", "parentCategory": 204, "store": 12, "isShared": true}, "model": "core.productcategory", "pk": 107}, {"fields": {"extWarrantyTypes": [], "depth": 3, "group": 1, "name": "Digital Still Cameras - Compact", "parentCategory": 205, "store": 12, "isShared": true}, "model": "core.productcategory", "pk": 108}, {"fields": {"extWarrantyTypes": [], "depth": 3, "group": 1, "name": "Camera Accessories", "parentCategory": 206, "store": 12, "isShared": true}, "model": "core.productcategory", "pk": 109}, {"fields": {"extWarrantyTypes": [], "depth": 3, "group": 1, "name": "Electric Cooktops", "parentCategory": 207, "store": 12, "isShared": true}, "model": "core.productcategory", "pk": 110}, {"fields": {"extWarrantyTypes": [], "depth": 3, "group": 1, "name": "Gas Cooktops", "parentCategory": 207, "store": 12, "isShared": true}, "model": "core.productcategory", "pk": 111}, {"fields": {"extWarrantyTypes": [], "depth": 3, "group": 1, "name": "Cooktops - Other", "parentCategory": 207, "store": 12, "isShared": true}, "model": "core.productcategory", "pk": 112}, {"fields": {"extWarrantyTypes": [], "depth": 3, "group": 1, "name": "Electric Ovens", "parentCategory": 208, "store": 12, "isShared": true}, "model": "core.productcategory", "pk": 113}, {"fields": {"extWarrantyTypes": [], "depth": 3, "group": 1, "name": "Steam Ovens", "parentCategory": 208, "store": 12, "isShared": true}, "model": "core.productcategory", "pk": 114}, {"fields": {"extWarrantyTypes": [], "depth": 3, "group": 1, "name": "Warming Drawers", "parentCategory": 208, "store": 12, "isShared": true}, "model": "core.productcategory", "pk": 115}, {"fields": {"extWarrantyTypes": [], "depth": 3, "group": 1, "name": "Rangehoods", "parentCategory": 209, "store": 12, "isShared": true}, "model": "core.productcategory", "pk": 116}, {"fields": {"extWarrantyTypes": [], "depth": 3, "group": 1, "name": "Coffee Makers", "parentCategory": 210, "store": 12, "isShared": true}, "model": "core.productcategory", "pk": 117}, {"fields": {"extWarrantyTypes": [], "depth": 3, "group": 1, "name": "Dishwashers", "parentCategory": 211, "store": 12, "isShared": true}, "model": "core.productcategory", "pk": 118}, {"fields": {"extWarrantyTypes": [], "depth": 3, "group": 1, "name": "Dryers", "parentCategory": 212, "store": 12, "isShared": true}, "model": "core.productcategory", "pk": 119}, {"fields": {"extWarrantyTypes": [], "depth": 3, "group": 1, "name": "Microwave Ovens", "parentCategory": 213, "store": 12, "isShared": true}, "model": "core.productcategory", "pk": 120}, {"fields": {"extWarrantyTypes": [], "depth": 3, "group": 1, "name": "WM - Front Loading", "parentCategory": 214, "store": 12, "isShared": true}, "model": "core.productcategory", "pk": 121}, {"fields": {"extWarrantyTypes": [248], "depth": 3, "group": 1, "name": "CTV - CRT Non Widescreen", "parentCategory": 201, "store": 12, "isShared": true}, "model": "core.productcategory", "pk": 122}, {"fields": {"extWarrantyTypes": [], "depth": 3, "group": 1, "name": "DVD Player", "parentCategory": 215, "store": 12, "isShared": true}, "model": "core.productcategory", "pk": 123}, {"fields": {"extWarrantyTypes": [], "depth": 3, "group": 1, "name": "VCR", "parentCategory": 216, "store": 12, "isShared": true}, "model": "core.productcategory", "pk": 124}, {"fields": {"extWarrantyTypes": [], "depth": 3, "group": 1, "name": "MP3", "parentCategory": 217, "store": 12, "isShared": true}, "model": "core.productcategory", "pk": 125}, {"fields": {"extWarrantyTypes": [], "depth": 3, "group": 1, "name": "Component", "parentCategory": 218, "store": 12, "isShared": true}, "model": "core.productcategory", "pk": 126}, {"fields": {"extWarrantyTypes": [], "depth": 3, "group": 1, "name": "iAccessories", "parentCategory": 204, "store": 12, "isShared": true}, "model": "core.productcategory", "pk": 127}, {"fields": {"extWarrantyTypes": [], "depth": 3, "group": 1, "name": "BBQ", "parentCategory": 219, "store": 12, "isShared": true}, "model": "core.productcategory", "pk": 128}, {"fields": {"extWarrantyTypes": [], "depth": 3, "group": 1, "name": "Kettles", "parentCategory": 210, "store": 12, "isShared": true}, "model": "core.productcategory", "pk": 129}, {"fields": {"extWarrantyTypes": [], "depth": 3, "group": 1, "name": "Toasters", "parentCategory": 210, "store": 12, "isShared": true}, "model": "core.productcategory", "pk": 130}, {"fields": {"extWarrantyTypes": [], "depth": 3, "group": 1, "name": "Memory Devices", "parentCategory": 204, "store": 12, "isShared": true}, "model": "core.productcategory", "pk": 131}, {"fields": {"extWarrantyTypes": [], "depth": 3, "group": 1, "name": "Gas Ovens", "parentCategory": 208, "store": 12, "isShared": true}, "model": "core.productcategory", "pk": 132}, {"fields": {"extWarrantyTypes": [], "depth": 3, "group": 1, "name": "Electric Stoves", "parentCategory": 220, "store": 12, "isShared": true}, "model": "core.productcategory", "pk": 133}, {"fields": {"extWarrantyTypes": [], "depth": 3, "group": 1, "name": "Gas Stoves", "parentCategory": 220, "store": 12, "isShared": true}, "model": "core.productcategory", "pk": 134}, {"fields": {"extWarrantyTypes": [], "depth": 3, "group": 1, "name": "Air Conditioning", "parentCategory": 221, "store": 12, "isShared": true}, "model": "core.productcategory", "pk": 135}, {"fields": {"extWarrantyTypes": [], "depth": 3, "group": 1, "name": "", "parentCategory": 222, "store": 12, "isShared": true}, "model": "core.productcategory", "pk": 136}, {"fields": {"extWarrantyTypes": [], "depth": 3, "group": 1, "name": "Freezers", "parentCategory": 223, "store": 12, "isShared": true}, "model": "core.productcategory", "pk": 137}, {"fields": {"extWarrantyTypes": [], "depth": 3, "group": 1, "name": "REF - Side by Side", "parentCategory": 224, "store": 12, "isShared": true}, "model": "core.productcategory", "pk": 138}, {"fields": {"extWarrantyTypes": [], "depth": 3, "group": 1, "name": "REF - French Door", "parentCategory": 224, "store": 12, "isShared": true}, "model": "core.productcategory", "pk": 139}, {"fields": {"extWarrantyTypes": [], "depth": 3, "group": 1, "name": "REF - Top Mount", "parentCategory": 224, "store": 12, "isShared": true}, "model": "core.productcategory", "pk": 140}, {"fields": {"extWarrantyTypes": [], "depth": 3, "group": 1, "name": "REF - Bottom Mount", "parentCategory": 224, "store": 12, "isShared": true}, "model": "core.productcategory", "pk": 141}, {"fields": {"extWarrantyTypes": [], "depth": 3, "group": 1, "name": "REF - Single Door Fridge", "parentCategory": 224, "store": 12, "isShared": true}, "model": "core.productcategory", "pk": 142}, {"fields": {"extWarrantyTypes": [], "depth": 3, "group": 1, "name": "REF - Bar Fridge", "parentCategory": 224, "store": 12, "isShared": true}, "model": "core.productcategory", "pk": 143}, {"fields": {"extWarrantyTypes": [], "depth": 3, "group": 1, "name": "Desktop Accessories", "parentCategory": 204, "store": 12, "isShared": true}, "model": "core.productcategory", "pk": 144}, {"fields": {"extWarrantyTypes": [], "depth": 3, "group": 1, "name": "Vacuum Cleaners", "parentCategory": 225, "store": 12, "isShared": true}, "model": "core.productcategory", "pk": 145}, {"fields": {"extWarrantyTypes": [], "depth": 3, "group": 1, "name": "Vacuum Accessories", "parentCategory": 225, "store": 12, "isShared": true}, "model": "core.productcategory", "pk": 146}, {"fields": {"extWarrantyTypes": [], "depth": 3, "group": 1, "name": "Sinks and Taps", "parentCategory": 226, "store": 12, "isShared": true}, "model": "core.productcategory", "pk": 147}, {"fields": {"extWarrantyTypes": [], "depth": 3, "group": 1, "name": "Blenders", "parentCategory": 210, "store": 12, "isShared": true}, "model": "core.productcategory", "pk": 148}, {"fields": {"extWarrantyTypes": [], "depth": 3, "group": 1, "name": "Food Processors", "parentCategory": 210, "store": 12, "isShared": true}, "model": "core.productcategory", "pk": 149}, {"fields": {"extWarrantyTypes": [], "depth": 3, "group": 1, "name": "Kitchen Aids", "parentCategory": 210, "store": 12, "isShared": true}, "model": "core.productcategory", "pk": 150}, {"fields": {"extWarrantyTypes": [], "depth": 3, "group": 1, "name": "Mixers", "parentCategory": 210, "store": 12, "isShared": true}, "model": "core.productcategory", "pk": 151}, {"fields": {"extWarrantyTypes": [], "depth": 3, "group": 1, "name": "Vacuum Packaging", "parentCategory": 210, "store": 12, "isShared": true}, "model": "core.productcategory", "pk": 152}, {"fields": {"extWarrantyTypes": [], "depth": 3, "group": 1, "name": "Irons", "parentCategory": 228, "store": 12, "isShared": true}, "model": "core.productcategory", "pk": 153}, {"fields": {"extWarrantyTypes": [], "depth": 3, "group": 1, "name": "Steam Generators", "parentCategory": 228, "store": 12, "isShared": true}, "model": "core.productcategory", "pk": 154}, {"fields": {"extWarrantyTypes": [], "depth": 3, "group": 1, "name": "Bread Makers", "parentCategory": 210, "store": 12, "isShared": true}, "model": "core.productcategory", "pk": 155}, {"fields": {"extWarrantyTypes": [], "depth": 3, "group": 1, "name": "Compact Ovens", "parentCategory": 210, "store": 12, "isShared": true}, "model": "core.productcategory", "pk": 156}, {"fields": {"extWarrantyTypes": [], "depth": 3, "group": 1, "name": "Electric Cookware", "parentCategory": 210, "store": 12, "isShared": true}, "model": "core.productcategory", "pk": 157}, {"fields": {"extWarrantyTypes": [], "depth": 3, "group": 1, "name": "Electric Fryware", "parentCategory": 210, "store": 12, "isShared": true}, "model": "core.productcategory", "pk": 158}, {"fields": {"extWarrantyTypes": [], "depth": 3, "group": 1, "name": "Electric Knives", "parentCategory": 210, "store": 12, "isShared": true}, "model": "core.productcategory", "pk": 159}, {"fields": {"extWarrantyTypes": [], "depth": 3, "group": 1, "name": "Grillers", "parentCategory": 210, "store": 12, "isShared": true}, "model": "core.productcategory", "pk": 160}, {"fields": {"extWarrantyTypes": [], "depth": 3, "group": 1, "name": "Juicers", "parentCategory": 210, "store": 12, "isShared": true}, "model": "core.productcategory", "pk": 161}, {"fields": {"extWarrantyTypes": [], "depth": 3, "group": 1, "name": "Sandwich Makers", "parentCategory": 210, "store": 12, "isShared": true}, "model": "core.productcategory", "pk": 162}, {"fields": {"extWarrantyTypes": [], "depth": 3, "group": 1, "name": "Snack Makers", "parentCategory": 210, "store": 12, "isShared": true}, "model": "core.productcategory", "pk": 163}, {"fields": {"extWarrantyTypes": [], "depth": 3, "group": 1, "name": "Coffee Grinders", "parentCategory": 210, "store": 12, "isShared": true}, "model": "core.productcategory", "pk": 164}, {"fields": {"extWarrantyTypes": [], "depth": 3, "group": 1, "name": "Coffee Accessories", "parentCategory": 210, "store": 12, "isShared": true}, "model": "core.productcategory", "pk": 165}, {"fields": {"extWarrantyTypes": [], "depth": 3, "group": 1, "name": "Water Filters", "parentCategory": 210, "store": 12, "isShared": true}, "model": "core.productcategory", "pk": 166}, {"fields": {"extWarrantyTypes": [], "depth": 3, "group": 1, "name": "Navigation Systems", "parentCategory": 235, "store": 12, "isShared": true}, "model": "core.productcategory", "pk": 167}, {"fields": {"extWarrantyTypes": [], "depth": 3, "group": 1, "name": "Digital Still Cameras - SLR", "parentCategory": 205, "store": 12, "isShared": true}, "model": "core.productcategory", "pk": 168}, {"fields": {"extWarrantyTypes": [], "depth": 3, "group": 1, "name": "Digital Still Cameras - Mirrorless", "parentCategory": 205, "store": 12, "isShared": true}, "model": "core.productcategory", "pk": 169}, {"fields": {"extWarrantyTypes": [], "depth": 3, "group": 1, "name": "Camcorders", "parentCategory": 236, "store": 12, "isShared": true}, "model": "core.productcategory", "pk": 170}, {"fields": {"extWarrantyTypes": [], "depth": 3, "group": 1, "name": "Facsimile Machines", "parentCategory": 237, "store": 12, "isShared": true}, "model": "core.productcategory", "pk": 171}, {"fields": {"extWarrantyTypes": [], "depth": 3, "group": 1, "name": "Garment Steamers", "parentCategory": 228, "store": 12, "isShared": true}, "model": "core.productcategory", "pk": 172}, {"fields": {"extWarrantyTypes": [], "depth": 3, "group": 1, "name": "Electric Heaters", "parentCategory": 221, "store": 12, "isShared": true}, "model": "core.productcategory", "pk": 173}, {"fields": {"extWarrantyTypes": [], "depth": 3, "group": 1, "name": "Fans", "parentCategory": 221, "store": 12, "isShared": true}, "model": "core.productcategory", "pk": 174}, {"fields": {"extWarrantyTypes": [], "depth": 3, "group": 1, "name": "Sound Systems - Mini", "parentCategory": 238, "store": 12, "isShared": true}, "model": "core.productcategory", "pk": 175}, {"fields": {"extWarrantyTypes": [], "depth": 3, "group": 1, "name": "Electric Blankets", "parentCategory": 221, "store": 12, "isShared": true}, "model": "core.productcategory", "pk": 176}, {"fields": {"extWarrantyTypes": [], "depth": 3, "group": 1, "name": "REF - Wine Cabinets", "parentCategory": 224, "store": 12, "isShared": true}, "model": "core.productcategory", "pk": 177}, {"fields": {"extWarrantyTypes": [], "depth": 3, "group": 1, "name": "Set Top Box", "parentCategory": 239, "store": 12, "isShared": true}, "model": "core.productcategory", "pk": 178}, {"fields": {"extWarrantyTypes": [], "depth": 3, "group": 1, "name": "DVD Recorder", "parentCategory": 215, "store": 12, "isShared": true}, "model": "core.productcategory", "pk": 179}, {"fields": {"extWarrantyTypes": [], "depth": 3, "group": 1, "name": "PVR", "parentCategory": 239, "store": 12, "isShared": true}, "model": "core.productcategory", "pk": 180}, {"fields": {"extWarrantyTypes": [255], "depth": 3, "group": 1, "name": "CTV - LCD", "parentCategory": 201, "store": 12, "isShared": true}, "model": "core.productcategory", "pk": 181}, {"fields": {"extWarrantyTypes": [], "depth": 3, "group": 1, "name": "Sound Systems - HTS", "parentCategory": 240, "store": 12, "isShared": true}, "model": "core.productcategory", "pk": 182}, {"fields": {"extWarrantyTypes": [], "depth": 3, "group": 1, "name": "Sound Systems - Micro", "parentCategory": 238, "store": 12, "isShared": true}, "model": "core.productcategory", "pk": 183}, {"fields": {"extWarrantyTypes": [], "depth": 3, "group": 1, "name": "Compacts", "parentCategory": 208, "store": 12, "isShared": true}, "model": "core.productcategory", "pk": 184}, {"fields": {"extWarrantyTypes": [], "depth": 3, "group": 1, "name": "REF - Integrated", "parentCategory": 224, "store": 12, "isShared": true}, "model": "core.productcategory", "pk": 185}, {"fields": {"extWarrantyTypes": [], "depth": 3, "group": 1, "name": "WM - Single Tub", "parentCategory": 214, "store": 12, "isShared": true}, "model": "core.productcategory", "pk": 186}, {"fields": {"extWarrantyTypes": [], "depth": 3, "group": 1, "name": "WM - Double Tub", "parentCategory": 214, "store": 12, "isShared": true}, "model": "core.productcategory", "pk": 187}, {"fields": {"extWarrantyTypes": [255], "depth": 3, "group": 1, "name": "CTV - UHD", "parentCategory": 201, "store": 12, "isShared": true}, "model": "core.productcategory", "pk": 188}, {"fields": {"extWarrantyTypes": [], "depth": 3, "group": 1, "name": "3D Eyewear", "parentCategory": 218, "store": 12, "isShared": true}, "model": "core.productcategory", "pk": 189}, {"fields": {"extWarrantyTypes": [], "depth": 3, "group": 1, "name": "Skype Cameras", "parentCategory": 218, "store": 12, "isShared": true}, "model": "core.productcategory", "pk": 190}, {"fields": {"extWarrantyTypes": [251], "depth": 3, "group": 1, "name": "CTV - Plasma", "parentCategory": 201, "store": 12, "isShared": true}, "model": "core.productcategory", "pk": 191}, {"fields": {"extWarrantyTypes": [], "depth": 3, "group": 1, "name": "Blu-Ray", "parentCategory": 242, "store": 12, "isShared": true}, "model": "core.productcategory", "pk": 192}, {"fields": {"extWarrantyTypes": [251], "depth": 3, "group": 1, "name": "CTV - Rear Projection", "parentCategory": 201, "store": 12, "isShared": true}, "model": "core.productcategory", "pk": 193}, {"fields": {"extWarrantyTypes": [], "depth": 3, "group": 1, "name": "Soundbars", "parentCategory": 240, "store": 12, "isShared": true}, "model": "core.productcategory", "pk": 194}, {"fields": {"extWarrantyTypes": [], "depth": 3, "group": 1, "name": "Traditional Portable Audio", "parentCategory": 217, "store": 12, "isShared": true}, "model": "core.productcategory", "pk": 195}, {"fields": {"extWarrantyTypes": [], "depth": 3, "group": 1, "name": "Blu-Ray Recorder", "parentCategory": 242, "store": 12, "isShared": true}, "model": "core.productcategory", "pk": 196}, {"fields": {"extWarrantyTypes": [], "depth": 3, "group": 1, "name": "REF - Accessories", "parentCategory": 224, "store": 12, "isShared": true}, "model": "core.productcategory", "pk": 197}, {"fields": {"extWarrantyTypes": [], "depth": 3, "group": 1, "name": "Cordless Telephones", "parentCategory": 237, "store": 12, "isShared": true}, "model": "core.productcategory", "pk": 198}, {"fields": {"extWarrantyTypes": [], "depth": 3, "group": 1, "name": "Handset Telephones", "parentCategory": 237, "store": 12, "isShared": true}, "model": "core.productcategory", "pk": 199}, {"fields": {"extWarrantyTypes": [], "depth": 3, "group": 1, "name": "3D Transmitter", "parentCategory": 218, "store": 12, "isShared": true}, "model": "core.productcategory", "pk": 200}, {"fields": {"extWarrantyTypes": [], "depth": 2, "group": 1, "name": "Visual", "parentCategory": 257, "store": 12, "isShared": true}, "model": "core.productcategory", "pk": 201}, {"fields": {"extWarrantyTypes": [249], "depth": 2, "group": 1, "name": "PC Total", "parentCategory": 258, "store": 12, "isShared": true}, "model": "core.productcategory", "pk": 202}, {"fields": {"extWarrantyTypes": [246], "depth": 2, "group": 1, "name": "Tablets Total", "parentCategory": 258, "store": 12, "isShared": true}, "model": "core.productcategory", "pk": 203}, {"fields": {"extWarrantyTypes": [], "depth": 2, "group": 1, "name": "IT Accessories", "parentCategory": 259, "store": 12, "isShared": true}, "model": "core.productcategory", "pk": 204}, {"fields": {"extWarrantyTypes": [250], "depth": 2, "group": 1, "name": "Photographics", "parentCategory": 260, "store": 12, "isShared": true}, "model": "core.productcategory", "pk": 205}, {"fields": {"extWarrantyTypes": [], "depth": 2, "group": 1, "name": "Imaging Accessories", "parentCategory": 259, "store": 12, "isShared": true}, "model": "core.productcategory", "pk": 206}, {"fields": {"extWarrantyTypes": [252, 247], "depth": 2, "group": 1, "name": "Cooktops", "parentCategory": 261, "store": 12, "isShared": true}, "model": "core.productcategory", "pk": 207}, {"fields": {"extWarrantyTypes": [252, 247], "depth": 2, "group": 1, "name": "Ovens", "parentCategory": 261, "store": 12, "isShared": true}, "model": "core.productcategory", "pk": 208}, {"fields": {"extWarrantyTypes": [252, 247], "depth": 2, "group": 1, "name": "Rangehoods Total", "parentCategory": 261, "store": 12, "isShared": true}, "model": "core.productcategory", "pk": 209}, {"fields": {"extWarrantyTypes": [247], "depth": 2, "group": 1, "name": "Small Kitchen Appliances", "parentCategory": 262, "store": 12, "isShared": true}, "model": "core.productcategory", "pk": 210}, {"fields": {"extWarrantyTypes": [254], "depth": 2, "group": 1, "name": "Dishwashers Total", "parentCategory": 263, "store": 12, "isShared": true}, "model": "core.productcategory", "pk": 211}, {"fields": {"extWarrantyTypes": [247], "depth": 2, "group": 1, "name": "Dryers Total", "parentCategory": 263, "store": 12, "isShared": true}, "model": "core.productcategory", "pk": 212}, {"fields": {"extWarrantyTypes": [247], "depth": 2, "group": 1, "name": "Microwave Ovens Total", "parentCategory": 263, "store": 12, "isShared": true}, "model": "core.productcategory", "pk": 213}, {"fields": {"extWarrantyTypes": [254], "depth": 2, "group": 1, "name": "Washing Machines", "parentCategory": 263, "store": 12, "isShared": true}, "model": "core.productcategory", "pk": 214}, {"fields": {"extWarrantyTypes": [248], "depth": 2, "group": 1, "name": "DVD Total", "parentCategory": 257, "store": 12, "isShared": true}, "model": "core.productcategory", "pk": 215}, {"fields": {"extWarrantyTypes": [248], "depth": 2, "group": 1, "name": "VCR Total", "parentCategory": 257, "store": 12, "isShared": true}, "model": "core.productcategory", "pk": 216}, {"fields": {"extWarrantyTypes": [248], "depth": 2, "group": 1, "name": "Portable Audio", "parentCategory": 257, "store": 12, "isShared": true}, "model": "core.productcategory", "pk": 217}, {"fields": {"extWarrantyTypes": [], "depth": 2, "group": 1, "name": "AV Accessories", "parentCategory": 259, "store": 12, "isShared": true}, "model": "core.productcategory", "pk": 218}, {"fields": {"extWarrantyTypes": [247], "depth": 2, "group": 1, "name": "BBQs Total", "parentCategory": 261, "store": 12, "isShared": true}, "model": "core.productcategory", "pk": 219}, {"fields": {"extWarrantyTypes": [247], "depth": 2, "group": 1, "name": "Uprights", "parentCategory": 261, "store": 12, "isShared": true}, "model": "core.productcategory", "pk": 220}, {"fields": {"extWarrantyTypes": [247], "depth": 2, "group": 1, "name": "Seasonal", "parentCategory": 264, "store": 12, "isShared": true}, "model": "core.productcategory", "pk": 221}, {"fields": {"extWarrantyTypes": [], "depth": 2, "group": 1, "name": "Whitegoods Accessories", "parentCategory": 259, "store": 12, "isShared": true}, "model": "core.productcategory", "pk": 222}, {"fields": {"extWarrantyTypes": [253], "depth": 2, "group": 1, "name": "Freezers Total", "parentCategory": 263, "store": 12, "isShared": true}, "model": "core.productcategory", "pk": 223}, {"fields": {"extWarrantyTypes": [253], "depth": 2, "group": 1, "name": "Refrigeration", "parentCategory": 263, "store": 12, "isShared": true}, "model": "core.productcategory", "pk": 224}, {"fields": {"extWarrantyTypes": [247], "depth": 2, "group": 1, "name": "Floorcare", "parentCategory": 265, "store": 12, "isShared": true}, "model": "core.productcategory", "pk": 225}, {"fields": {"extWarrantyTypes": [], "depth": 2, "group": 1, "name": "Sinks and Taps Total", "parentCategory": 261, "store": 12, "isShared": true}, "model": "core.productcategory", "pk": 226}, {"fields": {"extWarrantyTypes": [], "depth": 2, "group": 1, "name": "Cooking Accessories", "parentCategory": 259, "store": 12, "isShared": true}, "model": "core.productcategory", "pk": 227}, {"fields": {"extWarrantyTypes": [247], "depth": 2, "group": 1, "name": "Small Household Appliances", "parentCategory": 262, "store": 12, "isShared": true}, "model": "core.productcategory", "pk": 228}, {"fields": {"extWarrantyTypes": [], "depth": 2, "group": 1, "name": "Hair Clippers", "parentCategory": 266, "store": 12, "isShared": true}, "model": "core.productcategory", "pk": 229}, {"fields": {"extWarrantyTypes": [], "depth": 2, "group": 1, "name": "Hair Dryers", "parentCategory": 266, "store": 12, "isShared": true}, "model": "core.productcategory", "pk": 230}, {"fields": {"extWarrantyTypes": [], "depth": 2, "group": 1, "name": "Hair Stylers", "parentCategory": 266, "store": 12, "isShared": true}, "model": "core.productcategory", "pk": 231}, {"fields": {"extWarrantyTypes": [], "depth": 2, "group": 1, "name": "Ladies Shavers", "parentCategory": 266, "store": 12, "isShared": true}, "model": "core.productcategory", "pk": 232}, {"fields": {"extWarrantyTypes": [], "depth": 2, "group": 1, "name": "Massage + Beauty Aids", "parentCategory": 266, "store": 12, "isShared": true}, "model": "core.productcategory", "pk": 233}, {"fields": {"extWarrantyTypes": [], "depth": 2, "group": 1, "name": "Mens Shavers", "parentCategory": 266, "store": 12, "isShared": true}, "model": "core.productcategory", "pk": 234}, {"fields": {"extWarrantyTypes": [], "depth": 2, "group": 1, "name": "Navigation", "parentCategory": 258, "store": 12, "isShared": true}, "model": "core.productcategory", "pk": 235}, {"fields": {"extWarrantyTypes": [250], "depth": 2, "group": 1, "name": "Camcorders Total", "parentCategory": 260, "store": 12, "isShared": true}, "model": "core.productcategory", "pk": 236}, {"fields": {"extWarrantyTypes": [247, 256], "depth": 2, "group": 1, "name": "Telecommunication", "parentCategory": 259, "store": 12, "isShared": true}, "model": "core.productcategory", "pk": 237}, {"fields": {"extWarrantyTypes": [248], "depth": 2, "group": 1, "name": "HiFi Systems", "parentCategory": 257, "store": 12, "isShared": true}, "model": "core.productcategory", "pk": 238}, {"fields": {"extWarrantyTypes": [248], "depth": 2, "group": 1, "name": "Digital TV Receivers", "parentCategory": 257, "store": 12, "isShared": true}, "model": "core.productcategory", "pk": 239}, {"fields": {"extWarrantyTypes": [248], "depth": 2, "group": 1, "name": "Home Theatre System", "parentCategory": 257, "store": 12, "isShared": true}, "model": "core.productcategory", "pk": 240}, {"fields": {"extWarrantyTypes": [], "depth": 2, "group": 1, "name": "Sinks and Taps Accessories", "parentCategory": 259, "store": 12, "isShared": true}, "model": "core.productcategory", "pk": 241}, {"fields": {"extWarrantyTypes": [248], "depth": 2, "group": 1, "name": "Blu-Ray Total", "parentCategory": 257, "store": 12, "isShared": true}, "model": "core.productcategory", "pk": 242}, {"fields": {"extWarrantyTypes": [], "depth": 2, "group": 1, "name": "clock radio", "parentCategory": 257, "store": 12, "isShared": true}, "model": "core.productcategory", "pk": 243}, {"fields": {"extWarrantyTypes": [], "depth": 2, "group": 1, "name": "Electric Toothbrushes", "parentCategory": 266, "store": 12, "isShared": true}, "model": "core.productcategory", "pk": 244}, {"fields": {"extWarrantyTypes": [], "depth": 2, "group": 1, "name": "Epilators", "parentCategory": 266, "store": 12, "isShared": true}, "model": "core.productcategory", "pk": 245}, {"fields": {"extWarrantyTypes": [], "depth": 2, "group": 1, "name": "Tablets", "parentCategory": 267, "store": 12, "isShared": true}, "model": "core.productcategory", "pk": 246}, {"fields": {"extWarrantyTypes": [], "depth": 2, "group": 1, "name": "Appliances", "parentCategory": 267, "store": 12, "isShared": true}, "model": "core.productcategory", "pk": 247}, {"fields": {"extWarrantyTypes": [], "depth": 2, "group": 1, "name": "Audio & DVD", "parentCategory": 267, "store": 12, "isShared": true}, "model": "core.productcategory", "pk": 248}, {"fields": {"extWarrantyTypes": [], "depth": 2, "group": 1, "name": "Computers", "parentCategory": 267, "store": 12, "isShared": true}, "model": "core.productcategory", "pk": 249}, {"fields": {"extWarrantyTypes": [], "depth": 2, "group": 1, "name": "Photographic", "parentCategory": 267, "store": 12, "isShared": true}, "model": "core.productcategory", "pk": 250}, {"fields": {"extWarrantyTypes": [], "depth": 2, "group": 1, "name": "Plasma Televisions", "parentCategory": 267, "store": 12, "isShared": true}, "model": "core.productcategory", "pk": 251}, {"fields": {"extWarrantyTypes": [], "depth": 2, "group": 1, "name": "Cooking package", "parentCategory": 267, "store": 12, "isShared": true}, "model": "core.productcategory", "pk": 252}, {"fields": {"extWarrantyTypes": [], "depth": 2, "group": 1, "name": "Refrigerators & Freezers", "parentCategory": 267, "store": 12, "isShared": true}, "model": "core.productcategory", "pk": 253}, {"fields": {"extWarrantyTypes": [], "depth": 2, "group": 1, "name": "Washers", "parentCategory": 267, "store": 12, "isShared": true}, "model": "core.productcategory", "pk": 254}, {"fields": {"extWarrantyTypes": [], "depth": 2, "group": 1, "name": "TV LCD", "parentCategory": 267, "store": 12, "isShared": true}, "model": "core.productcategory", "pk": 255}, {"fields": {"extWarrantyTypes": [], "depth": 2, "group": 1, "name": "Replacement Product", "parentCategory": 267, "store": 12, "isShared": true}, "model": "core.productcategory", "pk": 256}, {"fields": {"extWarrantyTypes": [], "depth": 1, "group": 1, "name": "AV Total", "parentCategory": null, "store": 12, "isShared": true}, "model": "core.productcategory", "pk": 257}, {"fields": {"extWarrantyTypes": [], "depth": 1, "group": 1, "name": "IT Total", "parentCategory": null, "store": 12, "isShared": true}, "model": "core.productcategory", "pk": 258}, {"fields": {"extWarrantyTypes": [], "depth": 1, "group": 1, "name": "Accessories Total", "parentCategory": null, "store": 12, "isShared": true}, "model": "core.productcategory", "pk": 259}, {"fields": {"extWarrantyTypes": [], "depth": 1, "group": 1, "name": "Imaging Total", "parentCategory": null, "store": 12, "isShared": true}, "model": "core.productcategory", "pk": 260}, {"fields": {"extWarrantyTypes": [], "depth": 1, "group": 1, "name": "Cooking Total", "parentCategory": null, "store": 12, "isShared": true}, "model": "core.productcategory", "pk": 261}, {"fields": {"extWarrantyTypes": [], "depth": 1, "group": 1, "name": "Portable Appliances Total", "parentCategory": null, "store": 12, "isShared": true}, "model": "core.productcategory", "pk": 262}, {"fields": {"extWarrantyTypes": [], "depth": 1, "group": 1, "name": "Whitegoods Total", "parentCategory": null, "store": 12, "isShared": true}, "model": "core.productcategory", "pk": 263}, {"fields": {"extWarrantyTypes": [], "depth": 1, "group": 1, "name": "Seasonal Total", "parentCategory": null, "store": 12, "isShared": true}, "model": "core.productcategory", "pk": 264}, {"fields": {"extWarrantyTypes": [], "depth": 1, "group": 1, "name": "Floorcare Total", "parentCategory": null, "store": 12, "isShared": true}, "model": "core.productcategory", "pk": 265}, {"fields": {"extWarrantyTypes": [], "depth": 1, "group": 1, "name": "Personal Care", "parentCategory": null, "store": 12, "isShared": true}, "model": "core.productcategory", "pk": 266}, {"fields": {"extWarrantyTypes": [], "depth": 1, "group": 1, "name": "Extended Warranties", "parentCategory": null, "store": 12, "isShared": true}, "model": "core.productcategory", "pk": 267}]