[{"fields": {"status": "current", "description": "Fax Consumable Thermal Transfer KXFP151AL, KXFP155AL, KXFC175, KXFP81", "brand": 12, "goPrice": 42.0, "manWarranty": "", "group": 1, "category": 136, "isGSTExempt": false, "EAN": "64547633220", "packSize": 1, "comments": "", "tradePrice": 29.0, "spanNet": 29.0, "costPrice": 29.0, "model": "KXFA55A", "isCore": false, "store": 12, "isShared": true}, "model": "core.product", "pk": 1}, {"fields": {"status": "superceded", "description": "Fax Consumable, Thermal transfer films for KXF10001100AL, 2 per carto", "brand": 12, "goPrice": 95.2, "manWarranty": "", "group": 1, "category": 136, "isGSTExempt": false, "EAN": "37988801459", "packSize": 1, "comments": "", "tradePrice": 65.68, "spanNet": 65.68, "costPrice": 65.68, "model": "KXFA134", "isCore": false, "store": 12, "isShared": true}, "model": "core.product", "pk": 2}, {"fields": {"status": "current", "description": "1Gb Micro Vault Usb 2.0", "brand": 17, "goPrice": 14.95, "manWarranty": "? Year Australia Wide Manufacturers Warranty", "group": 1, "category": 8, "isGSTExempt": false, "EAN": "27242665873", "packSize": 2, "comments": "MARKED FOR DELETION", "tradePrice": 9.51, "spanNet": 9.51, "costPrice": 9.51, "model": "USM1GJ", "isCore": false, "store": 12, "isShared": true}, "model": "core.product", "pk": 3}, {"fields": {"status": "superceded", "description": "Floor Care Accessory, PreStain Treatment Pet & Odor", "brand": 59, "goPrice": 19.95, "manWarranty": "REFER MANUFACTURERS WARRANTY CARD", "group": 1, "category": 136, "isGSTExempt": false, "EAN": "11120007909", "packSize": 6, "comments": "", "tradePrice": 11.57, "spanNet": 11.57, "costPrice": 11.57, "model": "BS0790", "isCore": false, "store": 12, "isShared": true}, "model": "core.product", "pk": 4}, {"fields": {"status": "current", "description": "1Gb Micro Vault Tiny Usb 2.0", "brand": 17, "goPrice": 20.95, "manWarranty": "? Year Australia Wide Manufacturers Warranty", "group": 1, "category": 8, "isGSTExempt": false, "EAN": "27242695245", "packSize": 2, "comments": "MARKED FOR DELETION", "tradePrice": 13.33, "spanNet": 13.33, "costPrice": 13.33, "model": "USM1GH", "isCore": false, "store": 12, "isShared": true}, "model": "core.product", "pk": 5}, {"fields": {"status": "current", "description": "4Gb Micro Vault Usb 2.0", "brand": 17, "goPrice": 0.0, "manWarranty": "? Year Australia Wide Manufacturers Warranty", "group": 1, "category": 8, "isGSTExempt": false, "EAN": "27242691780", "packSize": 1, "comments": "", "tradePrice": 21.24, "spanNet": 21.24, "costPrice": 21.24, "model": "USM4GJ", "isCore": false, "store": 12, "isShared": true}, "model": "core.product", "pk": 6}, {"fields": {"status": "superceded", "description": "Fax Consumable, Thermal transfer cartridgefilm for KXF10001100AL, 1", "brand": 12, "goPrice": 63.0, "manWarranty": "? Year Australia Wide Manufacturers Warranty", "group": 1, "category": 136, "isGSTExempt": false, "EAN": "37988801435", "packSize": 1, "comments": "", "tradePrice": 41.05, "spanNet": 41.05, "costPrice": 41.05, "model": "KXFA132", "isCore": false, "store": 12, "isShared": true}, "model": "core.product", "pk": 7}, {"fields": {"status": "superceded", "description": "Fax Consumable, Thermal transfer cartridgefilm KXF10101110AL, 1 PER", "brand": 12, "goPrice": 53.9, "manWarranty": "? Year Australia Wide Manufacturers Warranty", "group": 1, "category": 136, "isGSTExempt": false, "EAN": "64547232461", "packSize": 1, "comments": "", "tradePrice": 36.82, "spanNet": 36.82, "costPrice": 36.82, "model": "KXFA135", "isCore": false, "store": 12, "isShared": true}, "model": "core.product", "pk": 8}, {"fields": {"status": "obsolete", "description": "Compact Pro", "brand": 58, "goPrice": 0.0, "manWarranty": "1 Year Australia Wide Manufacturers Warranty", "group": 1, "category": 14, "isGSTExempt": false, "EAN": "10942123781", "packSize": 1, "comments": "MARKED FOR DELETION", "tradePrice": 945.42, "spanNet": 945.42, "costPrice": 945.42, "model": "XP7240", "isCore": false, "store": 12, "isShared": true}, "model": "core.product", "pk": 9}, {"fields": {"status": "superceded", "description": "Fully Automatic", "brand": 58, "goPrice": 2299.95, "manWarranty": "1 Year Australia Wide Manufacturers Warranty", "group": 1, "category": 14, "isGSTExempt": false, "EAN": "10942123200", "packSize": 1, "comments": "", "tradePrice": 1672.69, "spanNet": 1672.69, "costPrice": 1672.69, "model": "XP9000", "isCore": false, "store": 12, "isShared": true}, "model": "core.product", "pk": 10}, {"fields": {"status": "superceded", "description": "Fax Consumable, Tonercartridge for KXFLM600AL", "brand": 12, "goPrice": 278.5, "manWarranty": "1 Year Australia Wide Manufacturers Warranty", "group": 1, "category": 136, "isGSTExempt": false, "EAN": "64547626222", "packSize": 1, "comments": "", "tradePrice": 188.82, "spanNet": 188.82, "costPrice": 188.82, "model": "KXFA75A", "isCore": false, "store": 12, "isShared": true}, "model": "core.product", "pk": 11}, {"fields": {"status": "current", "description": "cleaning tablrt (pkt10)", "brand": 58, "goPrice": 29.95, "manWarranty": "n/a", "group": 1, "category": 136, "isGSTExempt": false, "EAN": "110942117346", "packSize": 10, "comments": "", "tradePrice": 21.78, "spanNet": 21.78, "costPrice": 21.78, "model": "KAF0550010", "isCore": false, "store": 12, "isShared": true}, "model": "core.product", "pk": 12}, {"fields": {"status": "superceded", "description": "Handheld Cleaners, Spot Lifter", "brand": 59, "goPrice": 119.0, "manWarranty": "REFER MANUFACTURERS WARRANTY CARD", "group": 1, "category": 136, "isGSTExempt": false, "EAN": "11120006018", "packSize": 1, "comments": "", "tradePrice": 77.32, "spanNet": 77.32, "costPrice": 77.32, "model": "BS1719F", "isCore": false, "store": 12, "isShared": true}, "model": "core.product", "pk": 13}, {"fields": {"status": "superceded", "description": "Carpet Cleaning Machine, Pro Heat 2xselect", "brand": 59, "goPrice": 899.95, "manWarranty": "REFER MANUFACTURERS WARRANTY CARD", "group": 1, "category": 136, "isGSTExempt": false, "EAN": "11120005189", "packSize": 1, "comments": "", "tradePrice": 682.5, "spanNet": 682.5, "costPrice": 682.5, "model": "BS9400F", "isCore": false, "store": 12, "isShared": true}, "model": "core.product", "pk": 14}, {"fields": {"status": "current", "description": "HEADPHONES", "brand": 52, "goPrice": 29.0, "manWarranty": "? Year Australia Wide Manufacturers Warranty", "group": 1, "category": 65, "isGSTExempt": false, "EAN": "46838352928", "packSize": 1, "comments": "", "tradePrice": 9.09, "spanNet": 9.09, "costPrice": 9.09, "model": "HAG101", "isCore": false, "store": 12, "isShared": true}, "model": "core.product", "pk": 15}, {"fields": {"status": "current", "description": "CLEANING TABLETS ESPRESSE", "brand": 58, "goPrice": 24.95, "manWarranty": "? Year Australia Wide Manufacturers Warranty", "group": 1, "category": 136, "isGSTExempt": false, "EAN": "10942122968", "packSize": 10, "comments": "", "tradePrice": 18.15, "spanNet": 18.15, "costPrice": 18.15, "model": "KAXS300010", "isCore": false, "store": 12, "isShared": true}, "model": "core.product", "pk": 16}, {"fields": {"status": "superceded", "description": "DESCALING KIT PACK 2", "brand": 58, "goPrice": 14.95, "manWarranty": "? Year Australia Wide Manufacturers Warranty", "group": 1, "category": 136, "isGSTExempt": false, "EAN": "10942117339", "packSize": 1, "comments": "", "tradePrice": 10.87, "spanNet": 10.87, "costPrice": 10.87, "model": "KAF0540010", "isCore": false, "store": 12, "isShared": true}, "model": "core.product", "pk": 17}, {"fields": {"status": "current", "description": "CLARIS AQUA FILTER", "brand": 58, "goPrice": 39.95, "manWarranty": "1 Year Australia Wide Manufacturers Warranty", "group": 1, "category": 136, "isGSTExempt": false, "EAN": "10942120247", "packSize": 1, "comments": "", "tradePrice": 29.05, "spanNet": 29.05, "costPrice": 29.05, "model": "KAF08801", "isCore": false, "store": 12, "isShared": true}, "model": "core.product", "pk": 18}, {"fields": {"status": "superceded", "description": "CAP SET FOR COMPACT ESPRE", "brand": 58, "goPrice": 99.95, "manWarranty": "? Year Australia Wide Manufacturers Warranty", "group": 1, "category": 136, "isGSTExempt": false, "EAN": "10942123163", "packSize": 1, "comments": "", "tradePrice": 72.69, "spanNet": 72.69, "costPrice": 72.69, "model": "KAXS600010", "isCore": false, "store": 12, "isShared": true}, "model": "core.product", "pk": 19}, {"fields": {"status": "superceded", "description": "Carpet Cleaning Machine, All Rounder", "brand": 59, "goPrice": 449.0, "manWarranty": "REFER MANUFACTURERS WARRANTY CARD", "group": 1, "category": 136, "isGSTExempt": false, "EAN": "11120005165", "packSize": 1, "comments": "", "tradePrice": 335.0, "spanNet": 335.0, "costPrice": 335.0, "model": "BS7700F", "isCore": false, "store": 12, "isShared": true}, "model": "core.product", "pk": 20}, {"fields": {"status": "superceded", "description": "Floor Care Accessory, Cleaning Formula Wood Floor Solution", "brand": 59, "goPrice": 19.95, "manWarranty": "REFER MANUFACTURERS WARRANTY CARD", "group": 1, "category": 136, "isGSTExempt": false, "EAN": "11120002447", "packSize": 6, "comments": "", "tradePrice": 11.57, "spanNet": 11.57, "costPrice": 11.57, "model": "BS0482", "isCore": false, "store": 12, "isShared": true}, "model": "core.product", "pk": 21}, {"fields": {"status": "obsolete", "description": "3x optical zoom tough waterproof", "brand": 48, "goPrice": 0.0, "manWarranty": "? Year Australia Wide Manufacturers Warranty", "group": 1, "category": 4, "isGSTExempt": false, "EAN": "50332161689", "packSize": 1, "comments": "", "tradePrice": 447.0, "spanNet": 447.0, "costPrice": 447.0, "model": "MJU795SW", "isCore": false, "store": 12, "isShared": true}, "model": "core.product", "pk": 22}, {"fields": {"status": "obsolete", "description": "LI-42B LITHIUM ION BATTERY [ALL TOUGH SERIES, MJU 700, 800 SERIES, MJU", "brand": 48, "goPrice": 0.0, "manWarranty": "1 Year Australia Wide Manufacturers Warranty", "group": 1, "category": 7, "isGSTExempt": false, "EAN": "50332157194", "packSize": 1, "comments": "", "tradePrice": 40.5, "spanNet": 40.5, "costPrice": 40.5, "model": "LI42B", "isCore": false, "store": 12, "isShared": true}, "model": "core.product", "pk": 23}, {"fields": {"status": "obsolete", "description": "MJU 790SW - BLACK (7.1MP, 3x Opt Zoom, Shockproof 1.5m, Waterproof 3m,", "brand": 48, "goPrice": 0.0, "manWarranty": "1 Year Australia Wide Manufacturers Warranty", "group": 1, "category": 4, "isGSTExempt": false, "EAN": "50332161580", "packSize": 1, "comments": "", "tradePrice": 372.0, "spanNet": 372.0, "costPrice": 372.0, "model": "MJU790SWB", "isCore": false, "store": 12, "isShared": true}, "model": "core.product", "pk": 24}, {"fields": {"status": "obsolete", "description": "MJU 790SW - SILVER (7.1MP, 3x Opt Zoom, Shockproof 1.5m, Waterproof 3m", "brand": 48, "goPrice": 0.0, "manWarranty": "1 Year Australia Wide Manufacturers Warranty", "group": 1, "category": 4, "isGSTExempt": false, "EAN": "50332161504", "packSize": 1, "comments": "", "tradePrice": 372.0, "spanNet": 372.0, "costPrice": 372.0, "model": "MJU790SWS", "isCore": false, "store": 12, "isShared": true}, "model": "core.product", "pk": 25}, {"fields": {"status": "obsolete", "description": "FE-340 BLUE (8MP, 3x Opt Zoom, 2.7\" LCD, Shakeproof anti blur mode, Fa", "brand": 48, "goPrice": 299.0, "manWarranty": "1 Year Australia Wide Manufacturers Warranty", "group": 1, "category": 4, "isGSTExempt": false, "EAN": "50332163096", "packSize": 1, "comments": "", "tradePrice": 223.0, "spanNet": 223.0, "costPrice": 223.0, "model": "FE340B", "isCore": false, "store": 12, "isShared": true}, "model": "core.product", "pk": 26}, {"fields": {"status": "obsolete", "description": "FE-340 RED (8MP, 3x Opt Zoom, 2.7\" LCD, Shakeproof anti blur mode, Fac", "brand": 48, "goPrice": 299.0, "manWarranty": "1 Year Australia Wide Manufacturers Warranty", "group": 1, "category": 4, "isGSTExempt": false, "EAN": "50332163119", "packSize": 1, "comments": "", "tradePrice": 223.0, "spanNet": 223.0, "costPrice": 223.0, "model": "FE340R", "isCore": false, "store": 12, "isShared": true}, "model": "core.product", "pk": 27}, {"fields": {"status": "obsolete", "description": "FE-340 SILVER (8MP, 3x Opt Zoom, 2.7\" LCD, Shakeproof anti blur mode,", "brand": 48, "goPrice": 299.0, "manWarranty": "1 Year Australia Wide Manufacturers Warranty", "group": 1, "category": 4, "isGSTExempt": false, "EAN": "50332163072", "packSize": 1, "comments": "", "tradePrice": 223.0, "spanNet": 223.0, "costPrice": 223.0, "model": "FE340S", "isCore": false, "store": 12, "isShared": true}, "model": "core.product", "pk": 28}, {"fields": {"status": "obsolete", "description": "MJU 1030SW - BLACK (10MP, 3.6x Opt Wide Zoom, Shockproof 2.0m, Waterpr", "brand": 48, "goPrice": 0.0, "manWarranty": "1 Year Australia Wide Manufacturers Warranty", "group": 1, "category": 4, "isGSTExempt": false, "EAN": "503321629532", "packSize": 1, "comments": "", "tradePrice": 447.0, "spanNet": 447.0, "costPrice": 447.0, "model": "MJU1030SWB", "isCore": false, "store": 12, "isShared": true}, "model": "core.product", "pk": 29}, {"fields": {"status": "obsolete", "description": "MJU 1030SW - SILVER (10MP, 3.6x Opt Wide Zoom, Shockproof 2.0m, Waterp", "brand": 48, "goPrice": 0.0, "manWarranty": "1 Year Australia Wide Manufacturers Warranty", "group": 1, "category": 4, "isGSTExempt": false, "EAN": "50332162945", "packSize": 1, "comments": "", "tradePrice": 447.0, "spanNet": 447.0, "costPrice": 447.0, "model": "MJU1030SWS", "isCore": false, "store": 12, "isShared": true}, "model": "core.product", "pk": 30}, {"fields": {"status": "obsolete", "description": "MJU 840 SILVER (8MP, 5x Opt Zoom, 2.7\" LCD, Shakeproof anti blur mode,", "brand": 48, "goPrice": 369.0, "manWarranty": "1 Year Australia Wide Manufacturers Warranty", "group": 1, "category": 4, "isGSTExempt": false, "EAN": "503321625941", "packSize": 1, "comments": "", "tradePrice": 297.0, "spanNet": 297.0, "costPrice": 297.0, "model": "MJU840S", "isCore": false, "store": 12, "isShared": true}, "model": "core.product", "pk": 31}, {"fields": {"status": "obsolete", "description": "MJU 850SW - BLACK (8MP, 3x Opt Zoom, Shockproof 1.5m, Waterproof 3m, S", "brand": 48, "goPrice": 379.0, "manWarranty": "1 Year Australia Wide Manufacturers Warranty", "group": 1, "category": 4, "isGSTExempt": false, "EAN": "503321626931", "packSize": 1, "comments": "", "tradePrice": 297.0, "spanNet": 297.0, "costPrice": 297.0, "model": "MJU850SWB", "isCore": false, "store": 12, "isShared": true}, "model": "core.product", "pk": 32}, {"fields": {"status": "obsolete", "description": "MJU 850SW - PINK (8MP, 3x Opt Zoom, Shockproof 1.5m, Waterproof 3m, Sn", "brand": 48, "goPrice": 379.0, "manWarranty": "1 Year Australia Wide Manufacturers Warranty", "group": 1, "category": 4, "isGSTExempt": false, "EAN": "50332162716", "packSize": 1, "comments": "", "tradePrice": 297.0, "spanNet": 297.0, "costPrice": 297.0, "model": "MJU850SWP", "isCore": false, "store": 12, "isShared": true}, "model": "core.product", "pk": 33}, {"fields": {"status": "obsolete", "description": "MJU 850SW - SILVER (8MP, 3x Opt Zoom, Shockproof 1.5m, Waterproof 3m,", "brand": 48, "goPrice": 379.0, "manWarranty": "1 Year Australia Wide Manufacturers Warranty", "group": 1, "category": 4, "isGSTExempt": false, "EAN": "50332162686", "packSize": 1, "comments": "", "tradePrice": 297.0, "spanNet": 297.0, "costPrice": 297.0, "model": "MJU850SWS", "isCore": false, "store": 12, "isShared": true}, "model": "core.product", "pk": 34}, {"fields": {"status": "obsolete", "description": "SP-570 UZ (10MP, 20x Opt Zoom, 26mm wide lens, Dual Shakeproof Image S", "brand": 48, "goPrice": 649.0, "manWarranty": "1 Year Australia Wide Manufacturers Warranty", "group": 1, "category": 4, "isGSTExempt": false, "EAN": "50332162983", "packSize": 1, "comments": "", "tradePrice": 521.0, "spanNet": 521.0, "costPrice": 521.0, "model": "SP570UZ", "isCore": false, "store": 12, "isShared": true}, "model": "core.product", "pk": 35}, {"fields": {"status": "superceded", "description": "Krups K2 Plus Pump Espresso", "brand": 58, "goPrice": 239.95, "manWarranty": "1 Year Australia Wide Manufacturers Warranty", "group": 1, "category": 14, "isGSTExempt": false, "EAN": "10942205159", "packSize": 2, "comments": "", "tradePrice": 174.51, "spanNet": 174.51, "costPrice": 174.51, "model": "XP4030", "isCore": false, "store": 12, "isShared": true}, "model": "core.product", "pk": 36}, {"fields": {"status": "superceded", "description": "Carpet Cleaning Machine, Quickwash", "brand": 59, "goPrice": 329.0, "manWarranty": "REFER MANUFACTURERS WARRANTY CARD", "group": 1, "category": 136, "isGSTExempt": false, "EAN": "11120004311", "packSize": 1, "comments": "", "tradePrice": 231.97, "spanNet": 231.97, "costPrice": 231.97, "model": "BS2080F", "isCore": false, "store": 12, "isShared": true}, "model": "core.product", "pk": 37}, {"fields": {"status": "superceded", "description": "Floor Care Accessory, PreStain Treatment Tough", "brand": 59, "goPrice": 19.95, "manWarranty": "REFER MANUFACTURERS WARRANTY CARD", "group": 1, "category": 136, "isGSTExempt": false, "EAN": "11120004007", "packSize": 6, "comments": "", "tradePrice": 11.57, "spanNet": 11.57, "costPrice": 11.57, "model": "BS4001", "isCore": false, "store": 12, "isShared": true}, "model": "core.product", "pk": 38}, {"fields": {"status": "superceded", "description": "Floor Care Accessory, Replacements PAD 2 PACK", "brand": 59, "goPrice": 19.95, "manWarranty": "REFER MANUFACTURERS WARRANTY CARD", "group": 1, "category": 136, "isGSTExempt": false, "EAN": "11120006742", "packSize": 4, "comments": "", "tradePrice": 11.05, "spanNet": 11.05, "costPrice": 11.05, "model": "BS3255", "isCore": false, "store": 12, "isShared": true}, "model": "core.product", "pk": 39}, {"fields": {"status": "current", "description": "Photography Battery, LI 50B, LITHIUM ION BATTERY FOR TOUGH 1030SW", "brand": 48, "goPrice": 69.0, "manWarranty": "? Year Australia Wide Manufacturers Warranty", "group": 1, "category": 7, "isGSTExempt": false, "EAN": "50332162396", "packSize": 1, "comments": "", "tradePrice": 41.0, "spanNet": 41.0, "costPrice": 41.0, "model": "162396", "isCore": false, "store": 12, "isShared": true}, "model": "core.product", "pk": 40}, {"fields": {"status": "obsolete", "description": "Digital Camera, 10megapixel, 3.6x Opt Zoom,Shock Water & Snow Proof", "brand": 48, "goPrice": 559.0, "manWarranty": "? Year Australia Wide Manufacturers Warranty", "group": 1, "category": 4, "isGSTExempt": false, "EAN": "50332162952", "packSize": 1, "comments": "", "tradePrice": 372.0, "spanNet": 372.0, "costPrice": 372.0, "model": "MJU1030SWBLACK", "isCore": false, "store": 12, "isShared": true}, "model": "core.product", "pk": 41}, {"fields": {"status": "obsolete", "description": "Digital Camera, 10megapixel, 3.6x Opt Zoom,Shock Water & Snow Proof", "brand": 48, "goPrice": 559.0, "manWarranty": "? Year Australia Wide Manufacturers Warranty", "group": 1, "category": 4, "isGSTExempt": false, "EAN": "5033216294511", "packSize": 1, "comments": "", "tradePrice": 372.0, "spanNet": 372.0, "costPrice": 372.0, "model": "MJU1030SWSILVER", "isCore": false, "store": 12, "isShared": true}, "model": "core.product", "pk": 42}, {"fields": {"status": "current", "description": "16GB MICRO VAULT CLICK USB 2.0", "brand": 17, "goPrice": 49.99, "manWarranty": "1 Year Australia Wide Manufacturers Warranty", "group": 1, "category": 31, "isGSTExempt": false, "EAN": "27242737167", "packSize": 1, "comments": "", "tradePrice": 34.08, "spanNet": 34.08, "costPrice": 34.08, "model": "USM16GL", "isCore": false, "store": 12, "isShared": true}, "model": "core.product", "pk": 43}, {"fields": {"status": "current", "description": "2GB MICRO VAULT CLICK USB 2.0", "brand": 17, "goPrice": 44.95, "manWarranty": "? Year Australia Wide Manufacturers Warranty", "group": 1, "category": 31, "isGSTExempt": false, "EAN": "27242737105", "packSize": 1, "comments": "", "tradePrice": 24.51, "spanNet": 24.51, "costPrice": 24.51, "model": "USM2GL", "isCore": false, "store": 12, "isShared": true}, "model": "core.product", "pk": 44}, {"fields": {"status": "current", "description": "Recording Media,Micro Vault 4Gb Micro Vault Click Usb 2.0", "brand": 17, "goPrice": 14.99, "manWarranty": "? Year Australia Wide Manufacturers Warranty", "group": 1, "category": 31, "isGSTExempt": false, "EAN": "27242737129", "packSize": 1, "comments": "", "tradePrice": 10.22, "spanNet": 10.22, "costPrice": 10.22, "model": "USM4GL", "isCore": false, "store": 12, "isShared": true}, "model": "core.product", "pk": 45}, {"fields": {"status": "current", "description": "Recording Media,Micro Vault 8Gb Micro Vault Click Usb 2.0", "brand": 17, "goPrice": 24.99, "manWarranty": "? Year Australia Wide Manufacturers Warranty", "group": 1, "category": 31, "isGSTExempt": false, "EAN": "27242737143", "packSize": 1, "comments": "", "tradePrice": 17.04, "spanNet": 17.04, "costPrice": 17.04, "model": "USM8GL", "isCore": false, "store": 12, "isShared": true}, "model": "core.product", "pk": 46}, {"fields": {"status": "superceded", "description": "Carpet Cleaning Machine, Quickwash", "brand": 59, "goPrice": 229.0, "manWarranty": "REFER MANUFACTURERS WARRANTY CARD", "group": 1, "category": 136, "isGSTExempt": false, "EAN": "11120004243", "packSize": 1, "comments": "", "tradePrice": 157.8, "spanNet": 157.8, "costPrice": 157.8, "model": "BS1970F", "isCore": false, "store": 12, "isShared": true}, "model": "core.product", "pk": 47}, {"fields": {"status": "obsolete", "description": "Compact Expresseria", "brand": 58, "goPrice": 0.0, "manWarranty": "1 Year Australia Wide Manufacturers Warranty", "group": 1, "category": 136, "isGSTExempt": false, "EAN": "10942117346", "packSize": 1, "comments": "MARKED FOR DELETION", "tradePrice": 727.24, "spanNet": 727.24, "costPrice": 727.24, "model": "XP7200", "isCore": false, "store": 12, "isShared": true}, "model": "core.product", "pk": 48}, {"fields": {"status": "current", "description": "Fax Consumable, Thermal transfer film for KXFP101AL, KXFP121AL, KXFM13", "brand": 12, "goPrice": 63.45, "manWarranty": "? Year Australia Wide Manufacturers Warranty",  "group": 1, "category": 136, "isGSTExempt": false, "EAN": "64547232478", "packSize": 1, "comments": "", "tradePrice": 43.8, "spanNet": 43.8, "costPrice": 43.8, "model": "KXFA136", "isCore": false, "store": 12, "isShared": true}, "model": "core.product", "pk": 49},  {"fields": {"status": "current", "description": "MINI HEADPHONES WITH CARRYING CASE.  BLACK IN COLOUR.", "brand": 52, "goPrice": 9.95, "manWarranty": "? Year Australia Wide Manufacturers Warranty", "group": 1, "category": 65, "isGSTExempt": false, "EAN": "46838027819", "packSize": 1, "comments": "", "tradePrice": 3.64, "spanNet": 3.64, "costPrice": 3.64, "model": "HAF10C", "isCore": false, "store": 12, "isShared": true}, "model": "core.product", "pk": 50}, {"fields": {"status": "obsolete", "description": "DUAL NOISE CANCELLING HEADPHONES", "brand": 52, "goPrice": 89.0, "manWarranty": "? Year Australia Wide Manufacturers Warranty", "group": 1, "category": 65, "isGSTExempt": false, "EAN": "46838027628", "packSize": 1, "comments": "MARKED FOR DELETION", "tradePrice": 45.46, "spanNet": 45.46, "costPrice": 45.46, "model": "HANC80", "isCore": false, "store": 12, "isShared": true}, "model": "core.product", "pk": 51}, {"fields": {"status": "current", "description": "HIGH QUALITY SOUND REPRODUCTION", "brand": 52, "goPrice": 49.0, "manWarranty": "? Year Australia Wide Manufacturers Warranty", "group": 1, "category": 65, "isGSTExempt": false, "EAN": "46838030208", "packSize": 1, "comments": "", "tradePrice": 18.18, "spanNet": 18.18, "costPrice": 18.18, "model": "HARX300", "isCore": false, "store": 12, "isShared": true}, "model": "core.product", "pk": 52}, {"fields": {"status": "current", "description": "HIGH QUALITY SOUND REPRODUCTION", "brand": 52, "goPrice": 69.0, "manWarranty": "? Year Australia Wide Manufacturers Warranty", "group": 1, "category": 65, "isGSTExempt": false, "EAN": "46838030215", "packSize": 1, "comments": "", "tradePrice": 27.27, "spanNet": 27.27, "costPrice": 27.27, "model": "HARX500", "isCore": false, "store": 12, "isShared": true}, "model": "core.product", "pk": 53}, {"fields": {"status": "current", "description": "2GB MICROVAULT CLASSIC", "brand": 17, "goPrice": 39.95, "manWarranty": "? Year Australia Wide Manufacturers Warranty", "group": 1, "category": 31, "isGSTExempt": false, "EAN": "27242744042", "packSize": 1, "comments": "", "tradePrice": 23.6, "spanNet": 23.6, "costPrice": 23.6, "model": "USM2GJB", "isCore": false, "store": 12, "isShared": true}, "model": "core.product", "pk": 54}, {"fields": {"status": "current", "description": "4GB MICRO VAULT USB 2.0", "brand": 17, "goPrice": 69.95, "manWarranty": "? Year Australia Wide Manufacturers Warranty", "group": 1, "category": 31, "isGSTExempt": false, "EAN": "27242744066", "packSize": 1, "comments": "", "tradePrice": 40.14, "spanNet": 40.14, "costPrice": 40.14, "model": "USM4GJB", "isCore": false, "store": 12, "isShared": true}, "model": "core.product", "pk": 55}, {"fields": {"status": "current", "description": "Liquid Cleaner for Krups Espresseria", "brand": 58, "goPrice": 24.95, "manWarranty": "? Year Australia Wide Manufacturers Warranty", "group": 1, "category": 136, "isGSTExempt": false, "EAN": "10942122975", "packSize": 1, "comments": "", "tradePrice": 18.15, "spanNet": 18.15, "costPrice": 18.15, "model": "XS400010", "isCore": false, "store": 12, "isShared": true}, "model": "core.product", "pk": 56}, {"fields": {"status": "superceded", "description": "Krups Espresseria Automatic Black & Metal", "brand": 58, "goPrice": 0.0, "manWarranty": "? Year Australia Wide Manufacturers Warranty", "group": 1, "category": 14, "isGSTExempt": false, "EAN": "10942207658", "packSize": 1, "comments": "", "tradePrice": 727.24, "spanNet": 727.24, "costPrice": 727.24, "model": "EA8010", "isCore": false, "store": 12, "isShared": true}, "model": "core.product", "pk": 57}, {"fields": {"status": "superceded", "description": "Krups Espresseria Automatic Piano Black", "brand": 58, "goPrice": 1299.95, "manWarranty": "? Year Australia Wide Manufacturers Warranty", "group": 1, "category": 14, "isGSTExempt": false, "EAN": "10942207634", "packSize": 1, "comments": "", "tradePrice": 945.42, "spanNet": 945.42, "costPrice": 945.42, "model": "EA8080", "isCore": false, "store": 12, "isShared": true}, "model": "core.product", "pk": 58}, {"fields": {"status": "current", "description": "MICROVAULT CLASSIC 8GB", "brand": 17, "goPrice": 89.95, "manWarranty": "? Year Australia Wide Manufacturers Warranty", "group": 1, "category": 31, "isGSTExempt": false, "EAN": "27242744080", "packSize": 1, "comments": "", "tradePrice": 73.81, "spanNet": 73.81, "costPrice": 73.81, "model": "USM8GJB", "isCore": false, "store": 12, "isShared": true}, "model": "core.product", "pk": 59}, {"fields": {"status": "superceded", "description": "791010 D40 Lens kit:  D40 DX Body, AF-S DX 18-55 F3.5-5.6G ED, Key Spe", "brand": 82, "goPrice": 899.0, "manWarranty": "? Year Australia Wide Manufacturers Warranty", "group": 1, "category": 51, "isGSTExempt": false, "EAN": "18208912346", "packSize": 1, "comments": "", "tradePrice": 694.68, "spanNet": 694.68, "costPrice": 694.68, "model": "791010", "isCore": false, "store": 12, "isShared": true}, "model": "core.product", "pk": 60}, {"fields": {"status": "superceded", "description": "791059 Includes: D60 Basic Kit (as above) + AF-S 18-55mm VR (1 box)", "brand": 82, "goPrice": 999.0, "manWarranty": "? Year Australia Wide Manufacturers Warranty", "group": 1, "category": 50, "isGSTExempt": false, "EAN": "18208914357", "packSize": 1, "comments": "", "tradePrice": 769.65, "spanNet": 769.65, "costPrice": 769.65, "model": "791059", "isCore": false, "store": 12, "isShared": true}, "model": "core.product", "pk": 61}, {"fields": {"status": "superceded", "description": "791076 Includes: D90 Basic Kit (as above) + AF-S 18-105mm VR (1 Box)", "brand": 82, "goPrice": 2299.0, "manWarranty": "? Year Australia Wide Manufacturers Warranty", "group": 1, "category": 50, "isGSTExempt": false, "EAN": "18208915750", "packSize": 1, "comments": "", "tradePrice": 1797.4, "spanNet": 1797.4, "costPrice": 1797.4, "model": "791076", "isCore": false, "store": 12, "isShared": true}, "model": "core.product", "pk": 62}, {"fields": {"status": "superceded", "description": "VBA190CH D3X Basic Kit: D3X Body, Key Specs: 24.5MP, FX Full Frame For", "brand": 82, "goPrice": 13999.0, "manWarranty": "? Year Australia Wide Manufacturers Warranty", "group": 1, "category": 51, "isGSTExempt": false, "EAN": "18208914432", "packSize": 1, "comments": "", "tradePrice": 9599.2, "spanNet": 9599.2, "costPrice": 9599.2, "model": "D3X", "isCore": false, "store": 12, "isShared": true}, "model": "core.product", "pk": 63}, {"fields": {"status": "superceded", "description": "VBA220AH D700 Basic Kit: D700 Body, Key Specs: 12.1MP, FX Full Frame F", "brand": 82, "goPrice": 4799.0, "manWarranty": "? Year Australia Wide Manufacturers Warranty", "group": 1, "category": 51, "isGSTExempt": false, "EAN": "18208915484", "packSize": 1, "comments": "", "tradePrice": 3839.2, "spanNet": 3839.2, "costPrice": 3839.2, "model": "D700", "isCore": false, "store": 12, "isShared": true}, "model": "core.product", "pk": 64}, {"fields": {"status": "superceded", "description": "FAA310AA FM10 Body + 35-70mm Nikkor, Case, Strap & 2 x LR44 batteries", "brand": 82, "goPrice": 659.0, "manWarranty": "? Year Australia Wide Manufacturers Warranty", "group": 1, "category": 51, "isGSTExempt": false, "EAN": "18208801701", "packSize": 1, "comments": "", "tradePrice": 474.05, "spanNet": 474.05, "costPrice": 474.05, "model": "FAA310AA", "isCore": false, "store": 12, "isShared": true}, "model": "core.product", "pk": 65}, {"fields": {"status": "superceded", "description": "FAA410NA F6 AF Body + AN-19 Neck strap + 3V Lithium Battery + BF-F6 Bo", "brand": 82, "goPrice": 3995.0, "manWarranty": "? Year Australia Wide Manufacturers Warranty", "group": 1, "category": 51, "isGSTExempt": false, "EAN": "18208803439", "packSize": 1, "comments": "", "tradePrice": 3125.5, "spanNet": 3125.5, "costPrice": 3125.5, "model": "FAA410NA", "isCore": false, "store": 12, "isShared": true}, "model": "core.product", "pk": 66}, {"fields": {"status": "superceded", "description": "JAA001AF 52mm thread", "brand": 82, "goPrice": 999.0, "manWarranty": "? Year Australia Wide Manufacturers Warranty", "group": 1, "category": 6, "isGSTExempt": false, "EAN": "18208014330", "packSize": 1, "comments": "", "tradePrice": 771.95, "spanNet": 771.95, "costPrice": 771.95, "model": "JAA001AF", "isCore": false, "store": 12, "isShared": true}, "model": "core.product", "pk": 67}, {"fields": {"status": "superceded", "description": "JAA003AB 52mm thread", "brand": 82, "goPrice": 1199.0, "manWarranty": "? Year Australia Wide Manufacturers Warranty", "group": 1, "category": 6, "isGSTExempt": false, "EAN": "18208014354", "packSize": 1, "comments": "", "tradePrice": 926.5, "spanNet": 926.5, "costPrice": 926.5, "model": "JAA003AB", "isCore": false, "store": 12, "isShared": true}, "model": "core.product", "pk": 68}, {"fields": {"status": "superceded", "description": "JAA011DB 52mm thread / HR-2 hood optional", "brand": 82, "goPrice": 579.0, "manWarranty": "? Year Australia Wide Manufacturers Warranty", "group": 1, "category": 6, "isGSTExempt": false, "EAN": "18208019021", "packSize": 1, "comments": "", "tradePrice": 431.62, "spanNet": 431.62, "costPrice": 431.62, "model": "JAA011DB", "isCore": false, "store": 12, "isShared": true}, "model": "core.product", "pk": 69}, {"fields": {"status": "superceded", "description": "JAA013DA 52mm thread / HR-2 hood optional", "brand": 82, "goPrice": 229.0, "manWarranty": "? Year Australia Wide Manufacturers Warranty", "group": 1, "category": 6, "isGSTExempt": false, "EAN": "18208021376", "packSize": 1, "comments": "", "tradePrice": 170.71, "spanNet": 170.71, "costPrice": 170.71, "model": "JAA013DA", "isCore": false, "store": 12, "isShared": true}, "model": "core.product", "pk": 70}, {"fields": {"status": "superceded", "description": "JAA014DA 58mm thread / HB-47 hood supplied", "brand": 82, "goPrice": 899.0, "manWarranty": "? Year Australia Wide Manufacturers Warranty", "group": 1, "category": 6, "isGSTExempt": false, "EAN": "18208021802", "packSize": 1, "comments": "", "tradePrice": 670.16, "spanNet": 670.16, "costPrice": 670.16, "model": "JAA014DA", "isCore": false, "store": 12, "isShared": true}, "model": "core.product", "pk": 71}, {"fields": {"status": "superceded", "description": "JAA112AB 52mm thread", "brand": 82, "goPrice": 1149.0, "manWarranty": "? Year Australia Wide Manufacturers Warranty", "group": 1, "category": 6, "isGSTExempt": false, "EAN": "18208014200", "packSize": 1, "comments": "", "tradePrice": 887.86, "spanNet": 887.86, "costPrice": 887.86, "model": "JAA112AB", "isCore": false, "store": 12, "isShared": true}, "model": "core.product", "pk": 72}, {"fields": {"status": "superceded", "description": "JAA125DA 52mm thread", "brand": 82, "goPrice": 679.0, "manWarranty": "? Year Australia Wide Manufacturers Warranty", "group": 1, "category": 6, "isGSTExempt": false, "EAN": "18208019199", "packSize": 1, "comments": "", "tradePrice": 506.16, "spanNet": 506.16, "costPrice": 506.16, "model": "JAA125DA", "isCore": false, "store": 12, "isShared": true}, "model": "core.product", "pk": 73}, {"fields": {"status": "superceded", "description": "JAA127DA 62mm thread", "brand": 82, "goPrice": 999.0, "manWarranty": "? Year Australia Wide Manufacturers Warranty", "group": 1, "category": 6, "isGSTExempt": false, "EAN": "18208019137", "packSize": 1, "comments": "", "tradePrice": 744.71, "spanNet": 744.71, "costPrice": 744.71, "model": "JAA127DA", "isCore": false, "store": 12, "isShared": true}, "model": "core.product", "pk": 74}, {"fields": {"status": "superceded", "description": "JAA128DA 52mm thread", "brand": 82, "goPrice": 449.0, "manWarranty": "? Year Australia Wide Manufacturers Warranty", "group": 1, "category": 6, "isGSTExempt": false, "EAN": "18208019229", "packSize": 1, "comments": "", "tradePrice": 334.71, "spanNet": 334.71, "costPrice": 334.71, "model": "JAA128DA", "isCore": false, "store": 12, "isShared": true}, "model": "core.product", "pk": 75}, {"fields": {"status": "superceded", "description": "JAA129DA 52mm thread", "brand": 82, "goPrice": 619.0, "manWarranty": "? Year Australia Wide Manufacturers Warranty", "group": 1, "category": 6, "isGSTExempt": false, "EAN": "18208019236", "packSize": 1, "comments": "", "tradePrice": 461.44, "spanNet": 461.44, "costPrice": 461.44, "model": "JAA129DA", "isCore": false, "store": 12, "isShared": true}, "model": "core.product", "pk": 76}, {"fields": {"status": "superceded", "description": "JAA130DA 27mm rear attachment type / Built-in hood", "brand": 82, "goPrice": 2799.0, "manWarranty": "? Year Australia Wide Manufacturers Warranty", "group": 1, "category": 6, "isGSTExempt": false, "EAN": "18208019250", "packSize": 1, "comments": "", "tradePrice": 2086.53, "spanNet": 2086.53, "costPrice": 2086.53, "model": "JAA130DA", "isCore": false, "store": 12, "isShared": true}, "model": "core.product", "pk": 77}, {"fields": {"status": "superceded", "description": "JAA132DA 52mm thread / HB-46 hood supplied", "brand": 82, "goPrice": 399.0, "manWarranty": "? Year Australia Wide Manufacturers Warranty", "group": 1, "category": 6, "isGSTExempt": false, "EAN": "18208021833", "packSize": 1, "comments": "", "tradePrice": 297.44, "spanNet": 297.44, "costPrice": 297.44, "model": "JAA132DA", "isCore": false, "store": 12, "isShared": true}, "model": "core.product", "pk": 78}, {"fields": {"status": "superceded", "description": "JAA327DA 62mm thread / Built-in hood", "brand": 82, "goPrice": 1899.0, "manWarranty": "? Year Australia Wide Manufacturers Warranty", "group": 1, "category": 6, "isGSTExempt": false, "EAN": "18208019328", "packSize": 1, "comments": "", "tradePrice": 1415.62, "spanNet": 1415.62, "costPrice": 1415.62, "model": "JAA327DA", "isCore": false, "store": 12, "isShared": true}, "model": "core.product", "pk": 79}, {"fields": {"status": "superceded", "description": "JAA328DA 62mm thread / HN-23 hood provided", "brand": 82, "goPrice": 779.0, "manWarranty": "? Year Australia Wide Manufacturers Warranty", "group": 1, "category": 6, "isGSTExempt": false, "EAN": "18208019311", "packSize": 1, "comments": "", "tradePrice": 580.71, "spanNet": 580.71, "costPrice": 580.71, "model": "JAA328DA", "isCore": false, "store": 12, "isShared": true}, "model": "core.product", "pk": 80}, {"fields": {"status": "superceded", "description": "JAA329DA 72mm thread / Built-in hood", "brand": 82, "goPrice": 2199.0, "manWarranty": "? Year Australia Wide Manufacturers Warranty", "group": 1, "category": 6, "isGSTExempt": false, "EAN": "18208019359", "packSize": 1, "comments": "", "tradePrice": 1639.25, "spanNet": 1639.25, "costPrice": 1639.25, "model": "JAA329DA", "isCore": false, "store": 12, "isShared": true}, "model": "core.product", "pk": 81}, {"fields": {"status": "superceded", "description": "JAA330DA 72mm thread / Built-in hood", "brand": 82, "goPrice": 1549.0, "manWarranty": "? Year Australia Wide Manufacturers Warranty", "group": 1, "category": 6, "isGSTExempt": false, "EAN": "18208019403", "packSize": 1, "comments": "", "tradePrice": 1154.71, "spanNet": 1154.71, "costPrice": 1154.71, "model": "JAA330DA", "isCore": false, "store": 12, "isShared": true}, "model": "core.product", "pk": 82}, {"fields": {"status": "superceded", "description": "JAA332DA 77mm thread / HN-31 hood provided", "brand": 82, "goPrice": 1999.0, "manWarranty": "? Year Australia Wide Manufacturers Warranty", "group": 1, "category": 6, "isGSTExempt": false, "EAN": "18208019335", "packSize": 1, "comments": "", "tradePrice": 1490.16, "spanNet": 1490.16, "costPrice": 1490.16, "model": "JAA332DA", "isCore": false, "store": 12, "isShared": true}, "model": "core.product", "pk": 83}, {"fields": {"status": "superceded", "description": "JAA334DA 77mm thread / Built-in hood", "brand": 82, "goPrice": 2249.0, "manWarranty": "? Year Australia Wide Manufacturers Warranty", "group": 1, "category": 6, "isGSTExempt": false, "EAN": "18208019090", "packSize": 1, "comments": "", "tradePrice": 1676.53, "spanNet": 1676.53, "costPrice": 1676.53, "model": "JAA334DA", "isCore": false, "store": 12, "isShared": true}, "model": "core.product", "pk": 84}, {"fields": {"status": "superceded", "description": "JAA336DA 52mm slip-in / HK-31 hood provided", "brand": 82, "goPrice": 7599.0, "manWarranty": "? Year Australia Wide Manufacturers Warranty", "group": 1, "category": 6, "isGSTExempt": false, "EAN": "18208021505", "packSize": 1, "comments": "", "tradePrice": 6079.2, "spanNet": 6079.2, "costPrice": 6079.2, "model": "JAA336DA", "isCore": false, "store": 12, "isShared": true}, "model": "core.product", "pk": 85}, {"fields": {"status": "superceded", "description": "JAA337DA 52mm slip-in / HK-30 hood provided", "brand": 82, "goPrice": 8499.0, "manWarranty": "? Year Australia Wide Manufacturers Warranty", "group": 1, "category": 6, "isGSTExempt": false, "EAN": "18208021543", "packSize": 1, "comments": "", "tradePrice": 6799.2, "spanNet": 6799.2, "costPrice": 6799.2, "model": "JAA337DA", "isCore": false, "store": 12, "isShared": true}, "model": "core.product", "pk": 86}, {"fields": {"status": "superceded", "description": "JAA528DA 52mm slip-in / HK-33 hood provided", "brand": 82, "goPrice": 14499.0, "manWarranty": "? Year Australia Wide Manufacturers Warranty", "group": 1, "category": 6, "isGSTExempt": false, "EAN": "18208021710", "packSize": 1, "comments": "", "tradePrice": 11599.2, "spanNet": 11599.2, "costPrice": 11599.2, "model": "JAA528DA", "isCore": false, "store": 12, "isShared": true}, "model": "core.product", "pk": 87}, {"fields": {"status": "superceded", "description": "JAA529DA 52mm slip-in / HK-34 hood provided", "brand": 82, "goPrice": 13999.0, "manWarranty": "? Year Australia Wide Manufacturers Warranty", "group": 1, "category": 6, "isGSTExempt": false, "EAN": "18208021727", "packSize": 1, "comments": "", "tradePrice": 11199.2, "spanNet": 11199.2, "costPrice": 11199.2, "model": "JAA529DA", "isCore": false, "store": 12, "isShared": true}, "model": "core.product", "pk": 88}, {"fields": {"status": "superceded", "description": "JAA530DA 52mm slip-in / HK-34 hood provided", "brand": 82, "goPrice": 16999.0, "manWarranty": "? Year Australia Wide Manufacturers Warranty", "group": 1, "category": 6, "isGSTExempt": false, "EAN": "18208021734", "packSize": 1, "comments": "", "tradePrice": 13599.2, "spanNet": 13599.2, "costPrice": 13599.2, "model": "JAA530DA", "isCore": false, "store": 12, "isShared": true}, "model": "core.product", "pk": 89}, {"fields": {"status": "superceded", "description": "JAA624DA 62mm thread / HN-30 hood optional", "brand": 82, "goPrice": 2799.0, "manWarranty": "? Year Australia Wide Manufacturers Warranty", "group": 1, "category": 6, "isGSTExempt": false, "EAN": "18208019892", "packSize": 1, "comments": "", "tradePrice": 2086.53, "spanNet": 2086.53, "costPrice": 2086.53, "model": "JAA624DA", "isCore": false, "store": 12, "isShared": true}, "model": "core.product", "pk": 90}, {"fields": {"status": "superceded", "description": "JAA626DA Bayonet filters L37C, A2, B2, O56 provided / Built-in hood", "brand": 82, "goPrice": 1549.0, "manWarranty": "? Year Australia Wide Manufacturers Warranty", "group": 1, "category": 6, "isGSTExempt": false, "EAN": "18208019106", "packSize": 1, "comments": "", "tradePrice": 1154.71, "spanNet": 1154.71, "costPrice": 1154.71, "model": "JAA626DA", "isCore": false, "store": 12, "isShared": true}, "model": "core.product", "pk": 91}, {"fields": {"status": "superceded", "description": "JAA629DA Rear bayonet type (27mm) / Built-in hood", "brand": 82, "goPrice": 1299.0, "manWarranty": "? Year Australia Wide Manufacturers Warranty", "group": 1, "category": 6, "isGSTExempt": false, "EAN": "18208021482", "packSize": 1, "comments": "", "tradePrice": 968.35, "spanNet": 968.35, "costPrice": 968.35, "model": "JAA629DA", "isCore": false, "store": 12, "isShared": true}, "model": "core.product", "pk": 92}, {"fields": {"status": "superceded", "description": "JAA630DA 62mm thread / HB-38 hood provided", "brand": 82, "goPrice": 1599.0, "manWarranty": "? Year Australia Wide Manufacturers Warranty", "group": 1, "category": 6, "isGSTExempt": false, "EAN": "18208021604", "packSize": 1, "comments": "", "tradePrice": 1191.98, "spanNet": 1191.98, "costPrice": 1191.98, "model": "JAA630DA", "isCore": false, "store": 12, "isShared": true}, "model": "core.product", "pk": 93}, {"fields": {"status": "superceded", "description": "JAA631DA Tilt & shift mechanism / 77mm thread / HB-41 hood provided", "brand": 82, "goPrice": 3649.0, "manWarranty": "? Year Australia Wide Manufacturers Warranty", "group": 1, "category": 6, "isGSTExempt": false, "EAN": "18208021680", "packSize": 1, "comments": "", "tradePrice": 2819.68, "spanNet": 2819.68, "costPrice": 2819.68, "model": "JAA631DA", "isCore": false, "store": 12, "isShared": true}, "model": "core.product", "pk": 94}, {"fields": {"status": "superceded", "description": "JAA632DA 62mm thread / HB-42 hood provided", "brand": 82, "goPrice": 999.0, "manWarranty": "? Year Australia Wide Manufacturers Warranty", "group": 1, "category": 6, "isGSTExempt": false, "EAN": "18208021772", "packSize": 1, "comments": "", "tradePrice": 744.71, "spanNet": 744.71, "costPrice": 744.71, "model": "JAA632DA", "isCore": false, "store": 12, "isShared": true}, "model": "core.product", "pk": 95}, {"fields": {"status": "superceded", "description": "JAA633DA Tilt & shift mechanism / 77mm thread / HB-43 hood provided", "brand": 82, "goPrice": 3549.0, "manWarranty": "? Year Australia Wide Manufacturers Warranty", "group": 1, "category": 6, "isGSTExempt": false, "EAN": "18208021741", "packSize": 1, "comments": "", "tradePrice": 2742.41, "spanNet": 2742.41, "costPrice": 2742.41, "model": "JAA633DA", "isCore": false, "store": 12, "isShared": true}, "model": "core.product", "pk": 96}, {"fields": {"status": "superceded", "description": "JAA634DA Tilt & shift mechanism / 77mm thread / HB-22 hood provided", "brand": 82, "goPrice": 3699.0, "manWarranty": "? Year Australia Wide Manufacturers Warranty", "group": 1, "category": 6, "isGSTExempt": false, "EAN": "18208021758", "packSize": 1, "comments": "", "tradePrice": 2858.32, "spanNet": 2858.32, "costPrice": 2858.32, "model": "JAA634DA", "isCore": false, "store": 12, "isShared": true}, "model": "core.product", "pk": 97}, {"fields": {"status": "superceded", "description": "JAA762DA 77mm thread / HB-7 hood optional", "brand": 82, "goPrice": 1899.0, "manWarranty": "? Year Australia Wide Manufacturers Warranty", "group": 1, "category": 6, "isGSTExempt": false, "EAN": "18208019861", "packSize": 1, "comments": "", "tradePrice": 1415.62, "spanNet": 1415.62, "costPrice": 1415.62, "model": "JAA762DA", "isCore": false, "store": 12, "isShared": true}, "model": "core.product", "pk": 98}, {"fields": {"status": "superceded", "description": "JAA770DA 77mm thread / HB-23 hood supplied", "brand": 82, "goPrice": 2999.0, "manWarranty": "? Year Australia Wide Manufacturers Warranty", "group": 1, "category": 6, "isGSTExempt": false, "EAN": "18208019601", "packSize": 1, "comments": "", "tradePrice": 2235.62, "spanNet": 2235.62, "costPrice": 2235.62, "model": "JAA770DA", "isCore": false, "store": 12, "isShared": true}, "model": "core.product", "pk": 99}, {"fields": {"status": "superceded", "description": "JAA771DA 77mm thread / HB-24 hood provided", "brand": 82, "goPrice": 2699.0, "manWarranty": "? Year Australia Wide Manufacturers Warranty", "group": 1, "category": 6, "isGSTExempt": false, "EAN": "18208019960", "packSize": 1, "comments": "", "tradePrice": 2011.98, "spanNet": 2011.98, "costPrice": 2011.98, "model": "JAA771DA", "isCore": false, "store": 12, "isShared": true}, "model": "core.product", "pk": 100}, {"fields": {"status": "superceded", "description": "JAA772DA 77mm thread / HB-23 hood supplied", "brand": 82, "goPrice": 1099.0, "manWarranty": "? Year Australia Wide Manufacturers Warranty", "group": 1, "category": 6, "isGSTExempt": false, "EAN": "18208019984", "packSize": 1, "comments": "", "tradePrice": 819.25, "spanNet": 819.25, "costPrice": 819.25, "model": "JAA772DA", "isCore": false, "store": 12, "isShared": true}, "model": "core.product", "pk": 101}, {"fields": {"status": "superceded", "description": "JAA774DA 72mm thread / HB-25 hood supplied", "brand": 82, "goPrice": 1149.0, "manWarranty": "? Year Australia Wide Manufacturers Warranty", "group": 1, "category": 6, "isGSTExempt": false, "EAN": "18208019298", "packSize": 1, "comments": "", "tradePrice": 856.53, "spanNet": 856.53, "costPrice": 856.53, "model": "JAA774DA", "isCore": false, "store": 12, "isShared": true}, "model": "core.product", "pk": 102}, {"fields": {"status": "superceded", "description": "JAA776DA 62mm thread / HB-26 hood supplied", "brand": 82, "goPrice": 365.0, "manWarranty": "? Year Australia Wide Manufacturers Warranty", "group": 1, "category": 6, "isGSTExempt": false, "EAN": "18208019472", "packSize": 1, "comments": "", "tradePrice": 272.09, "spanNet": 272.09, "costPrice": 272.09, "model": "JAA776DA", "isCore": false, "store": 12, "isShared": true}, "model": "core.product", "pk": 103}, {"fields": {"status": "superceded", "description": "JAA776DC 62mm thread / HB-26 hood supplied", "brand": 82, "goPrice": 365.0, "manWarranty": "? Year Australia Wide Manufacturers Warranty", "group": 1, "category": 6, "isGSTExempt": false, "EAN": "18208019281", "packSize": 1, "comments": "", "tradePrice": 272.09, "spanNet": 272.09, "costPrice": 272.09, "model": "JAA776DC", "isCore": false, "store": 12, "isShared": true}, "model": "core.product", "pk": 104}, {"fields": {"status": "superceded", "description": "JAA781DA 77mm thread / HB-29 hood supplied", "brand": 82, "goPrice": 3199.0, "manWarranty": "? Year Australia Wide Manufacturers Warranty", "group": 1, "category": 6, "isGSTExempt": false, "EAN": "18208021390", "packSize": 1, "comments": "", "tradePrice": 2471.95, "spanNet": 2471.95, "costPrice": 2471.95, "model": "JAA781DA", "isCore": false, "store": 12, "isShared": true}, "model": "core.product", "pk": 105}, {"fields": {"status": "superceded", "description": "JAA781DB 77mm thread / HB-29 hood supplied", "brand": 82, "goPrice": 3199.0, "manWarranty": "? Year Australia Wide Manufacturers Warranty", "group": 1, "category": 6, "isGSTExempt": false, "EAN": "18208021406", "packSize": 1, "comments": "", "tradePrice": 2471.95, "spanNet": 2471.95, "costPrice": 2471.95, "model": "JAA781DB", "isCore": false, "store": 12, "isShared": true}, "model": "core.product", "pk": 106}, {"fields": {"status": "superceded", "description": "JAA782DA 72mm thread / HB-25 hood supplied", "brand": 82, "goPrice": 1099.0, "manWarranty": "? Year Australia Wide Manufacturers Warranty", "group": 1, "category": 6, "isGSTExempt": false, "EAN": "18208021451", "packSize": 1, "comments": "", "tradePrice": 819.25, "spanNet": 819.25, "costPrice": 819.25, "model": "JAA782DA", "isCore": false, "store": 12, "isShared": true}, "model": "core.product", "pk": 107}, {"fields": {"status": "superceded", "description": "JAA784DA 77mm thread / HB-23 hood supplied", "brand": 82, "goPrice": 1999.0, "manWarranty": "? Year Australia Wide Manufacturers Warranty", "group": 1, "category": 6, "isGSTExempt": false, "EAN": "18208021444", "packSize": 1, "comments": "", "tradePrice": 1490.16, "spanNet": 1490.16, "costPrice": 1490.16, "model": "JAA784DA", "isCore": false, "store": 12, "isShared": true}, "model": "core.product", "pk": 108}, {"fields": {"status": "superceded", "description": "JAA787DA 52mm thread / HK-30 hood provided", "brand": 82, "goPrice": 10599.0, "manWarranty": "? Year Australia Wide Manufacturers Warranty", "group": 1, "category": 6, "isGSTExempt": false, "EAN": "18208021468", "packSize": 1, "comments": "", "tradePrice": 8479.2, "spanNet": 8479.2, "costPrice": 8479.2, "model": "JAA787DA", "isCore": false, "store": 12, "isShared": true}, "model": "core.product", "pk": 109}, {"fields": {"status": "superceded", "description": "JAA788DA 77mm thread / HB-31 hood supplied", "brand": 82, "goPrice": 2499.0, "manWarranty": "? Year Australia Wide Manufacturers Warranty", "group": 1, "category": 6, "isGSTExempt": false, "EAN": "18208021475", "packSize": 1, "comments": "", "tradePrice": 1862.89, "spanNet": 1862.89, "costPrice": 1862.89, "model": "JAA788DA", "isCore": false, "store": 12, "isShared": true}, "model": "core.product", "pk": 110}, {"fields": {"status": "superceded", "description": "JAA790DA 67mm thread / HB-32 hood supplied", "brand": 82, "goPrice": 669.0, "manWarranty": "? Year Australia Wide Manufacturers Warranty", "group": 1, "category": 6, "isGSTExempt": false, "EAN": "18208021499", "packSize": 1, "comments": "", "tradePrice": 516.95, "spanNet": 516.95, "costPrice": 516.95, "model": "JAA790DA", "isCore": false, "store": 12, "isShared": true}, "model": "core.product", "pk": 111}, {"fields": {"status": "superceded", "description": "JAA793DA 52mm thread / HB-34 hood supplied", "brand": 82, "goPrice": 399.0, "manWarranty": "? Year Australia Wide Manufacturers Warranty", "group": 1, "category": 6, "isGSTExempt": false, "EAN": "18208021550", "packSize": 1, "comments": "", "tradePrice": 308.32, "spanNet": 308.32, "costPrice": 308.32, "model": "JAA793DA", "isCore": false, "store": 12, "isShared": true}, "model": "core.product", "pk": 112}, {"fields": {"status": "superceded", "description": "JAA793DC 52mm thread / HB-34 hood supplied", "brand": 82, "goPrice": 399.0, "manWarranty": "? Year Australia Wide Manufacturers Warranty", "group": 1, "category": 6, "isGSTExempt": false, "EAN": "18208021567", "packSize": 1, "comments": "", "tradePrice": 308.32, "spanNet": 308.32, "costPrice": 308.32, "model": "JAA793DC", "isCore": false, "store": 12, "isShared": true}, "model": "core.product", "pk": 113}, {"fields": {"status": "superceded", "description": "JAA794DA 72mm thread / HB-35 hood supplied", "brand": 82, "goPrice": 1299.0, "manWarranty": "? Year Australia Wide Manufacturers Warranty", "group": 1, "category": 6, "isGSTExempt": false, "EAN": "18208021598", "packSize": 1, "comments": "", "tradePrice": 968.35, "spanNet": 968.35, "costPrice": 968.35, "model": "JAA794DA", "isCore": false, "store": 12, "isShared": true}, "model": "core.product", "pk": 114}, {"fields": {"status": "superceded", "description": "JAA795DA 62mm thread / HB-36 hood supplied", "brand": 82, "goPrice": 1149.0, "manWarranty": "? Year Australia Wide Manufacturers Warranty", "group": 1, "category": 6, "isGSTExempt": false, "EAN": "18208021611", "packSize": 1, "comments": "", "tradePrice": 856.53, "spanNet": 856.53, "costPrice": 856.53, "model": "JAA795DA", "isCore": false, "store": 12, "isShared": true}, "model": "core.product", "pk": 115}, {"fields": {"status": "superceded", "description": "JAA798DA 52mm thread / HB-37 hood optional", "brand": 82, "goPrice": 449.0, "manWarranty": "? Year Australia Wide Manufacturers Warranty", "group": 1, "category": 6, "isGSTExempt": false, "EAN": "18208021666", "packSize": 1, "comments": "", "tradePrice": 346.95, "spanNet": 346.95, "costPrice": 346.95, "model": "JAA798DA", "isCore": false, "store": 12, "isShared": true}, "model": "core.product", "pk": 116}, {"fields": {"status": "superceded", "description": "JAA800DA 67mm thread / HB-39 hood supplied", "brand": 82, "goPrice": 1099.0, "manWarranty": "? Year Australia Wide Manufacturers Warranty", "group": 1, "category": 6, "isGSTExempt": false, "EAN": "18208021789", "packSize": 1, "comments": "", "tradePrice": 819.25, "spanNet": 819.25, "costPrice": 819.25, "model": "JAA800DA", "isCore": false, "store": 12, "isShared": true}, "model": "core.product", "pk": 117}, {"fields": {"status": "superceded", "description": "JAA801DA Slip on cap provided (JXA10101) / Built-in hood", "brand": 82, "goPrice": 2949.0, "manWarranty": "? Year Australia Wide Manufacturers Warranty", "group": 1, "category": 6, "isGSTExempt": false, "EAN": "18208021635", "packSize": 1, "comments": "", "tradePrice": 2278.77, "spanNet": 2278.77, "costPrice": 2278.77, "model": "JAA801DA", "isCore": false, "store": 12, "isShared": true}, "model": "core.product", "pk": 118}, {"fields": {"status": "superceded", "description": "JAA802DA 77mm thread / HB-40 hood supplied", "brand": 82, "goPrice": 2849.0, "manWarranty": "? Year Australia Wide Manufacturers Warranty", "group": 1, "category": 6, "isGSTExempt": false, "EAN": "18208021642", "packSize": 1, "comments": "", "tradePrice": 2201.5, "spanNet": 2201.5, "costPrice": 2201.5, "model": "JAA802DA", "isCore": false, "store": 12, "isShared": true}, "model": "core.product", "pk": 119}, {"fields": {"status": "superceded", "description": "JAA805DA 67mm thread / HB-32 hood supplied", "brand": 82, "goPrice": 669.0, "manWarranty": "? Year Australia Wide Manufacturers Warranty", "group": 1, "category": 6, "isGSTExempt": false, "EAN": "18208021796", "packSize": 1, "comments": "", "tradePrice": 498.71, "spanNet": 498.71, "costPrice": 498.71, "model": "JAA805DA", "isCore": false, "store": 12, "isShared": true}, "model": "core.product", "pk": 120}, {"fields": {"status": "superceded", "description": "JAA910DA for AF-S and AF-I Lenses", "brand": 82, "goPrice": 799.0, "manWarranty": "? Year Australia Wide Manufacturers Warranty", "group": 1, "category": 6, "isGSTExempt": false, "EAN": "18208019076", "packSize": 1, "comments": "", "tradePrice": 617.41, "spanNet": 617.41, "costPrice": 617.41, "model": "JAA910DA", "isCore": false, "store": 12, "isShared": true}, "model": "core.product", "pk": 121}, {"fields": {"status": "superceded", "description": "JAA911DA for AF-S and AF-I Lenses", "brand": 82, "goPrice": 799.0, "manWarranty": "? Year Australia Wide Manufacturers Warranty", "group": 1, "category": 6, "isGSTExempt": false, "EAN": "18208019083", "packSize": 1, "comments": "", "tradePrice": 617.41, "spanNet": 617.41, "costPrice": 617.41, "model": "JAA911DA", "isCore": false, "store": 12, "isShared": true}, "model": "core.product", "pk": 122}, {"fields": {"status": "superceded", "description": "JAA912DA for AF-S Lenses", "brand": 82, "goPrice": 799.0, "manWarranty": "? Year Australia Wide Manufacturers Warranty", "group": 1, "category": 6, "isGSTExempt": false, "EAN": "18208021512", "packSize": 1, "comments": "", "tradePrice": 617.41, "spanNet": 617.41, "costPrice": 617.41, "model": "JAA912DA", "isCore": false, "store": 12, "isShared": true}, "model": "core.product", "pk": 123}, {"fields": {"status": "superceded", "description": "VMA430HE 10MP, 15x Zoom, 3# LCD, Wide angle 28mm, AA Batteries, CCD VR", "brand": 82, "goPrice": 449.0, "manWarranty": "? Year Australia Wide Manufacturers Warranty", "group": 1, "category": 4, "isGSTExempt": false, "EAN": "18208917464", "packSize": 1, "comments": "", "tradePrice": 351.04, "spanNet": 351.04, "costPrice": 351.04, "model": "L100BLACK", "isCore": false, "store": 12, "isShared": true}, "model": "core.product", "pk": 124}, {"fields": {"status": "superceded", "description": "VMA370HC 8MP, 3.6x Zoom, 2.7# LCD, AA Batteries, Auto Scene selector,", "brand": 82, "goPrice": 249.0, "manWarranty": "? Year Australia Wide Manufacturers Warranty", "group": 1, "category": 4, "isGSTExempt": false, "EAN": "18208917365", "packSize": 1, "comments": "", "tradePrice": 194.67, "spanNet": 194.67, "costPrice": 194.67, "model": "L19SILVER", "isCore": false, "store": 12, "isShared": true}, "model": "core.product", "pk": 125}, {"fields": {"status": "superceded", "description": "VMA361HC 10MP, 3.6x Zoom, 3# LCD, AA Batteries,Auto Scene selector, sm", "brand": 82, "goPrice": 279.0, "manWarranty": "? Year Australia Wide Manufacturers Warranty", "group": 1, "category": 4, "isGSTExempt": false, "EAN": "18208917280", "packSize": 1, "comments": "", "tradePrice": 218.13, "spanNet": 218.13, "costPrice": 218.13, "model": "L20BLACK", "isCore": false, "store": 12, "isShared": true}, "model": "core.product", "pk": 126}, {"fields": {"status": "superceded", "description": "VMA362HC 10MP, 3.6x Zoom, 3# LCD, AA Batteries,Auto Scene selector, sm", "brand": 82, "goPrice": 279.0, "manWarranty": "? Year Australia Wide Manufacturers Warranty", "group": 1, "category": 4, "isGSTExempt": false, "EAN": "18208917327", "packSize": 1, "comments": "", "tradePrice": 218.13, "spanNet": 218.13, "costPrice": 218.13, "model": "L20RED", "isCore": false, "store": 12, "isShared": true}, "model": "core.product", "pk": 127}, {"fields": {"status": "superceded", "description": "VMA360HC 10MP, 3.6x Zoom, 3# LCD, AA Batteries,Auto Scene selector, sm", "brand": 82, "goPrice": 279.0, "manWarranty": "? Year Australia Wide Manufacturers Warranty", "group": 1, "category": 4, "isGSTExempt": false, "EAN": "18208917259", "packSize": 1, "comments": "", "tradePrice": 218.13, "spanNet": 218.13, "costPrice": 218.13, "model": "L20SILVER", "isCore": false, "store": 12, "isShared": true}, "model": "core.product", "pk": 128}, {"fields": {"status": "superceded", "description": "VMA250HE 13.5MP, Optical VR, ISO 6400, 4x Nikkor (28-112mm), EXPEED, R", "brand": 82, "goPrice": 799.0, "manWarranty": "? Year Australia Wide Manufacturers Warranty", "group": 1, "category": 4, "isGSTExempt": false, "EAN": "18208916351", "packSize": 1, "comments": "", "tradePrice": 546.49, "spanNet": 546.49, "costPrice": 546.49, "model": "P6000BLACK", "isCore": false, "store": 12, "isShared": true}, "model": "core.product", "pk": 129}, {"fields": {"status": "superceded", "description": "VMA320HD 12.1MP, 24x Optical Zoom, 3# Multi Angle LCD, Wide angle 26mm", "brand": 82, "goPrice": 799.0, "manWarranty": "? Year Australia Wide Manufacturers Warranty", "group": 1, "category": 4, "isGSTExempt": false, "EAN": "18208917648", "packSize": 1, "comments": "", "tradePrice": 546.49, "spanNet": 546.49, "costPrice": 546.49, "model": "P90BLACK", "isCore": false, "store": 12, "isShared": true}, "model": "core.product", "pk": 130}, {"fields": {"status": "superceded", "description": "VAA680HD 6MP, 10x Nikkor (38-380mm), Vibration Reduction, 38-380mm equ", "brand": 82, "goPrice": 499.0, "manWarranty": "? Year Australia Wide Manufacturers Warranty", "group": 1, "category": 4, "isGSTExempt": false, "EAN": "18208912186", "packSize": 1, "comments": "", "tradePrice": 374.91, "spanNet": 374.91, "costPrice": 374.91, "model": "S10SILVER", "isCore": false, "store": 12, "isShared": true}, "model": "core.product", "pk": 131}, {"fields": {"status": "superceded", "description": "VMA343HD 10MP, 3x Zoom, 2.5# LCD, 18mm slim body, Electronic VR, ISO 2", "brand": 82, "goPrice": 229.0, "manWarranty": "? Year Australia Wide Manufacturers Warranty", "group": 1, "category": 4, "isGSTExempt": false, "EAN": "18208916931", "packSize": 1, "comments": "", "tradePrice": 179.04, "spanNet": 179.04, "costPrice": 179.04, "model": "S220BLUE", "isCore": false, "store": 12, "isShared": true}, "model": "core.product", "pk": 132}, {"fields": {"status": "superceded", "description": "VMA341HD 10MP, 3x Zoom, 2.5# LCD, 18mm slim body, Electronic VR, ISO 2", "brand": 82, "goPrice": 229.0, "manWarranty": "? Year Australia Wide Manufacturers Warranty", "group": 1, "category": 4, "isGSTExempt": false, "EAN": "18208916863", "packSize": 1, "comments": "", "tradePrice": 179.04, "spanNet": 179.04, "costPrice": 179.04, "model": "S220GREEN", "isCore": false, "store": 12, "isShared": true}, "model": "core.product", "pk": 133}, {"fields": {"status": "superceded", "description": "VMA342HD 10MP, 3x Zoom, 2.5# LCD, 18mm slim body, Electronic VR, ISO 2", "brand": 82, "goPrice": 229.0, "manWarranty": "? Year Australia Wide Manufacturers Warranty", "group": 1, "category": 4, "isGSTExempt": false, "EAN": "18208916894", "packSize": 1, "comments": "", "tradePrice": 179.04, "spanNet": 179.04, "costPrice": 179.04, "model": "S220MAGENTA", "isCore": false, "store": 12, "isShared": true}, "model": "core.product", "pk": 134}, {"fields": {"status": "superceded", "description": "VMA344HD 10MP, 3x Zoom, 2.5# LCD, 18mm slim body, Electronic VR, ISO 2", "brand": 82, "goPrice": 229.0, "manWarranty": "? Year Australia Wide Manufacturers Warranty", "group": 1, "category": 4, "isGSTExempt": false, "EAN": "18208916955", "packSize": 1, "comments": "", "tradePrice": 179.04, "spanNet": 179.04, "costPrice": 179.04, "model": "S220PURPLE", "isCore": false, "store": 12, "isShared": true}, "model": "core.product", "pk": 135}, {"fields": {"status": "superceded", "description": "VMA340HD 10MP, 3x Zoom, 2.5# LCD, 18mm slim body, Electronic VR, ISO 2", "brand": 82, "goPrice": 229.0, "manWarranty": "? Year Australia Wide Manufacturers Warranty", "group": 1, "category": 4, "isGSTExempt": false, "EAN": "18208916832", "packSize": 1, "comments": "", "tradePrice": 179.04, "spanNet": 179.04, "costPrice": 179.04, "model": "S220SILVER", "isCore": false, "store": 12, "isShared": true}, "model": "core.product", "pk": 136}, {"fields": {"status": "superceded", "description": "VMA333HD 10MP, 3x Zoom, 3# Touch Screen, Electronic VR, ISO 2000, port", "brand": 82, "goPrice": 329.0, "manWarranty": "? Year Australia Wide Manufacturers Warranty", "group": 1, "category": 4, "isGSTExempt": false, "EAN": "18208916764", "packSize": 1, "comments": "", "tradePrice": 257.22, "spanNet": 257.22, "costPrice": 257.22, "model": "S230PURPLE", "isCore": false, "store": 12, "isShared": true}, "model": "core.product", "pk": 137}, {"fields": {"status": "superceded", "description": "VMA331HD 10MP, 3x Zoom, 3# Touch Screen, Electronic VR, ISO 2000, port", "brand": 82, "goPrice": 329.0, "manWarranty": "? Year Australia Wide Manufacturers Warranty", "group": 1, "category": 4, "isGSTExempt": false, "EAN": "18208916702", "packSize": 1, "comments": "", "tradePrice": 257.22, "spanNet": 257.22, "costPrice": 257.22, "model": "S230RED", "isCore": false, "store": 12, "isShared": true}, "model": "core.product", "pk": 138}, {"fields": {"status": "superceded", "description": "VMA330HD 10MP, 3x Zoom, 3# Touch Screen, Electronic VR, ISO 2000, port", "brand": 82, "goPrice": 329.0, "manWarranty": "? Year Australia Wide Manufacturers Warranty", "group": 1, "category": 4, "isGSTExempt": false, "EAN": "18208916672", "packSize": 1, "comments": "", "tradePrice": 257.22, "spanNet": 257.22, "costPrice": 257.22, "model": "S230SILVER", "isCore": false, "store": 12, "isShared": true}, "model": "core.product", "pk": 139}, {"fields": {"status": "superceded", "description": "VAA891HC 8MP, 3x Nikkor (35-105mm), 2.5\"\" LCD, Optical VR, EXPEED, ISO", "brand": 82, "goPrice": 299.0, "manWarranty": "? Year Australia Wide Manufacturers Warranty", "group": 1, "category": 4, "isGSTExempt": false, "EAN": "18208915569", "packSize": 1, "comments": "", "tradePrice": 233.76, "spanNet": 233.76, "costPrice": 233.76, "model": "S520BLACK", "isCore": false, "store": 12, "isShared": true}, "model": "core.product", "pk": 140}, {"fields": {"status": "superceded", "description": "VAA890HC 8MP, 3x Nikkor (35-105mm), 2.5\"\" LCD, Optical VR, EXPEED, ISO", "brand": 82, "goPrice": 299.0, "manWarranty": "? Year Australia Wide Manufacturers Warranty", "group": 1, "category": 4, "isGSTExempt": false, "EAN": "18208915521", "packSize": 1, "comments": "", "tradePrice": 233.76, "spanNet": 233.76, "costPrice": 233.76, "model": "S520BRONZE", "isCore": false, "store": 12, "isShared": true}, "model": "core.product", "pk": 141}, {"fields": {"status": "superceded", "description": "VMA190HC 9MP, 3x Nikkor (38-114mm), 3\"\" LCD, Optical VR, EXPEED, ISO 3", "brand": 82, "goPrice": 399.0, "manWarranty": "? Year Australia Wide Manufacturers Warranty", "group": 1, "category": 4, "isGSTExempt": false, "EAN": "18208915132", "packSize": 1, "comments": "", "tradePrice": 304.81, "spanNet": 304.81, "costPrice": 304.81, "model": "S52CSILVER", "isCore": false, "store": 12, "isShared": true}, "model": "core.product", "pk": 142}, {"fields": {"status": "superceded", "description": "VMA283HD 10MP, 5x Nikkor (36-180mm), 2.7\"\" LCD, CCD shift VR, EXPEED,", "brand": 82, "goPrice": 379.0, "manWarranty": "? Year Australia Wide Manufacturers Warranty", "group": 1, "category": 4, "isGSTExempt": false, "EAN": "18208916207", "packSize": 1, "comments": "", "tradePrice": 296.31, "spanNet": 296.31, "costPrice": 296.31, "model": "S560BLACK", "isCore": false, "store": 12, "isShared": true}, "model": "core.product", "pk": 143}, {"fields": {"status": "superceded", "description": "VMA280HD 10MP, 5x Nikkor (36-180mm), 2.7\"\" LCD, CCD shift VR, EXPEED,", "brand": 82, "goPrice": 379.0, "manWarranty": "? Year Australia Wide Manufacturers Warranty", "group": 1, "category": 4, "isGSTExempt": false, "EAN": "18208915798", "packSize": 1, "comments": "", "tradePrice": 296.31, "spanNet": 296.31, "costPrice": 296.31, "model": "S560SILVER", "isCore": false, "store": 12, "isShared": true}, "model": "core.product", "pk": 144}, {"fields": {"status": "superceded", "description": "VAA880HC 10MP, 4x Nikkor (28-112mm), 2.7\"\" LCD, Optical VR, EXPEED, IS", "brand": 82, "goPrice": 399.0, "manWarranty": "? Year Australia Wide Manufacturers Warranty", "group": 1, "category": 4, "isGSTExempt": false, "EAN": "18208914555", "packSize": 1, "comments": "", "tradePrice": 304.81, "spanNet": 304.81, "costPrice": 304.81, "model": "S600SILVER", "isCore": false, "store": 12, "isShared": true}, "model": "core.product", "pk": 145}, {"fields": {"status": "superceded", "description": "VMA310HE 10MP, 5x Nikkor (33-165mm), 3.5\"\" LCD Touch Screen, CCD Shift", "brand": 82, "goPrice": 549.0, "manWarranty": "? Year Australia Wide Manufacturers Warranty", "group": 1, "category": 4, "isGSTExempt": false, "EAN": "18208916221", "packSize": 1, "comments": "", "tradePrice": 419.4, "spanNet": 419.4, "costPrice": 419.4, "model": "S60BLACK", "isCore": false, "store": 12, "isShared": true}, "model": "core.product", "pk": 146}, {"fields": {"status": "superceded", "description": "VMA312HE 10MP, 5x Nikkor (33-165mm), 3.5\"\" LCD Touch Screen, CCD Shift", "brand": 82, "goPrice": 549.0, "manWarranty": "? Year Australia Wide Manufacturers Warranty", "group": 1, "category": 4, "isGSTExempt": false, "EAN": "18208916283", "packSize": 1, "comments": "", "tradePrice": 419.4, "spanNet": 419.4, "costPrice": 419.4, "model": "S60RED", "isCore": false, "store": 12, "isShared": true}, "model": "core.product", "pk": 147}, {"fields": {"status": "superceded", "description": "VMA311HE 10MP, 5x Nikkor (33-165mm), 3.5\"\" LCD Touch Screen, CCD Shift", "brand": 82, "goPrice": 549.0, "manWarranty": "? Year Australia Wide Manufacturers Warranty", "group": 1, "category": 4, "isGSTExempt": false, "EAN": "18208916269", "packSize": 1, "comments": "", "tradePrice": 419.4, "spanNet": 419.4, "costPrice": 419.4, "model": "S60WHITE", "isCore": false, "store": 12, "isShared": true}, "model": "core.product", "pk": 148}, {"fields": {"status": "superceded", "description": "VMA260HC 10MP, 4x Nikkor (28-112mm), 3\"\" LCD, Optical VR, EXPEED, ISO", "brand": 82, "goPrice": 549.0, "manWarranty": "? Year Australia Wide Manufacturers Warranty", "group": 1, "category": 4, "isGSTExempt": false, "EAN": "18208916092", "packSize": 1, "comments": "", "tradePrice": 429.22, "spanNet": 429.22, "costPrice": 429.22, "model": "S610CBLACK", "isCore": false, "store": 12, "isShared": true}, "model": "core.product", "pk": 149}, {"fields": {"status": "superceded", "description": "VMA272HC 10MP, 4x Nikkor (28-112mm), 3\"\" LCD, Optical VR, EXPEED, ISO", "brand": 82, "goPrice": 499.0, "manWarranty": "? Year Australia Wide Manufacturers Warranty", "group": 1, "category": 4, "isGSTExempt": false, "EAN": "18208916177", "packSize": 1, "comments": "", "tradePrice": 390.13, "spanNet": 390.13, "costPrice": 390.13, "model": "S610RED", "isCore": false, "store": 12, "isShared": true}, "model": "core.product", "pk": 150}, {"fields": {"status": "superceded", "description": "VMA270HC 10MP, 4x Nikkor (28-112mm), 3\"\" LCD, Optical VR, EXPEED, ISO", "brand": 82, "goPrice": 499.0, "manWarranty": "? Year Australia Wide Manufacturers Warranty", "group": 1, "category": 4, "isGSTExempt": false, "EAN": "18208916122", "packSize": 1, "comments": "", "tradePrice": 390.13, "spanNet": 390.13, "costPrice": 390.13, "model": "S610SILVER", "isCore": false, "store": 12, "isShared": true}, "model": "core.product", "pk": 151}, {"fields": {"status": "superceded", "description": "VMA355HC 12.2MP, 4x Zoom 28mm wide angle, 2.7# LCD, Optical VR, ISO 64", "brand": 82, "goPrice": 479.0, "manWarranty": "? Year Australia Wide Manufacturers Warranty", "group": 1, "category": 4, "isGSTExempt": false, "EAN": "18208917228", "packSize": 1, "comments": "", "tradePrice": 351.04, "spanNet": 351.04, "costPrice": 351.04, "model": "S620BLACK", "isCore": false, "store": 12, "isShared": true}, "model": "core.product", "pk": 152}, {"fields": {"status": "superceded", "description": "VMA351HC 12.2MP, 4x Zoom 28mm wide angle, 2.7# LCD, Optical VR, ISO 64", "brand": 82, "goPrice": 479.0, "manWarranty": "? Year Australia Wide Manufacturers Warranty", "group": 1, "category": 4, "isGSTExempt": false, "EAN": "18208917143", "packSize": 1, "comments": "", "tradePrice": 351.04, "spanNet": 351.04, "costPrice": 351.04, "model": "S620BLUE", "isCore": false, "store": 12, "isShared": true}, "model": "core.product", "pk": 153}, {"fields": {"status": "superceded", "description": "VMA352HC 12.2MP, 4x Zoom 28mm wide angle, 2.7# LCD, Optical VR, ISO 64", "brand": 82, "goPrice": 479.0, "manWarranty": "? Year Australia Wide Manufacturers Warranty", "group": 1, "category": 4, "isGSTExempt": false, "EAN": "18208917167", "packSize": 1, "comments": "", "tradePrice": 351.04, "spanNet": 351.04, "costPrice": 351.04, "model": "S620PINK", "isCore": false, "store": 12, "isShared": true}, "model": "core.product", "pk": 154}, {"fields": {"status": "superceded", "description": "VMA350HC 12.2MP, 4x Zoom 28mm wide angle, 2.7# LCD, Optical VR, ISO 64", "brand": 82, "goPrice": 479.0, "manWarranty": "? Year Australia Wide Manufacturers Warranty", "group": 1, "category": 4, "isGSTExempt": false, "EAN": "18208917129", "packSize": 1, "comments": "", "tradePrice": 351.04, "spanNet": 351.04, "costPrice": 351.04, "model": "S620SILVER", "isCore": false, "store": 12, "isShared": true}, "model": "core.product", "pk": 155}, {"fields": {"status": "superceded", "description": "VMA410HE 12MP, 7x Zoom, 2.7# LCD, CCD Shift VR, ISO 6400, reverse grip", "brand": 82, "goPrice": 399.0, "manWarranty": "? Year Australia Wide Manufacturers Warranty", "group": 1, "category": 4, "isGSTExempt": false, "EAN": "18208917013", "packSize": 1, "comments": "", "tradePrice": 311.95, "spanNet": 311.95, "costPrice": 311.95, "model": "S630SILVER", "isCore": false, "store": 12, "isShared": true}, "model": "core.product", "pk": 156}, {"fields": {"status": "superceded", "description": "VAA951HD 12.1MP, 3x Nikkor (37-111mm), 2.7\"\" LCD, CCD Shift VR, EXPEED", "brand": 82, "goPrice": 399.0, "manWarranty": "? Year Australia Wide Manufacturers Warranty", "group": 1, "category": 4, "isGSTExempt": false, "EAN": "18208913961", "packSize": 1, "comments": "", "tradePrice": 304.81, "spanNet": 304.81, "costPrice": 304.81, "model": "S700BLACK", "isCore": false, "store": 12, "isShared": true}, "model": "core.product", "pk": 157}, {"fields": {"status": "superceded", "description": "VMA301HC 14.5MP, Optical VR, ISO 3200, 3.6x Nikkor (28-101mm), EXPEED,", "brand": 82, "goPrice": 599.0, "manWarranty": "? Year Australia Wide Manufacturers Warranty", "group": 1, "category": 4, "isGSTExempt": false, "EAN": "18208916023", "packSize": 1, "comments": "", "tradePrice": 468.31, "spanNet": 468.31, "costPrice": 468.31, "model": "S710BLACK", "isCore": false, "store": 12, "isShared": true}, "model": "core.product", "pk": 158}, {"fields": {"status": "superceded", "description": "VMA300HC 14.5MP, Optical VR, ISO 3200, 3.6x Nikkor (28-101mm), EXPEED,", "brand": 82, "goPrice": 599.0, "manWarranty": "? Year Australia Wide Manufacturers Warranty", "group": 1, "category": 4, "isGSTExempt": false, "EAN": "18208916009", "packSize": 1, "comments": "", "tradePrice": 468.31, "spanNet": 468.31, "costPrice": 468.31, "model": "S710SILVER", "isCore": false, "store": 12, "isShared": true}, "model": "core.product", "pk": 159}, {"fields": {"status": "superceded", "description": "VBA180AH D3 Basic Kit: D3 Body, Key Specs: 12.1MP, FX Full Frame Forma", "brand": 82, "goPrice": 7499.0, "manWarranty": "? Year Australia Wide Manufacturers Warranty", "group": 1, "category": 51, "isGSTExempt": false, "EAN": "18208913565", "packSize": 1, "comments": "", "tradePrice": 5999.2, "spanNet": 5999.2, "costPrice": 5999.2, "model": "D3NIKON", "isCore": false, "store": 12, "isShared": true}, "model": "core.product", "pk": 160}, {"fields": {"status": "superceded", "description": "VBA200AH D300 Basic Kit: D300 Body, Key Specs: 12.3MP, CMOS sensor, 4", "brand": 82, "goPrice": 2799.0, "manWarranty": "? Year Australia Wide Manufacturers Warranty", "group": 1, "category": 51, "isGSTExempt": false, "EAN": "18208913404", "packSize": 1, "comments": "", "tradePrice": 2188.31, "spanNet": 2188.31, "costPrice": 2188.31, "model": "D300NIKON", "isCore": false, "store": 12, "isShared": true}, "model": "core.product", "pk": 161}, {"fields": {"status": "superceded", "description": "VBA230AH D90 Basic Kit: D90 DX Body, Key Specs: 12.3MP, 4.5fps, ISO 32", "brand": 82, "goPrice": 1699.0, "manWarranty": "? Year Australia Wide Manufacturers Warranty", "group": 1, "category": 51, "isGSTExempt": false, "EAN": "18208915712", "packSize": 1, "comments": "", "tradePrice": 1328.21, "spanNet": 1328.21, "costPrice": 1328.21, "model": "D90NIKON", "isCore": false, "store": 12, "isShared": true}, "model": "core.product", "pk": 162}, {"fields": {"status": "superceded", "description": "VBA210AH D60 Basic Kit: D60 DX Body, Key Specs: 10.2MP, 3fps up to 100", "brand": 82, "goPrice": 849.0, "manWarranty": "? Year Australia Wide Manufacturers Warranty", "group": 1, "category": 50, "isGSTExempt": false, "EAN": "18208914319", "packSize": 1, "comments": "", "tradePrice": 654.08, "spanNet": 654.08, "costPrice": 654.08, "model": "D60NIKON", "isCore": false, "store": 12, "isShared": true}, "model": "core.product", "pk": 163}, {"fields": {"status": "superceded", "description": "Upright Vacuum Cleaner, EASY VAC", "brand": 59, "goPrice": 169.0, "manWarranty": "REFER MANUFACTURERS WARRANTY CARD", "group": 1, "category": 136, "isGSTExempt": false, "EAN": "11120007541", "packSize": 1, "comments": "", "tradePrice": 105.2, "spanNet": 105.2, "costPrice": 105.2, "model": "BS3130F", "isCore": false, "store": 12, "isShared": true}, "model": "core.product", "pk": 164}, {"fields": {"status": "current", "description": "Photography Accessory, LI 50C, BATTERY CHARGER FOR LI 50B", "brand": 48, "goPrice": 79.0, "manWarranty": "? Year Australia Wide Manufacturers Warranty", "group": 1, "category": 7, "isGSTExempt": false, "EAN": "50332162426", "packSize": 1, "comments": "", "tradePrice": 47.0, "spanNet": 47.0, "costPrice": 47.0, "model": "162426", "isCore": false, "store": 12, "isShared": true}, "model": "core.product", "pk": 165}, {"fields": {"status": "current", "description": "Flash Memory XD Format, M XD1GM+A22), NON ONE TIME LOCK", "brand": 48, "goPrice": 29.0, "manWarranty": "? Year Australia Wide Manufacturers Warranty", "group": 1, "category": 8, "isGSTExempt": false, "EAN": "50332164673", "packSize": 1, "comments": "", "tradePrice": 17.17, "spanNet": 17.17, "costPrice": 17.17, "model": "164673", "isCore": false, "store": 12, "isShared": true}, "model": "core.product", "pk": 166}, {"fields": {"status": "superceded", "description": "Floor Care, Sweeper Professional Carpet", "brand": 59, "goPrice": 89.0, "manWarranty": "REFER MANUFACTURERS WARRANTY CARD", "group": 1, "category": 136, "isGSTExempt": false, "EAN": "11120007404", "packSize": 4, "comments": "", "tradePrice": 51.29, "spanNet": 51.29, "costPrice": 51.29, "model": "BS52326", "isCore": false, "store": 12, "isShared": true}, "model": "core.product", "pk": 167}, {"fields": {"status": "superceded", "description": "Floor Care Accessory, Steam Mop Carpet Glide Pack", "brand": 59, "goPrice": 29.95, "manWarranty": "REFER MANUFACTURERS WARRANTY CARD", "group": 1, "category": 136, "isGSTExempt": false, "EAN": "11120010657", "packSize": 6, "comments": "", "tradePrice": 15.78, "spanNet": 15.78, "costPrice": 15.78, "model": "BS98T1", "isCore": false, "store": 12, "isShared": true}, "model": "core.product", "pk": 168}, {"fields": {"status": "superceded", "description": "Floor Care Accessory, Pet Pack", "brand": 59, "goPrice": 59.0, "manWarranty": "REFER MANUFACTURERS WARRANTY CARD", "group": 1, "category": 136, "isGSTExempt": false, "EAN": "11120007053", "packSize": 2, "comments": "", "tradePrice": 33.6, "spanNet": 33.6, "costPrice": 33.6, "model": "BS3260E", "isCore": false, "store": 12, "isShared": true}, "model": "core.product", "pk": 169}, {"fields": {"status": "superceded", "description": "Floor Care Accessory, Cleaning Formula Pet n Odour for Compacts", "brand": 59, "goPrice": 19.95, "manWarranty": "REFER MANUFACTURERS WARRANTY CARD", "group": 1, "category": 136, "isGSTExempt": false, "EAN": "11120007992", "packSize": 6, "comments": "", "tradePrice": 11.57, "spanNet": 11.57, "costPrice": 11.57, "model": "BS0799", "isCore": false, "store": 12, "isShared": true}, "model": "core.product", "pk": 170}, {"fields": {"status": "current", "description": "FULL SIZE HEADPHONES WITH HIGH QUALITY SOUND REPRODUCTION", "brand": 52, "goPrice": 199.0, "manWarranty": "? Year Australia Wide Manufacturers Warranty", "group": 1, "category": 65, "isGSTExempt": false, "EAN": "46838034435", "packSize": 1, "comments": "", "tradePrice": 81.82, "spanNet": 81.82, "costPrice": 81.82, "model": "HARX900", "isCore": false, "store": 12, "isShared": true}, "model": "core.product", "pk": 171}, {"fields": {"status": "current", "description": "Photography Accessory, D 7ACA, AC ADAPTER  ALL MJU, FE 220, FE 190", "brand": 48, "goPrice": 57.0, "manWarranty": "Refer Manufacturers Manual", "group": 1, "category": 6, "isGSTExempt": false, "EAN": "5033213960", "packSize": 1, "comments": "", "tradePrice": 38.0, "spanNet": 38.0, "costPrice": 38.0, "model": "13960", "isCore": false, "store": 12, "isShared": true}, "model": "core.product", "pk": 172}, {"fields": {"status": "current", "description": "Photography Battery, LI 10C,LITHIUM ION BATTERY CHARGER FE 200, MJU 10", "brand": 48, "goPrice": 69.0, "manWarranty": "Refer Manufacturers Manual", "group": 1, "category": 7, "isGSTExempt": false, "EAN": "5033213975", "packSize": 1, "comments": "", "tradePrice": 40.5, "spanNet": 40.5, "costPrice": 40.5, "model": "13975", "isCore": false, "store": 12, "isShared": true}, "model": "core.product", "pk": 173}, {"fields": {"status": "current", "description": "Photography Battery, BU 90SA, NiMH RECHARGEABLE BATTERY SET 2300mAh", "brand": 48, "goPrice": 89.0, "manWarranty": "Refer Manufacturers Manual", "group": 1, "category": 7, "isGSTExempt": false, "EAN": "50332145429", "packSize": 1, "comments": "", "tradePrice": 52.0, "spanNet": 52.0, "costPrice": 52.0, "model": "145429", "isCore": false, "store": 12, "isShared": true}, "model": "core.product", "pk": 174}, {"fields": {"status": "current", "description": "Photography Battery, LI 12B, LITHIUM ION BATTERY FE 200, MJU 1000, C 7", "brand": 48, "goPrice": 69.0, "manWarranty": "Refer Manufacturers Manual", "group": 1, "category": 7, "isGSTExempt": false, "EAN": "50332147379", "packSize": 1, "comments": "", "tradePrice": 40.5, "spanNet": 40.5, "costPrice": 40.5, "model": "147379", "isCore": false, "store": 12, "isShared": true}, "model": "core.product", "pk": 175}, {"fields": {"status": "current", "description": "Photography Battery, LI 30B, LITHIUM ION BATTERY MJU MINI", "brand": 48, "goPrice": 69.0, "manWarranty": "Refer Manufacturers Manual", "group": 1, "category": 7, "isGSTExempt": false, "EAN": "50332148758", "packSize": 1, "comments": "", "tradePrice": 40.5, "spanNet": 40.5, "costPrice": 40.5, "model": "148758", "isCore": false, "store": 12, "isShared": true}, "model": "core.product", "pk": 176}, {"fields": {"status": "current", "description": "Photography Accessory, CB AVC3, CB AVC3 AV CONNECTION CABLE", "brand": 48, "goPrice": 32.0, "manWarranty": "Refer Manufacturers Manual", "group": 1, "category": 6, "isGSTExempt": false, "EAN": "50332152632", "packSize": 1, "comments": "", "tradePrice": 22.0, "spanNet": 22.0, "costPrice": 22.0, "model": "152632", "isCore": false, "store": 12, "isShared": true}, "model": "core.product", "pk": 177}, {"fields": {"status": "current", "description": "Photography Accessory, PTMC 01 Underwater Macro Conversion Lens", "brand": 48, "goPrice": 249.0, "manWarranty": "Refer Manufacturers Manual", "group": 1, "category": 6, "isGSTExempt": false, "EAN": "50332153813", "packSize": 1, "comments": "", "tradePrice": 169.77, "spanNet": 169.77, "costPrice": 169.77, "model": "153813", "isCore": false, "store": 12, "isShared": true}, "model": "core.product", "pk": 178}, {"fields": {"status": "current", "description": "Photography Accessory, PTWC 01 Underwater Wide Conversion Lens", "brand": 48, "goPrice": 599.0, "manWarranty": "Refer Manufacturers Manual", "group": 1, "category": 6, "isGSTExempt": false, "EAN": "50332153851", "packSize": 1, "comments": "", "tradePrice": 436.0, "spanNet": 436.0, "costPrice": 436.0, "model": "153851", "isCore": false, "store": 12, "isShared": true}, "model": "core.product", "pk": 179}, {"fields": {"status": "current", "description": "Photography Accessory, LI 42B, LITHIUM ION BATTERY", "brand": 48, "goPrice": 69.0, "manWarranty": "Refer Manufacturers Manual", "group": 1, "category": 7, "isGSTExempt": false, "EAN": "503321571941", "packSize": 1, "comments": "", "tradePrice": 40.5, "spanNet": 40.5, "costPrice": 40.5, "model": "157194", "isCore": false, "store": 12, "isShared": true}, "model": "core.product", "pk": 180}, {"fields": {"status": "current", "description": "Photography Accessory, CB MA1, MULTI POWER ADAPTER", "brand": 48, "goPrice": 39.95, "manWarranty": "Refer Manufacturers Manual", "group": 1, "category": 6, "isGSTExempt": false, "EAN": "50332157439", "packSize": 1, "comments": "", "tradePrice": 29.0, "spanNet": 29.0, "costPrice": 29.0, "model": "157439", "isCore": false, "store": 12, "isShared": true}, "model": "core.product", "pk": 181}, {"fields": {"status": "current", "description": "Photography Accessory, RM UC1, RM UC1 REMOTE CONTROLLER FOR E 410/E 51", "brand": 48, "goPrice": 69.0, "manWarranty": "Refer Manufacturers Manual", "group": 1, "category": 6, "isGSTExempt": false, "EAN": "50332159068", "packSize": 1, "comments": "", "tradePrice": 50.18, "spanNet": 50.18, "costPrice": 50.18, "model": "159068", "isCore": false, "store": 12, "isShared": true}, "model": "core.product", "pk": 182}, {"fields": {"status": "current", "description": "Photography Accessory, CLA 10, Lens Adapter Tube for SP 550, SP 560", "brand": 48, "goPrice": 49.0, "manWarranty": "Refer Manufacturers Manual", "group": 1, "category": 6, "isGSTExempt": false, "EAN": "50332160156", "packSize": 1, "comments": "", "tradePrice": 33.0, "spanNet": 33.0, "costPrice": 33.0, "model": "160156", "isCore": false, "store": 12, "isShared": true}, "model": "core.product", "pk": 183}, {"fields": {"status": "current", "description": "Photography Accessory, UFL 1, UNDERWATER FLASH FOR PT SERIES PTSA 02 S", "brand": 48, "goPrice": 449.0, "manWarranty": "Refer Manufacturers Manual", "group": 1, "category": 6, "isGSTExempt": false, "EAN": "50332160316", "packSize": 1, "comments": "", "tradePrice": 265.0, "spanNet": 265.0, "costPrice": 265.0, "model": "160316", "isCore": false, "store": 12, "isShared": true}, "model": "core.product", "pk": 184}, {"fields": {"status": "current", "description": "Photography Accessory, PMLA 01, PMLA 01 MACRO LENS ADAPTER FOR PT 037", "brand": 48, "goPrice": 60.0, "manWarranty": "Refer Manufacturers Manual", "group": 1, "category": 6, "isGSTExempt": false, "EAN": "50332161078", "packSize": 1, "comments": "", "tradePrice": 35.45, "spanNet": 35.45, "costPrice": 35.45, "model": "161078", "isCore": false, "store": 12, "isShared": true}, "model": "core.product", "pk": 185}, {"fields": {"status": "current", "description": "Digital Still Camera, SP 560 UZ, 8megapixel 18x Opt Zoom, 28mm wide le", "brand": 48, "goPrice": 499.0, "manWarranty": "Refer Manufacturers Manual", "group": 1, "category": 4, "isGSTExempt": false, "EAN": "50332161412", "packSize": 1, "comments": "", "tradePrice": 372.0, "spanNet": 372.0, "costPrice": 372.0, "model": "161412", "isCore": false, "store": 12, "isShared": true}, "model": "core.product", "pk": 186}, {"fields": {"status": "current", "description": "Digital Still Camera, MJU 840 SILVER, 8megapixel 5x Opt Zoom, 2.7inch", "brand": 48, "goPrice": 349.0, "manWarranty": "Refer Manufacturers Manual", "group": 1, "category": 4, "isGSTExempt": false, "EAN": "50332162594", "packSize": 1, "comments": "", "tradePrice": 260.0, "spanNet": 260.0, "costPrice": 260.0, "model": "162594", "isCore": false, "store": 12, "isShared": true}, "model": "core.product", "pk": 187}, {"fields": {"status": "current", "description": "Digital Still Camera, MJU 840 BLACK, 8megapixel 5x Opt Zoom, 2.7inch L", "brand": 48, "goPrice": 349.0, "manWarranty": "Refer Manufacturers Manual", "group": 1, "category": 4, "isGSTExempt": false, "EAN": "50332162600", "packSize": 1, "comments": "", "tradePrice": 260.0, "spanNet": 260.0, "costPrice": 260.0, "model": "162600", "isCore": false, "store": 12, "isShared": true}, "model": "core.product", "pk": 188}, {"fields": {"status": "current", "description": "Digital Still Camera, MJU 850SW SILVER, 8megapixel 3x Opt Zoom, Shockp", "brand": 48, "goPrice": 399.0, "manWarranty": "Refer Manufacturers Manual", "group": 1, "category": 4, "isGSTExempt": false, "EAN": "503321626861", "packSize": 1, "comments": "", "tradePrice": 297.0, "spanNet": 297.0, "costPrice": 297.0, "model": "162686", "isCore": false, "store": 12, "isShared": true}, "model": "core.product", "pk": 189}, {"fields": {"status": "current", "description": "Digital Still Camera, MJU 850SW BLACK, 8megapixel 3x Opt Zoom, Shockpr", "brand": 48, "goPrice": 399.0, "manWarranty": "Refer Manufacturers Manual", "group": 1, "category": 4, "isGSTExempt": false, "EAN": "50332162693", "packSize": 1, "comments": "", "tradePrice": 297.0, "spanNet": 297.0, "costPrice": 297.0, "model": "162693", "isCore": false, "store": 12, "isShared": true}, "model": "core.product", "pk": 190}]