[{"fields": {"fax": "0738412290", "code": "UN", "GLN": "9377779071724", "companyName": "Improvement Software Pty Ltd T/as", "ACN": "103 301 088", "ABN": "14 103 301 088", "suburb": "Underwood", "postcode": "4119", "address": "2936 Logan Road", "city": "", "group": 1, "name": "Underwood", "spanStoreID": "1-1", "state": "Qld", "contact": "Mr Rob Clarkson", "isHead": false, "email": "RobClarkson@THEElectricDiscounter.com.au", "phone": "0732190366"}, "model": "users.store", "pk": 1}, {"fields": {"fax": "0738412290", "code": "ADM", "GLN": "", "companyName": "", "ACN": "103 301 088", "ABN": "1410 330 1088", "suburb": "Underwood", "postcode": "4119", "address": "Admin Office 2936 Logan Rd", "city": "Logan", "group": 1, "name": "Administration TED", "spanStoreID": "1-4", "state": "Qld", "contact": "Mr Kevin Clarkson", "isHead": false, "email": "", "phone": "0738412103"}, "model": "users.store", "pk": 2}, {"fields": {"fax": "", "code": "PJC", "GLN": "XXX", "companyName": "Improvement Software Pty Ltd", "ACN": "", "ABN": "", "suburb": "Underwood", "postcode": "4119", "address": "2936 Logan Rd", "city": "", "group": 1, "name": "SPAN Control", "spanStoreID": "UNDW1-4", "state": "Qld", "contact": "Mr Peter Clarkson", "isHead": false, "email": "PeterClarkson@biriteelectrical.com.au", "phone": ""}, "model": "users.store", "pk": 3}, {"fields": {"fax": "(02) 4751 7154", "code": "NSPW", "GLN": "9377779269152", "companyName": "", "ACN": "", "ABN": "53023080651", "suburb": "Springwood", "postcode": "2777", "address": "63 MaCQUARIE RD.", "city": "", "group": 1, "name": "Springwood", "spanStoreID": "UNDW1-9", "state": "NSW", "contact": "  ", "isHead": false, "email": "springwood@birite.com.au", "phone": "(02) 4751 7155"}, "model": "users.store", "pk": 4}, {"fields": {"fax": "03 5662 5056", "code": "LEO", "GLN": "9377779269121", "companyName": "KELKA Investments PTY LTD", "ACN": "", "ABN": "32096395612", "suburb": "Leongatha", "postcode": "3953", "address": "25 McCartin Street", "city": "", "group": 1, "name": "Leongatha", "spanStoreID": "UNDW1-10", "state": "Vic", "contact": "Mr Kelvin Smith", "isHead": false, "email": "kelvinjohns@birite.com.au", "phone": "03 5662 2136"}, "model": "users.store", "pk": 5}, {"fields": {"fax": "07 3341 9789", "code": "CP", "GLN": "9377779071731", "companyName": "Bi-Rite Electrical Pty Ltd", "ACN": "", "ABN": "79 439 495 650", "suburb": "Underwood", "postcode": "4119", "address": "Shop B / 2936A Logan Rd", "city": "Brisbane", "group": 1, "name": "Coopers Warehouse", "spanStoreID": "1-11", "state": "Qld", "contact": "Mr Brett Jones", "isHead": false, "email": "brett@homelectrix.com.au", "phone": "07 3341 9786"}, "model": "users.store", "pk": 6}, {"fields": {"fax": "0747411047", "code": "HUG", "GLN": "9377779271186", "companyName": "SC Hunter", "ACN": "", "ABN": "46757027047", "suburb": "Hughenden", "postcode": "4821", "address": "57 Brodie Street", "city": "Hughenden", "group": 1, "name": "Hughenden", "spanStoreID": "UNDW1-12", "state": "Qld", "contact": "Mrs Sally Reddie", "isHead": false, "email": "sallyreddie@bigpond.com", "phone": "0427 732 225"}, "model": "users.store", "pk": 7}, {"fields": {"fax": "03 5772 2152", "code": "ALX", "GLN": "9377779231838", "companyName": "Chookies", "ACN": "", "ABN": "", "suburb": "", "postcode": "3714", "address": "1 Hall St", "city": "Alexandra", "group": 1, "name": "Alexandra", "spanStoreID": "MORC1-13", "state": "Vic", "contact": "  ", "isHead": false, "email": "pagan.chookies@hotmail.com", "phone": "03 5772 2152"}, "model": "users.store", "pk": 8}, {"fields": {"fax": "0733758293", "code": "DAR", "GLN": "9377779149737", "companyName": "", "ACN": "", "ABN": "14 103 301 088", "suburb": "Darra", "postcode": "4076", "address": "Unit B4, 2684 Ipswich Rd", "city": "Brisbane", "group": 1, "name": "Darra", "spanStoreID": "UNDW1-14", "state": "Qld", "contact": "Mr Rob Clarkson", "isHead": false, "email": "RobClarkson@THEElectricDiscounter.com.au", "phone": "0732170915"}, "model": "users.store", "pk": 9}, {"fields": {"fax": "", "code": "TST", "GLN": "1", "companyName": "Improvement Software", "ACN": "", "ABN": "xyzabc", "suburb": "", "postcode": "", "address": "", "city": "", "group": 1, "name": "Span Test Site", "spanStoreID": "UNDW1-15", "state": "", "contact": " Peter ", "isHead": false, "email": "peterspan@bigpond.com", "phone": "0411 293 449"}, "model": "users.store", "pk": 10}, {"fields": {"fax": "", "code": "STAN", "GLN": "9377779276853", "companyName": "Burton & Sons", "ACN": "010853808", "ABN": "12010853808", "suburb": "", "postcode": "4380", "address": "116 High St", "city": "Stanthorpe", "group": 1, "name": "Stanthorpe", "spanStoreID": "UN1-16", "state": "Qld", "contact": "  ", "isHead": false, "email": "stanthorpe@birite.com.au", "phone": "07 4681 2777"}, "model": "users.store", "pk": 11}, {"fields": {"fax": "", "code": "HO", "GLN": "9377779071717", "companyName": "Impot Pty Ltd", "ACN": "", "ABN": "79 439 495 650", "suburb": "Underwood", "postcode": "4118", "address": "", "city": "", "group": 1, "name": "Head Office", "spanStoreID": "BP1-18", "state": "Qld", "contact": "Mr Hamid Kassim", "isHead": true, "email": "", "phone": ""}, "model": "users.store", "pk": 12}, {"fields": {"fax": "02 6458 3452", "code": "BOM", "GLN": "9377779228739", "companyName": "BOMBALA ELECTRICAL & HARDWARE", "ACN": "", "ABN": "32008147526", "suburb": "Bombala", "postcode": "2632", "address": "119 Maybe St", "city": "", "group": 1, "name": "Bombala", "spanStoreID": "UN1-21", "state": "NSW", "contact": "Mr Rudi Wertenbach", "isHead": false, "email": "rwertenb@bigpond.net.au", "phone": "02 6458 3154"}, "model": "users.store", "pk": 13}, {"fields": {"fax": "02 6336 0870", "code": "OBE", "GLN": "9377779234716", "companyName": "", "ACN": "", "ABN": "", "suburb": "Oberon", "postcode": "2787", "address": "69 Dart St", "city": "", "group": 1, "name": "Oberon", "spanStoreID": "UN1-22", "state": "NSW", "contact": "Mr Gary Mawhood", "isHead": false, "email": "mawhoodshardware@bigpond.com", "phone": "02  6336 1507"}, "model": "users.store", "pk": 14}, {"fields": {"fax": "0732977709", "code": "BD", "GLN": "9377779071724", "companyName": "The Electric Discounter", "ACN": "103 301 088", "ABN": "1410 330 1088", "suburb": "Underwood", "postcode": "4119", "address": "2936 Logan Rd", "city": "", "group": 1, "name": "TED Warehouses", "spanStoreID": "UN1-23", "state": "Qld", "contact": "Mr Kevin Clarkson", "isHead": false, "email": "purchasing@TheElectricDiscounter.com.au", "phone": "0402147350"}, "model": "users.store", "pk": 15}, {"fields": {"fax": "(02) 6925 5862", "code": "WCR", "GLN": "9377779236772", "companyName": "Wagga Car Radio & Hi Fi Pty Ltd", "ACN": "101136225", "ABN": "77101136225", "suburb": "", "postcode": "2650", "address": "379 Edward St", "city": "WAGGA WAGGA", "group": 1, "name": "Wagga Car Radio", "spanStoreID": "UN1-24", "state": "NSW", "contact": "Mr Geoff Maurer", "isHead": false, "email": "admin@wcr.net.au", "phone": "(02) 6925 6111"}, "model": "users.store", "pk": 16}, {"fields": {"fax": "0733419789", "code": "IMP", "GLN": "9377779071717", "companyName": "Impot Pty Ltd", "ACN": "", "ABN": "79 439 495 650", "suburb": "Underwood", "postcode": "4119", "address": "2936A Logan Rd", "city": "", "group": 1, "name": "Impot Pty Ltd HO", "spanStoreID": "ADM1-25", "state": "Qld", "contact": "Mrs AK Kassim", "isHead": false, "email": "ak@homelectrix.com.au", "phone": "0733419786"}, "model": "users.store", "pk": 17}, {"fields": {"fax": "0755131313", "code": "STWE", "GLN": "9377779275009", "companyName": "A Cummings & Co", "ACN": "", "ABN": "32365577355", "suburb": "PO Box 667 Banora Pt", "postcode": "2486", "address": "40 Greenway Drive", "city": "Tweed Heads South", "group": 1, "name": "South Tweed Heads", "spanStoreID": "ADM1-26", "state": "NSW", "contact": "Mr Andrew McAlpine", "isHead": false, "email": "tweed@acummings.com.au", "phone": "0755131000"}, "model": "users.store", "pk": 18}, {"fields": {"fax": "03 5782 2255", "code": "KMR", "GLN": "9377779132234", "companyName": "AMTB INVESTMENTS PTY LTD", "ACN": "150 789 736", "ABN": "67 150 789 736", "suburb": "Kilmore", "postcode": "3764", "address": "74C Sydney St", "city": "", "group": 1, "name": "Kilmore", "spanStoreID": "ADM1-27", "state": "Vic", "contact": "Mrs Kim Evans", "isHead": false, "email": "kim@kilmorehomelectrix.com", "phone": "03 5782 2200"}, "model": "users.store", "pk": 19}, {"fields": {"fax": "(02) 44762808", "code": "NRM", "GLN": "9377779271513", "companyName": "", "ACN": "", "ABN": "22536019189", "suburb": "", "postcode": "2546", "address": "18 Canty St", "city": "Narooma", "group": 1, "name": "Narooma", "spanStoreID": "ADM2-28", "state": "NSW", "contact": "Mr David Sweet", "isHead": false, "email": "", "phone": "(02) 44762978"}, "model": "users.store", "pk": 20}, {"fields": {"fax": "08 89531018", "code": "ALSP", "GLN": "9377779275016", "companyName": "Carla Furnishers", "ACN": "", "ABN": "86009599526", "suburb": "", "postcode": "0870", "address": "25-29 Kidman Street", "city": "Alice Springs", "group": 1, "name": "Alice Springs", "spanStoreID": "ADM1-29", "state": "NT", "contact": "Mr Andrew Donhardt", "isHead": false, "email": "alicesprings@birite.com.au", "phone": "08 8952 6722"}, "model": "users.store", "pk": 21}, {"fields": {"fax": "07 4662 8429", "code": "CHI", "GLN": "9377779247938", "companyName": "Mullims Hardware", "ACN": "", "ABN": "", "suburb": "", "postcode": "4413", "address": "42 Middle Street", "city": "Chinchilla", "group": 1, "name": "Chinchilla", "spanStoreID": "ADM2-30", "state": "Qld", "contact": "  ", "isHead": false, "email": "", "phone": "07 4662 7099"}, "model": "users.store", "pk": 22}, {"fields": {"fax": "07 3807 0033", "code": "BLGH", "GLN": "9377779105191", "companyName": "", "ACN": "", "ABN": "95 109 755 769", "suburb": "Beenleigh", "postcode": "4207", "address": "105 George Street", "city": "", "group": 1, "name": "Beenleigh II", "spanStoreID": "ADM1-31", "state": "Qld", "contact": "Mr Brent King", "isHead": false, "email": "biritebeenleigh@optusnet.com.au", "phone": "07 3807 5555"}, "model": "users.store", "pk": 23}, {"fields": {"fax": "0754262586", "code": "LWD", "GLN": "9377779202623", "companyName": "Valgra Pty Ltd", "ACN": "110382 315", "ABN": "60 110 382 315", "suburb": "", "postcode": "4311", "address": "1 Park st", "city": "Lowood", "group": 1, "name": "Lowood", "spanStoreID": "ADM1-32", "state": "Qld", "contact": "Mr Graham Proctor", "isHead": false, "email": "lowood@biriteelectrical.com.au", "phone": "0754262200"}, "model": "users.store", "pk": 24}, {"fields": {"fax": "07 4662 8429", "code": "MIL", "GLN": "9377779247945", "companyName": "Mullins Hardware", "ACN": "", "ABN": "", "suburb": "Miles", "postcode": "4415", "address": "19 Murilla St.", "city": "", "group": 1, "name": "Miles", "spanStoreID": "ADM1-33", "state": "Qld", "contact": "  ", "isHead": false, "email": "trade.murillah@bigpond.com", "phone": "07 4627 1525"}, "model": "users.store", "pk": 25}, {"fields": {"fax": "03 5623 5694", "code": "WRGL", "GLN": "9377779269138", "companyName": "Kelka Investments Pty Ltd", "ACN": "", "ABN": "32096395612", "suburb": "Warragul", "postcode": "3820", "address": "136 Queen St (P O Box 588)", "city": "", "group": 1, "name": "Warragul", "spanStoreID": "ADM1-34", "state": "VIC", "contact": "Mr Ash Butler", "isHead": false, "email": "warragul@birite.com.au", "phone": "03 5623 5999"}, "model": "users.store", "pk": 26}, {"fields": {"fax": "0749816627", "code": "TIE", "GLN": "9377779177396", "companyName": "Mick Cutts Bi-Rite Electrical", "ACN": "", "ABN": "67 098 669 752", "suburb": "", "postcode": "4709", "address": "Shop 7B Talagai Ave, Tieri Shopping Centre", "city": "Tieri", "group": 1, "name": "Tieri", "spanStoreID": "ADM1-38", "state": "Qld", "contact": "Mr Mick Cutts", "isHead": false, "email": "tieri@biriteelectrical.com.au", "phone": "0749816650"}, "model": "users.store", "pk": 27}, {"fields": {"fax": "0738092511", "code": "NB", "GLN": "9377779105177", "companyName": "Beachvision", "ACN": "", "ABN": "98 116 577 452", "suburb": "Browns Plains", "postcode": "4118", "address": "11/40 Browns Plains Rd", "city": "Logan", "group": 1, "name": "Browns Plains", "spanStoreID": "ADM1-40", "state": "Qld", "contact": "Mr Wally Skapa", "isHead": false, "email": "beachvi@bigpond.net.au", "phone": "0738092411"}, "model": "users.store", "pk": 28}, {"fields": {"fax": "08 9821 2778", "code": "KTN", "GLN": "9377779249697", "companyName": "BKW CO OPERATIVE", "ACN": "", "ABN": "", "suburb": "KATANNING", "postcode": "6317", "address": "72-78 AUSTRAL TERRACE", "city": "", "group": 1, "name": "Katanning", "spanStoreID": "ADM1-43", "state": "WA", "contact": "Mr David Hartley", "isHead": false, "email": "manager@bkwco-op.com.au", "phone": "08 9821 1577"}, "model": "users.store", "pk": 29}, {"fields": {"fax": "0747432016", "code": "ISA", "GLN": "9377779105207", "companyName": "RAMPOM Pty Ltd", "ACN": "", "ABN": "64 292 257 492", "suburb": "", "postcode": "4825", "address": "26 Miles St", "city": "Mt Isa", "group": 1, "name": "Mt Isa", "spanStoreID": "ADM1-44", "state": "Qld", "contact": "Mrs Rhonda Matthews", "isHead": false, "email": "matthews@blue1000.com.au", "phone": "0747492255"}, "model": "users.store", "pk": 30}, {"fields": {"fax": "0269423632", "code": "COOT", "GLN": "9377779268940", "companyName": "Waldos Pty Ltd", "ACN": "", "ABN": "37053885699", "suburb": "", "postcode": "2590", "address": "176 Parker Sr", "city": "Cootamundra", "group": 1, "name": "Cootamundra", "spanStoreID": "ADM1-45", "state": "nsw", "contact": "Mr Bob Gay", "isHead": false, "email": "cootamundra@birite.com.au", "phone": "0269422006"}, "model": "users.store", "pk": 31}, {"fields": {"fax": "07 4992 1172", "code": "BIL", "GLN": "9377779250303", "companyName": "Biloela Agencies Pty Ltd", "ACN": "009779079", "ABN": "23009779079", "suburb": "Biloela", "postcode": "4715", "address": "5 Callide St", "city": "", "group": 1, "name": "Biloela", "spanStoreID": "ADM1-46", "state": "Qld", "contact": "Mrs Symonn Leighton", "isHead": false, "email": "biloela@biriteelectrical.com.au", "phone": "07 4992 1444"}, "model": "users.store", "pk": 32}, {"fields": {"fax": "0354531000", "code": "BHM", "GLN": "9377779255520", "companyName": "BI-RITE ELECTRICAL", "ACN": "", "ABN": "68854802197", "suburb": "", "postcode": "2732", "address": "25 Murray St", "city": "Barham", "group": 1, "name": "Barham", "spanStoreID": "ADM1-47", "state": "NSW", "contact": "  ", "isHead": false, "email": "", "phone": "03 5453 1133"}, "model": "users.store", "pk": 33}, {"fields": {"fax": "0267361504", "code": "TF", "GLN": "9377779208076", "companyName": "", "ACN": "", "ABN": "36 448 742 859", "suburb": "Tenterfield", "postcode": "2372", "address": "331 Rouse St", "city": "", "group": 1, "name": "Tenterfield Birite", "spanStoreID": "ADM1-48", "state": "NSW", "contact": "Mr Yancey OBrien", "isHead": false, "email": "yancey@tenterfieldhomemakers.com.au", "phone": "0267361098"}, "model": "users.store", "pk": 34}, {"fields": {"fax": "0266214145", "code": "LIS", "GLN": "9377779274972", "companyName": "A Cummings & Co", "ACN": "", "ABN": "32365577355", "suburb": "", "postcode": "2480", "address": "47 Molesworth Street", "city": "Lismore", "group": 1, "name": "Lismore", "spanStoreID": "ADM1-49", "state": "NSW", "contact": "Mrs Jodie Kneller", "isHead": false, "email": "lismore@acummings.com.au", "phone": "0266217482"}, "model": "users.store", "pk": 35}, {"fields": {"fax": "07 5441 2648", "code": "KPK", "GLN": "9377779124956", "companyName": "MelcoLanhams Mitre 10", "ACN": "", "ABN": "95 129 140 085", "suburb": "Kunda Park", "postcode": "4556", "address": "520 Maroochydore Road", "city": "", "group": 1, "name": "Kunda Park", "spanStoreID": "ADM1-50", "state": "Qld", "contact": "  ", "isHead": false, "email": "birite@lanhams.com.au", "phone": "07 5441 9927"}, "model": "users.store", "pk": 36}, {"fields": {"fax": "0355725197", "code": "HAM", "GLN": "9377779271506", "companyName": "Leonard Andrew Walker Pty Ltd", "ACN": "108069441", "ABN": "66108069441", "suburb": "Hamilton", "postcode": "3300", "address": "Cnr Coleraine & Cavendish Road", "city": "", "group": 1, "name": "Hamilton", "spanStoreID": "ADM1-51", "state": "Vic", "contact": "Mr Darcy Walker", "isHead": false, "email": "electrical@lawalker.com.au", "phone": "0355512777"}, "model": "users.store", "pk": 37}, {"fields": {"fax": "0297542900", "code": "FF", "GLN": "9377779129234", "companyName": "FAIRFIELD BI-RITE ELECTRICAL", "ACN": "", "ABN": "54 948 914 771", "suburb": "Fairfield", "postcode": "2165", "address": "81 Ware St", "city": "", "group": 1, "name": "Fairfield", "spanStoreID": "ADM1-52", "state": "NSW", "contact": "Mr Ray Naamo", "isHead": false, "email": "fairfield@biriteelectrical.com.au", "phone": "0297542890"}, "model": "users.store", "pk": 38}, {"fields": {"fax": "0298214348", "code": "LV", "GLN": "9377779129210", "companyName": "Liverpool Electrical", "ACN": "", "ABN": "92 102 882 744", "suburb": "Liverpool", "postcode": "2170", "address": "282 Macquarie St", "city": "", "group": 1, "name": "Liverpool", "spanStoreID": "ADM1-53", "state": "NSW", "contact": "Mr Louie Naamo", "isHead": false, "email": "liverpool@biriteelectrical.com.au", "phone": "0298212100"}, "model": "users.store", "pk": 39}, {"fields": {"fax": "0298973411", "code": "MRL", "GLN": "9377779129203", "companyName": "Merryland Discount Appliances P/L", "ACN": "", "ABN": "17 079 584 437", "suburb": "Merrylands", "postcode": "2160", "address": "163 Merrylands rd", "city": "", "group": 1, "name": "Merrylands", "spanStoreID": "ADM1-54", "state": "NSW", "contact": "Mr Hatham Naamo", "isHead": false, "email": "merrylands@biriteelectrical.com.au", "phone": "0298973499"}, "model": "users.store", "pk": 40}, {"fields": {"fax": "0357431033", "code": "YWA", "GLN": "9377779162095", "companyName": "Cope Securities Pty Ltd", "ACN": "135716586", "ABN": "16717026763", "suburb": "Yarrawonga", "postcode": "3730", "address": "89 Belmore St", "city": "", "group": 1, "name": "Yarrawonga", "spanStoreID": "ADM1-55", "state": "Vic", "contact": "Mr Ben Cope", "isHead": false, "email": "ben@yarrahomelectrix.com.au", "phone": "0357431033"}, "model": "users.store", "pk": 41}, {"fields": {"fax": "0740699894", "code": "CPWP", "GLN": "9377779255506", "companyName": "Alec and Drew Family Trust", "ACN": "", "ABN": "82 247 346 400", "suburb": "", "postcode": "4874", "address": "Shop 1 Commercial Ave.", "city": "Weipa", "group": 1, "name": "Weipa", "spanStoreID": "ADM1-56", "state": "QLD", "contact": " Simon and Nicole Milevskiy", "isHead": false, "email": "weipafurnelec@bigpond.com", "phone": "0740699499"}, "model": "users.store", "pk": 42}, {"fields": {"fax": "0263422897", "code": "CRA", "GLN": "9377779130834", "companyName": "MARTIN'S", "ACN": "", "ABN": "18 001 834 037", "suburb": "Cowra", "postcode": "2794", "address": "57 Kendal Street", "city": "", "group": 1, "name": "Cowra", "spanStoreID": "ADM1-57", "state": "NSW", "contact": "Mr Keith Martin", "isHead": false, "email": "martins@martinselectrical.com.au", "phone": "0263422244"}, "model": "users.store", "pk": 43}, {"fields": {"fax": "0355682353", "code": "PFY", "GLN": "9377779134511", "companyName": "", "ACN": "", "ABN": "64 080 648 513", "suburb": "Port Fairy", "postcode": "3284", "address": "57-63 Sackville St", "city": "", "group": 1, "name": "Port Fairy", "spanStoreID": "ADM1-58", "state": "Vic", "contact": "Mr Ken Brookes", "isHead": false, "email": "portfairy.homelectrix@gmail.com", "phone": "0355681057"}, "model": "users.store", "pk": 44}, {"fields": {"fax": "(02) 4821 6210", "code": "GLB", "GLN": "9377779269107", "companyName": "Jamesjohn Pty Limited", "ACN": "", "ABN": "44134025344", "suburb": "", "postcode": "2580", "address": "212-214 Auburn St", "city": "Goulburn", "group": 1, "name": "Goulburn", "spanStoreID": "ADM1-59", "state": "NSW", "contact": "Mrs Emma Mortimer", "isHead": false, "email": "goulburn@birite.com.au", "phone": "(02) 4821 1911"}, "model": "users.store", "pk": 45}, {"fields": {"fax": "02 6947 3599", "code": "TUM", "GLN": "9377779270752", "companyName": "Eceran pty ltd", "ACN": "", "ABN": "57103846055", "suburb": "", "postcode": "2720", "address": "143 Wynyard st", "city": "Tumut", "group": 1, "name": "Tumut", "spanStoreID": "ADM1-60", "state": "NSW", "contact": "  ", "isHead": false, "email": "tumutbirite@bigpond.com", "phone": "02 6947 1814"}, "model": "users.store", "pk": 46}, {"fields": {"fax": "0749841299", "code": "SPSR", "GLN": "9377779270882", "companyName": "Enyam Pty Ltd", "ACN": "117483824", "ABN": "94117483824", "suburb": "Springsure", "postcode": "4722", "address": "42 Eclipse St", "city": "", "group": 1, "name": "Springsure", "spanStoreID": "ADM1-61", "state": "Qld", "contact": "Mrs Megan Mayne", "isHead": false, "email": "springsure1@bigpond.com", "phone": "0749841233"}, "model": "users.store", "pk": 47}, {"fields": {"fax": "07 49418893", "code": "MOR", "GLN": "9377779271490", "companyName": "", "ACN": "", "ABN": "97936152118", "suburb": "MORANBAH", "postcode": "4744", "address": "TOWN SQUARE AVENUE", "city": "", "group": 1, "name": "Moranbah", "spanStoreID": "ADM1-62", "state": "QLD", "contact": "  ", "isHead": false, "email": "sales@mfe.net.au", "phone": "07 49415325"}, "model": "users.store", "pk": 48}, {"fields": {"fax": "(03) 5382 5729", "code": "HSHM", "GLN": "9377779272534", "companyName": "", "ACN": "", "ABN": "99497718329", "suburb": "", "postcode": "3400", "address": "42 Pynsent Street", "city": "Horsham", "group": 1, "name": "Horsham", "spanStoreID": "ADM1-63", "state": "Vic", "contact": " Mark Meyer", "isHead": false, "email": "horsham@birite.com.au", "phone": "(03) 5382 6080"}, "model": "users.store", "pk": 49}, {"fields": {"fax": "0355233203", "code": "PORT", "GLN": "9377779272558", "companyName": "Portland Electrics", "ACN": "006605483", "ABN": "41006605483", "suburb": "Portland", "postcode": "3305", "address": "39 Julia Street", "city": "", "group": 1, "name": "Portland", "spanStoreID": "ADM1-64", "state": "VIC", "contact": "Mr Gregory Allan Lindsay", "isHead": false, "email": "portland@birite.com.au", "phone": "0355231133"}, "model": "users.store", "pk": 50}, {"fields": {"fax": "0353583856", "code": "STWL", "GLN": "9377779272541", "companyName": "", "ACN": "", "ABN": "82 865 804 582", "suburb": "Stawell", "postcode": "3380", "address": "141 Main Street", "city": "", "group": 1, "name": "Stawell", "spanStoreID": "ADM1-65", "state": "vic", "contact": "Mr Brett Crouch", "isHead": false, "email": "stawell@birite.com.au", "phone": "0353585000"}, "model": "users.store", "pk": 51}, {"fields": {"fax": "0266425690", "code": "GRF", "GLN": "9377779274989", "companyName": "A Cummings & Co", "ACN": "", "ABN": "32365577355", "suburb": "", "postcode": "2460", "address": "Shop 3, 72-78 Prince Street", "city": "Grafton", "group": 1, "name": "Grafton", "spanStoreID": "ADM1-66", "state": "NSW", "contact": "Mr Brett Wood", "isHead": false, "email": "grafton@acummings.com.au", "phone": "0266425680"}, "model": "users.store", "pk": 52}, {"fields": {"fax": "0266721514", "code": "MUR", "GLN": "9377779140604", "companyName": "", "ACN": "", "ABN": "35 622 774 028", "suburb": "Murwillumbah", "postcode": "2484", "address": "98 Main St", "city": "", "group": 1, "name": "Murwillumbah", "spanStoreID": "ADM1-67", "state": "NSW", "contact": "Mr Mark Taylor", "isHead": false, "email": "taylorsbrite@bigpond.com", "phone": "0266721514"}, "model": "users.store", "pk": 53}, {"fields": {"fax": "0754780167", "code": "MBA", "GLN": "9377779142264", "companyName": "Sunshine Coast Washers and Fridges", "ACN": "", "ABN": "79 390 556 319", "suburb": "Mooloolaba", "postcode": "4557", "address": "Shop 4 174 Brisbane Rd", "city": "", "group": 1, "name": "Mooloolaba", "spanStoreID": "ADM1-68", "state": "Qld", "contact": "Mr Greg Jackson", "isHead": false, "email": "s.c.washers.fridges@bigpond.com", "phone": "0754780700"}, "model": "users.store", "pk": 54}, {"fields": {"fax": "0351447110", "code": "SAL", "GLN": "9377779141908", "companyName": "Morelli Pty Ltd", "ACN": "100 941 777", "ABN": "46 100 941 777", "suburb": "Sale", "postcode": "3850", "address": "111 Cunninghame St", "city": "", "group": 1, "name": "Sale", "spanStoreID": "ADM1-69", "state": "Vic", "contact": "Mr NIck Morelli", "isHead": false, "email": "morelli@hotkey.net.au", "phone": "0351447099"}, "model": "users.store", "pk": 55}, {"fields": {"fax": "0266842183", "code": "MLB", "GLN": "9377779142288", "companyName": "Graeme Wilson Holdings Pty Ltd", "ACN": "109 594 130", "ABN": "38 109 594 130", "suburb": "Mullumbimby", "postcode": "2482", "address": "81-83 Burringbar St", "city": "", "group": 1, "name": "Mullumbimby", "spanStoreID": "ADM1-70", "state": "NSW", "contact": "Mr Graeme Wilson", "isHead": false, "email": "mullumbimby@biriteelectrical.com.au", "phone": "0266843733"}, "model": "users.store", "pk": 56}, {"fields": {"fax": "02 6646 8551", "code": "YAM", "GLN": "9377779274996", "companyName": "A Cummings & Co", "ACN": "", "ABN": "32365577355", "suburb": "Yamba", "postcode": "2464", "address": "16 Treelands Dr.", "city": "", "group": 1, "name": "Yamba", "spanStoreID": "ADM1-71", "state": "NSW", "contact": "  ", "isHead": false, "email": "yamba@acummings.com.au", "phone": "02 6646 8550"}, "model": "users.store", "pk": 57}, {"fields": {"fax": "0754999441", "code": "MNY", "GLN": "9377779141915", "companyName": "Nerrick Pty Ltd t/a Maleny Bi Rite Elec", "ACN": "125596741", "ABN": "27 326 229 110", "suburb": "Maleny", "postcode": "4552", "address": "1 / 72 Maple St", "city": "", "group": 1, "name": "Maleny", "spanStoreID": "ADM1-72", "state": "Qld", "contact": "Mr Pat & Nerina Kuijpers", "isHead": false, "email": "malel@bigpond.com", "phone": "0754999439"}, "model": "users.store", "pk": 58}, {"fields": {"fax": "0393089855", "code": "SOM", "GLN": "9377779143742", "companyName": "SPS Corporation Pty Ltd", "ACN": "105 213 045", "ABN": "97 105 213 045", "suburb": "Somerton", "postcode": "3062", "address": "34-48 Stanley Drive", "city": "", "group": 1, "name": "NCE", "spanStoreID": "ADM1-73", "state": "Vic", "contact": "Mr Mario Pace", "isHead": false, "email": "tblazic@nce.com.au", "phone": "0393087444"}, "model": "users.store", "pk": 59}, {"fields": {"fax": "0746624597", "code": "DAL", "GLN": "9377779143766", "companyName": "OShea", "ACN": "", "ABN": "27 956 470 454", "suburb": "", "postcode": "4405", "address": "23 Hospital Rd", "city": "Dalby", "group": 1, "name": "Dalby", "spanStoreID": "ADM1-74", "state": "Qld", "contact": "Mr Richard O'Shea", "isHead": false, "email": "birite@osheadalby.com.au", "phone": "0746623100"}, "model": "users.store", "pk": 60}, {"fields": {"fax": "03 5348 3735", "code": "DAYL", "GLN": "9377779269169", "companyName": "", "ACN": "", "ABN": "27 483 615 193", "suburb": "Daylesford", "postcode": "3460", "address": "79 Vincent St", "city": "", "group": 1, "name": "Daylesford", "spanStoreID": "ADM1-75", "state": "Vic", "contact": "Mr John Jenkin", "isHead": false, "email": "j.t@bigpond.net.au", "phone": "03 5348 2245"}, "model": "users.store", "pk": 61}, {"fields": {"fax": "0746231674", "code": "MCH", "GLN": "9377779145067", "companyName": "Rob Cornish Electrical Pty Ltd", "ACN": "010 763 890", "ABN": "98 010 763 890", "suburb": "Mitchell", "postcode": "4465", "address": "42 Cambridge St", "city": "", "group": 1, "name": "Mitchell", "spanStoreID": "ADM1-76", "state": "Qld", "contact": "Mr Rob Cornish", "isHead": false, "email": "rob.cornish@bigpond.com", "phone": "0746231211"}, "model": "users.store", "pk": 62}, {"fields": {"fax": "0746714668", "code": "GWD", "GLN": "9377779143773", "companyName": "OShea", "ACN": "", "ABN": "27 956 470 454", "suburb": "", "postcode": "4390", "address": "63 Marshall St", "city": "Goondiwindi", "group": 1, "name": "Goondiwindi", "spanStoreID": "ADM1-77", "state": "Qld", "contact": "Mr Philip O'Shea", "isHead": false, "email": "birite@osheagoondiwindi.com.au", "phone": "0746714665"}, "model": "users.store", "pk": 63}, {"fields": {"fax": "0740614256", "code": "IFL", "GLN": "9377779145722", "companyName": "Mellick Centre Pty Ltd.", "ACN": "010 957 052", "ABN": "11 010 957 052", "suburb": "", "postcode": "4860", "address": "Edith and Owen St", "city": "Innisfail", "group": 1, "name": "Innisfail", "spanStoreID": "ADM1-78", "state": "QLD", "contact": "Mr Paul Mellick", "isHead": false, "email": "sales@mellickcentre.com.au", "phone": "0740612477"}, "model": "users.store", "pk": 64}, {"fields": {"fax": "0268471493", "code": "GIL", "GLN": "9377779145746", "companyName": "Freeth101 Pty Ltd", "ACN": "", "ABN": "15 114 172 119", "suburb": "", "postcode": "2827", "address": "61 Miller St", "city": "Gilgandra", "group": 1, "name": "Gilgandra", "spanStoreID": "ADM1-79", "state": "NSW", "contact": "Mr Gerard Freeth", "isHead": false, "email": "freethgn@hotmail.com", "phone": "0268472788"}, "model": "users.store", "pk": 65}, {"fields": {"fax": "0395438788", "code": "CLY", "GLN": "9377779149058", "companyName": "Conik Home and Entertainment Centre", "ACN": "", "ABN": "36 091 353 347", "suburb": "Clayton", "postcode": "3168", "address": "Shop 10 Cnr Blackburn Rd &Princess Hwy", "city": "", "group": 1, "name": "Clayton", "spanStoreID": "ADM1-80", "state": "Vic", "contact": "Mr David Conik", "isHead": false, "email": "david@conik.com.au", "phone": "0395439382"}, "model": "users.store", "pk": 66}, {"fields": {"fax": "0354604100", "code": "VMAR", "GLN": "9377779272565", "companyName": "Egan Way Pty Ltd", "ACN": "", "ABN": "73 099 492 421", "suburb": "Maryborough", "postcode": "3465", "address": "166 High Street", "city": "", "group": 1, "name": "Maryborough", "spanStoreID": "ADM1-81", "state": "Vic", "contact": "Mr Peter Egan", "isHead": false, "email": "peteregan@birite.com.au", "phone": "0354604499"}, "model": "users.store", "pk": 67}, {"fields": {"fax": "0263683174", "code": "BLY", "GLN": "9377779149041", "companyName": "Miskell Electrical", "ACN": "", "ABN": "85 003 101 513", "suburb": "Blayney", "postcode": "2799", "address": "130 Adelaide St", "city": "", "group": 1, "name": "Blayney", "spanStoreID": "ADM1-82", "state": "NSW", "contact": "Ms Amy Miskell", "isHead": false, "email": "miskells@bigpond.net.au", "phone": "0263682184"}, "model": "users.store", "pk": 68}, {"fields": {"fax": "0354971241", "code": "DLD", "GLN": "9377779149065", "companyName": "Hardinghams Plumbing and Electrical PL", "ACN": "", "ABN": "40 007 172 036", "suburb": "", "postcode": "3480", "address": "92 Woods St", "city": "Donald", "group": 1, "name": "Donald", "spanStoreID": "ADM1-83", "state": "Vic", "contact": "Mrs Joan Hardingham", "isHead": false, "email": "electrical@hardinghams.com.au", "phone": "0354971666"}, "model": "users.store", "pk": 69}, {"fields": {"fax": "07 3348 7499", "code": "WYN", "GLN": "9377779273463", "companyName": "", "ACN": "", "ABN": "50089496113", "suburb": "Wynnum", "postcode": "4178", "address": "Wynnum Plaza ,Shop A3/2021 Wynnum Road", "city": "Brisbane", "group": 1, "name": "Wynnum", "spanStoreID": "ADM1-84", "state": "QLD", "contact": "  ", "isHead": false, "email": "wynnum@birite.com.au", "phone": "07 3348 7488"}, "model": "users.store", "pk": 70}, {"fields": {"fax": "0746574250", "code": "BLA", "GLN": "9377779153413", "companyName": "", "ACN": "", "ABN": "35 076 732 422", "suburb": "", "postcode": "4472", "address": "102 Shamrock St", "city": "Blackall", "group": 1, "name": "Blackall", "spanStoreID": "ADM1-85", "state": "Qld", "contact": "Mr John Turner", "isHead": false, "email": "john@pselectrical.com.au", "phone": "0746574293"}, "model": "users.store", "pk": 71}, {"fields": {"fax": "03 5232 1430", "code": "CLC", "GLN": "9377779275788", "companyName": "Budget Furnishings", "ACN": "", "ABN": "62007136932", "suburb": "", "postcode": "3250", "address": "16 Murray St.", "city": "Colac", "group": 1, "name": "Colac", "spanStoreID": "ADM1-86", "state": "VIC", "contact": "Mr David Harris", "isHead": false, "email": "colac@biriteelectrical.com.au", "phone": "03 5231 4222"}, "model": "users.store", "pk": 72}, {"fields": {"fax": "0749861613", "code": "BWT", "GLN": "9377779151556", "companyName": "Higher Ground International Pty Ltd", "ACN": "124 816 806", "ABN": "78 010 679 571", "suburb": "Blackwater", "postcode": "4717", "address": "40 Mackenzie St", "city": "", "group": 1, "name": "Blackwater", "spanStoreID": "ADM1-87", "state": "Qld", "contact": "Mr Thomas Mitchell", "isHead": false, "email": "highlandhome@westnet.com.au", "phone": "0749825844"}, "model": "users.store", "pk": 73}, {"fields": {"fax": "0268292469", "code": "LRE", "GLN": "9377779152317", "companyName": "LRE Bi-Rite Electrical", "ACN": "", "ABN": "75 508 510 500", "suburb": "", "postcode": "2834", "address": "42 Morilla St", "city": "Lightning Ridge", "group": 1, "name": "Lightning Ridge", "spanStoreID": "ADM1-88", "state": "NSW", "contact": "Mr Baden Anderson", "isHead": false, "email": "sales@lrensw.com", "phone": "0268291496"}, "model": "users.store", "pk": 74}, {"fields": {"fax": "", "code": "BALW", "GLN": "", "companyName": "", "ACN": "", "ABN": "", "suburb": "", "postcode": "", "address": "", "city": "", "group": 1, "name": "Spare2012", "spanStoreID": "ADM1-89", "state": "", "contact": "  ", "isHead": false, "email": "", "phone": ""}, "model": "users.store", "pk": 75}, {"fields": {"fax": "03-57625254", "code": "BEN", "GLN": "9377779153994", "companyName": "Homelectrix Benalla", "ACN": "006442986", "ABN": "95 939 323 880", "suburb": "", "postcode": "3672", "address": "45 Sydney Rd", "city": "Benalla", "group": 1, "name": "Benalla", "spanStoreID": "ADM1-90", "state": "Vic", "contact": "Mr Gary Woodruff", "isHead": false, "email": "homelectrix@benalla.mitre10.com.au", "phone": "03-57626727"}, "model": "users.store", "pk": 76}, {"fields": {"fax": "0754424536", "code": "NSA", "GLN": "9377779157688", "companyName": "Josanan Pty Ltd t/a Bi-Rite Noosa", "ACN": "", "ABN": "15827157421", "suburb": "Noosaville", "postcode": "4566", "address": "11 Gibson Rd", "city": "", "group": 1, "name": "Noosaville", "spanStoreID": "ADM1-91", "state": "Qld", "contact": "Mr & John and Samantha Ryland", "isHead": false, "email": "noosabirite1@bigpond.com", "phone": "0754471140"}, "model": "users.store", "pk": 77}, {"fields": {"fax": "0746542266", "code": "CHVL", "GLN": "9377779270745", "companyName": "Cronjay Pty Ltd", "ACN": "010944840", "ABN": "85010944840", "suburb": "", "postcode": "4470", "address": "14 Wills Street", "city": "Charleville", "group": 1, "name": "Charleville", "spanStoreID": "ADM1-92", "state": "QLD", "contact": "  ", "isHead": false, "email": "biritecvl@bigpond.com", "phone": "07 4654 1633"}, "model": "users.store", "pk": 78}, {"fields": {"fax": "0736301655", "code": "LBN", "GLN": "9377779162149", "companyName": "Paul Keane Family Trust", "ACN": "010 850 290", "ABN": "35 439 903 417", "suburb": "Hamilton", "postcode": "4007", "address": "108 Nudgee Road", "city": "", "group": 1, "name": "Albion Appliance ser", "spanStoreID": "ADM1-93", "state": "Qld", "contact": "Mr Paul Keane", "isHead": false, "email": "albion@biriteelectrical.com.au", "phone": "0736301611"}, "model": "users.store", "pk": 79}, {"fields": {"fax": "03 6391 1485", "code": "NHL", "GLN": "9377779271209", "companyName": "", "ACN": "", "ABN": "", "suburb": "NHILL", "postcode": "3418", "address": "11-13 Victoria St", "city": "", "group": 1, "name": "Nhill", "spanStoreID": "ADM1-94", "state": "Vic", "contact": "Mr Alex Graham", "isHead": false, "email": "alex@mulhallens.com.au", "phone": "03 5391 1138"}, "model": "users.store", "pk": 80}, {"fields": {"fax": "07 5463 1010", "code": "BOON", "GLN": "9377779271193", "companyName": "", "ACN": "", "ABN": "76474404309", "suburb": "Boonah", "postcode": "4310", "address": "76 High St", "city": "Boonah", "group": 1, "name": "Boonah", "spanStoreID": "ADM1-95", "state": "Qld", "contact": " Kim Sweeney", "isHead": false, "email": "boonah@birite.com.au", "phone": "07 5463 1326"}, "model": "users.store", "pk": 81}, {"fields": {"fax": "0746561311", "code": "QLP", "GLN": "9377779270899", "companyName": "Hewsonhall Electrical Centre", "ACN": "", "ABN": "32016303422", "suburb": "", "postcode": "4480", "address": "28 Brolga street", "city": "Quilpie", "group": 1, "name": "Quilpie", "spanStoreID": "HO1-90", "state": "Q", "contact": "  ", "isHead": false, "email": "jenniferhewson@bigpond.com", "phone": "0746561311"}, "model": "users.store", "pk": 82}, {"fields": {"fax": "0746221770", "code": "ROM", "GLN": "9377779180495", "companyName": "MTC Traders", "ACN": "159 751 514", "ABN": "65 159 751 514", "suburb": "Roma", "postcode": "4455", "address": "107 McDowall St", "city": "", "group": 1, "name": "Roma", "spanStoreID": "HO1-91", "state": "Qld", "contact": "Mr Peter Janulis", "isHead": false, "email": "mtctraders@hotmail.com", "phone": "0746224021"}, "model": "users.store", "pk": 83}, {"fields": {"fax": "07 49381031", "code": "MTM", "GLN": "9377779271216", "companyName": "", "ACN": "", "ABN": "50 797 541 840", "suburb": "MOUNT MORGAN", "postcode": "4714", "address": "69 MORGAN STREET", "city": "", "group": 1, "name": "Mt Morgan", "spanStoreID": "HO1-92", "state": "QLD", "contact": " John Ramm", "isHead": false, "email": "ramms@birite.com.au", "phone": "07 49381086"}, "model": "users.store", "pk": 84}, {"fields": {"fax": "0266323954", "code": "KYO", "GLN": "9377779181607", "companyName": "", "ACN": "", "ABN": "66 039 576 575", "suburb": "Kyogle", "postcode": "2474", "address": "58 Summerland Way", "city": "", "group": 1, "name": "Kyogle", "spanStoreID": "HO1-93", "state": "NSW", "contact": "Mr Des McDade", "isHead": false, "email": "cjalex@bigpond.net.au", "phone": "0266321655"}, "model": "users.store", "pk": 85}, {"fields": {"fax": "08 5947 0645", "code": "DWN", "GLN": "9377779275023", "companyName": "", "ACN": "", "ABN": "", "suburb": "Winnellie", "postcode": "0820", "address": "1544 Stuart Highway", "city": "Darwin", "group": 1, "name": "Darwin", "spanStoreID": "HO1-94", "state": "NT", "contact": " Adrian ", "isHead": false, "email": "darwin@birite.com.au", "phone": "08 8984 4900"}, "model": "users.store", "pk": 86}, {"fields": {"fax": "0357213844", "code": "WNG", "GLN": "9377779180730", "companyName": "T.K.E.C.J Pty Ltd", "ACN": "126 692 340", "ABN": "19 126 692 340", "suburb": "Wangaratta", "postcode": "3677", "address": "Shop 2 /3 Tone Rd", "city": "", "group": 1, "name": "Wangaratta", "spanStoreID": "HO1-95", "state": "Vic", "contact": "Mr Travis Whiley", "isHead": false, "email": "travis@biritewangaratta.com.au", "phone": "0357215588"}, "model": "users.store", "pk": 87}, {"fields": {"fax": "0269532015", "code": "LTN", "GLN": "9377779182246", "companyName": "Leeton Electrical", "ACN": "", "ABN": "30 000 382 187", "suburb": "Leeton", "postcode": "2705", "address": "Shop 8 Leeton Market Plaza", "city": "", "group": 1, "name": "Leeton", "spanStoreID": "HO1-96", "state": "NSW", "contact": "Mr Michael Day", "isHead": false, "email": "leetonelectrical@bigpond.com", "phone": "0269536380"}, "model": "users.store", "pk": 88}, {"fields": {"fax": "0749749999", "code": "NAG", "GLN": "9377779083567", "companyName": "Bi-Rite Electrical Agnes Water", "ACN": "", "ABN": "72 946 885 898", "suburb": "", "postcode": "4677", "address": "34 Bicentennial Drive / Po Box 239", "city": "Agnes Water", "group": 1, "name": "Agnes Water", "spanStoreID": "HO1-97", "state": "Qld", "contact": "Mr John Smith", "isHead": false, "email": "birite@awbch.com.au", "phone": "0749749749"}, "model": "users.store", "pk": 89}, {"fields": {"fax": "0296362400", "code": "TGB", "GLN": "9377779180747", "companyName": "Big Bart Electrical", "ACN": "", "ABN": "89 129 943 675", "suburb": "TOONGABBIE", "postcode": "2146", "address": "SHOP-22B, 17-19 AURELIA STREET", "city": "", "group": 1, "name": "Toongabbie", "spanStoreID": "HO1-98", "state": "NSW", "contact": "Mr SANJEEV KUMAR", "isHead": false, "email": "bigbart@live.com.au", "phone": "0296361100"}, "model": "users.store", "pk": 90}, {"fields": {"fax": "0733556166", "code": "ENG", "GLN": "9377779180754", "companyName": "Alderley Refrigeration and Electrical", "ACN": "", "ABN": "13 578 485 522", "suburb": "Enoggera", "postcode": "4051", "address": "47 Pickering St", "city": "Brisbane", "group": 1, "name": "Enoggera", "spanStoreID": "HO1-99", "state": "Qld", "contact": "Mr Hugh Scott", "isHead": false, "email": "sales@brisbanewhitegoods.com.au", "phone": "0733556855"}, "model": "users.store", "pk": 91}, {"fields": {"fax": "0749877808", "code": "EMD", "GLN": "9377779191057", "companyName": "Bi-Rite Electrical", "ACN": "", "ABN": "67098669752", "suburb": "", "postcode": "4720", "address": "24 Egerton Street", "city": "Emerald", "group": 1, "name": "Emerald", "spanStoreID": "HO1-100", "state": "Qld", "contact": "Mr Glenn Healion", "isHead": false, "email": "emerald@biriteelectrical.com.au", "phone": "0749877606"}, "model": "users.store", "pk": 92}, {"fields": {"fax": "0354803992", "code": "ECH", "GLN": "9377779181621", "companyName": "B & J MASON", "ACN": "114511590", "ABN": "43455764338", "suburb": "", "postcode": "3564", "address": "2/110 NORTHERN HIGHWAY", "city": "ECHUCA", "group": 1, "name": "Echuca", "spanStoreID": "HO1-101", "state": "Vic", "contact": "Mrs Jo mason", "isHead": false, "email": "ede@vic.australis.com.au", "phone": "0354803991"}, "model": "users.store", "pk": 93}, {"fields": {"fax": "0352377597", "code": "APB", "GLN": "9377779204047", "companyName": "Apollo Bay Gas & Electrical", "ACN": "", "ABN": "25 478 309 678", "suburb": "", "postcode": "3233", "address": "2-3/20 Pascoe Street", "city": "Apollo Bay", "group": 1, "name": "Apollo Bay", "spanStoreID": "HO1-102", "state": "Vic", "contact": " Paul & Tammy McFarlane", "isHead": false, "email": "sales@abge.com.au", "phone": "0352376934"}, "model": "users.store", "pk": 94}, {"fields": {"fax": "0733455669", "code": "SUN", "GLN": "9377779211007", "companyName": "EJOY AUSTRALIA PTY LIMITED", "ACN": "138 568 466", "ABN": "68 138 568 466", "suburb": "Sunnybank", "postcode": "4109", "address": "Shop 37,  Cnr Mains Road & McCullough Street", "city": "Brisbane", "group": 1, "name": "Sunnybank", "spanStoreID": "HO1-103", "state": "Qld", "contact": "Mr Keith Yuen", "isHead": false, "email": "keith.yuen@ejoy.com.au", "phone": "0733455668"}, "model": "users.store", "pk": 95}, {"fields": {"fax": "0266867189", "code": "BALL", "GLN": "9377779274965", "companyName": "A Cummings & Co", "ACN": "", "ABN": "32365577355", "suburb": "", "postcode": "2478", "address": "102-110 River Street", "city": "Ballina", "group": 1, "name": "Ballina", "spanStoreID": "HO1-104", "state": "NSW", "contact": "Mr Elton Cummings", "isHead": false, "email": "ballina@acummings.com.au", "phone": "0266862566"}, "model": "users.store", "pk": 96}, {"fields": {"fax": "0357501633", "code": "BGT", "GLN": "9377779208069", "companyName": "Alpine Furnishings P/L", "ACN": "", "ABN": "3400 5945 755", "suburb": "", "postcode": "3741", "address": "10 Ireland St", "city": "Bright", "group": 1, "name": "Bright", "spanStoreID": "HO1-105", "state": "Vic", "contact": "Mrs Jenny Macnaught", "isHead": false, "email": "information@alpinefurnishings.com.au", "phone": "0357551453"}, "model": "users.store", "pk": 97}, {"fields": {"fax": "0268282614", "code": "WGT", "GLN": "9377779216477", "companyName": "", "ACN": "", "ABN": "75508510500", "suburb": "", "postcode": "2832", "address": "59 Fox St", "city": "Walgett", "group": 1, "name": "Walgett", "spanStoreID": "HO1-106", "state": "NSW", "contact": "Mr Baden Anderson", "isHead": false, "email": "sales@lrensw.com", "phone": "0268282612"}, "model": "users.store", "pk": 98}, {"fields": {"fax": "03 5452 2822", "code": "KER", "GLN": "9377779224632", "companyName": "", "ACN": "", "ABN": "", "suburb": "", "postcode": "3579", "address": "15 Tate Drive", "city": "Kerang", "group": 1, "name": "Kerang", "spanStoreID": "HO1-107", "state": "Vic", "contact": " Rob and Sue Farrer", "isHead": false, "email": "farrer99@bigpond.com", "phone": "03 5452 2469"}, "model": "users.store", "pk": 99}, {"fields": {"fax": "07 5532 5889", "code": "SPT", "GLN": "9377779227756", "companyName": "Ejoy Electronics", "ACN": "", "ABN": "", "suburb": "", "postcode": "4215", "address": "Shop 1030 42 Marine Parade", "city": "Southport", "group": 1, "name": "Southport", "spanStoreID": "HO1-108", "state": "Qld", "contact": "  ", "isHead": false, "email": "", "phone": "07 5532 1889"}, "model": "users.store", "pk": 100}, {"fields": {"fax": "07 54914465", "code": "CLDR", "GLN": "9377779275771", "companyName": "Dwyers Family Living", "ACN": "009975857", "ABN": "84 262 641 287", "suburb": "Caloundra", "postcode": "4551", "address": "87 Bowman Road", "city": "", "group": 1, "name": "Caloundra", "spanStoreID": "HO1-109", "state": "QLD", "contact": "  ", "isHead": false, "email": "sales@dwyersfamilyliving.com", "phone": "07 54911122"}, "model": "users.store", "pk": 101}, {"fields": {"fax": "07 54417875", "code": "NMB", "GLN": "9377779275764", "companyName": "Dansara Pty Ltd", "ACN": "120813176", "ABN": "55164478823", "suburb": "Nambour", "postcode": "4560", "address": "112 Currie Street", "city": "Nambour", "group": 1, "name": "Nambour", "spanStoreID": "HO1-110", "state": "Qld", "contact": "Mr Stephen Rohweder", "isHead": false, "email": "nambour@birite.com.au", "phone": "07 5441 7877"}, "model": "users.store", "pk": 102}, {"fields": {"fax": "07 4165 4655", "code": "MDBR", "GLN": "9377779234518", "companyName": "", "ACN": "", "ABN": "", "suburb": "", "postcode": "4626", "address": "63 LYONS ST", "city": "MUNDUBBERA", "group": 1, "name": "Mundubbera", "spanStoreID": "HO1-111", "state": "QLD", "contact": "  ", "isHead": false, "email": "mundfc@bigpond.net.au", "phone": "07 4165 4699"}, "model": "users.store", "pk": 103}, {"fields": {"fax": "02 6724 1786", "code": "BGRA", "GLN": "9377779226391", "companyName": "Bingara Appliances", "ACN": "", "ABN": "", "suburb": "", "postcode": "2404", "address": "41- 45 MAITLAND ST", "city": "Bingara", "group": 1, "name": "Bingara", "spanStoreID": "HO1-112", "state": "NSW", "contact": "Mr John Bishton", "isHead": false, "email": "", "phone": "02 6724 1303"}, "model": "users.store", "pk": 104}, {"fields": {"fax": "02 6496 2008", "code": "EDN", "GLN": "9377779275757", "companyName": "EDEN BEDDING & FURNITURE WAREHOUSE", "ACN": "", "ABN": "", "suburb": "", "postcode": "2551", "address": "43-55 PRINCESS HIGHWAY", "city": "EDEN", "group": 1, "name": "Eden", "spanStoreID": "HO1-113", "state": "NSW", "contact": "  ", "isHead": false, "email": "edenbedfurn@bigpond.com", "phone": "02 6496 2002"}, "model": "users.store", "pk": 105}, {"fields": {"fax": "07 4069 1118", "code": "THU", "GLN": "9377779273326", "companyName": "CR&P Jones", "ACN": "", "ABN": "39113119054", "suburb": "Thursday Island", "postcode": "4875", "address": "80-82 Douglas Street", "city": "Thursday Island", "group": 1, "name": "Thursday Island", "spanStoreID": "HO1-114", "state": "QLD", "contact": "MR Ben Murray", "isHead": false, "email": "electrical@coljones.com", "phone": "07 4069 1118"}, "model": "users.store", "pk": 106}, {"fields": {"fax": "", "code": "N5", "GLN": "", "companyName": "", "ACN": "", "ABN": "", "suburb": "", "postcode": "", "address": "", "city": "", "group": 1, "name": "NewStore5", "spanStoreID": "HO1-115", "state": "", "contact": "  ", "isHead": false, "email": "", "phone": ""}, "model": "users.store", "pk": 107}, {"fields": {"fax": "", "code": "N6", "GLN": "", "companyName": "", "ACN": "", "ABN": "", "suburb": "", "postcode": "", "address": "", "city": "", "group": 1, "name": "New Store 6", "spanStoreID": "HO1-116", "state": "", "contact": "  ", "isHead": false, "email": "", "phone": ""}, "model": "users.store", "pk": 108}, {"fields": {"fax": "", "code": "N7", "GLN": "", "companyName": "", "ACN": "", "ABN": "", "suburb": "", "postcode": "", "address": "", "city": "", "group": 1, "name": "New Store 7", "spanStoreID": "HO1-117", "state": "", "contact": "  ", "isHead": false, "email": "", "phone": ""}, "model": "users.store", "pk": 109}, {"fields": {"fax": "", "code": "N8", "GLN": "", "companyName": "", "ACN": "", "ABN": "", "suburb": "", "postcode": "", "address": "", "city": "", "group": 1, "name": "New Store 8", "spanStoreID": "HO1-118", "state": "", "contact": "  ", "isHead": false, "email": "", "phone": ""}, "model": "users.store", "pk": 110}, 
{"fields": 

	{"fax": "", "code": "SUPER", "GLN": "", "companyName": "", "ACN": "", "ABN": "", 
	"phone": "", "postcode": "", "address": "", "city": "", "group": 1, "name": "SUPER", 
	"suburb": "", "spanStoreID": "", "state": "", "contact": "", "isHead": true, "email": ""}, 
	
	"model": "users.store", "pk": 111
},

{"fields": 

	{"fax": "", "code": "VW", "GLN": "", "companyName": "", "ACN": "", "ABN": "", 
	"phone": "", "postcode": "", "address": "", "city": "", "group": 1, "name": "VW", 
	"suburb": "", "spanStoreID": "", "state": "", "contact": "", "isHead": true, "email": ""}, 
	
	"model": "users.store", "pk": 112
}


]