[{"fields": {"category": 246, "group": 1, "brand": 40, "tradePrice": 46.59, "goPrice": 65.0, "spanNet": 46.59, "endValue": 500.0, "costPrice": 46.59, "model": "2EWTAB500", "startValue": 0.0, "store": null, "isShared": true}, "model": "core.warranty", "pk": 1}, {"fields": {"category": 246, "group": 1, "brand": 40, "tradePrice": 55.82, "goPrice": 89.0, "spanNet": 55.82, "endValue": 1000.0, "costPrice": 55.82, "model": "2EWTAB1000", "startValue": 501.0, "store": null, "isShared": true}, "model": "core.warranty", "pk": 2}, {"fields": {"category": 247, "group": 1, "brand": 40, "tradePrice": 40.76, "goPrice": 85.0, "spanNet": 40.76, "endValue": 1000.0, "costPrice": 40.76, "model": "2EWAPP1000", "startValue": 501.0, "store": null, "isShared": true}, "model": "core.warranty", "pk": 3}, {"fields": {"category": 247, "group": 1, "brand": 40, "tradePrice": 128.46, "goPrice": 249.0, "spanNet": 128.46, "endValue": 10000.0, "costPrice": 128.46, "model": "2EWAPP10000", "startValue": 5001.0, "store": null, "isShared": true}, "model": "core.warranty", "pk": 4}, {"fields": {"category": 247, "group": 1, "brand": 40, "tradePrice": 51.07, "goPrice": 99.0, "spanNet": 51.07, "endValue": 1500.0, "costPrice": 51.07, "model": "2EWAPP1500", "startValue": 1001.0, "store": null, "isShared": true}, "model": "core.warranty", "pk": 5}, {"fields": {"category": 247, "group": 1, "brand": 40, "tradePrice": 174.89, "goPrice": 349.0, "spanNet": 174.89, "endValue": 15000.0, "costPrice": 174.89, "model": "2EWAPP15000", "startValue": 10001.0, "store": null, "isShared": true}, "model": "core.warranty", "pk": 6}, {"fields": {"category": 247, "group": 1, "brand": 40, "tradePrice": 66.55, "goPrice": 129.0, "spanNet": 66.55, "endValue": 2500.0, "costPrice": 66.55, "model": "2EWAPP2500", "startValue": 1501.0, "store": null, "isShared": true}, "model": "core.warranty", "pk": 7}, {"fields": {"category": 247, "group": 1, "brand": 40, "tradePrice": 30.44, "goPrice": 59.0, "spanNet": 30.44, "endValue": 500.0, "costPrice": 30.44, "model": "2EWAPP500", "startValue": 0.0, "store": null, "isShared": true}, "model": "core.warranty", "pk": 8}, {"fields": {"category": 247, "group": 1, "brand": 40, "tradePrice": 87.19, "goPrice": 169.0, "spanNet": 87.19, "endValue": 5000.0, "costPrice": 87.19, "model": "2EWAPP5000", "startValue": 2501.0, "store": null, "isShared": true}, "model": "core.warranty", "pk": 9}, {"fields": {"category": 247, "group": 1, "brand": 40, "tradePrice": 51.07, "goPrice": 99.0, "spanNet": 51.07, "endValue": 1000.0, "costPrice": 51.07, "model": "3EWAPP1000", "startValue": 501.0, "store": null, "isShared": true}, "model": "core.warranty", "pk": 10}, {"fields": {"category": 247, "group": 1, "brand": 40, "tradePrice": 205.84, "goPrice": 399.0, "spanNet": 205.84, "endValue": 10000.0, "costPrice": 205.84, "model": "3EWAPP10000", "startValue": 5001.0, "store": null, "isShared": true}, "model": "core.warranty", "pk": 11}, {"fields": {"category": 247, "group": 1, "brand": 40, "tradePrice": 66.55, "goPrice": 129.0, "spanNet": 66.55, "endValue": 1500.0, "costPrice": 66.55, "model": "3EWAPP1500", "startValue": 1001.0, "store": null, "isShared": true}, "model": "core.warranty", "pk": 12}, {"fields": {"category": 247, "group": 1, "brand": 40, "tradePrice": 226.48, "goPrice": 449.0, "spanNet": 226.48, "endValue": 15000.0, "costPrice": 226.48, "model": "3EWAPP15000", "startValue": 10001.0, "store": null, "isShared": true}, "model": "core.warranty", "pk": 13}, {"fields": {"category": 247, "group": 1, "brand": 40, "tradePrice": 92.34, "goPrice": 179.0, "spanNet": 92.34, "endValue": 2500.0, "costPrice": 92.34, "model": "3EWAPP2500", "startValue": 1501.0, "store": null, "isShared": true}, "model": "core.warranty", "pk": 14}, {"fields": {"category": 247, "group": 1, "brand": 40, "tradePrice": 40.76, "goPrice": 79.0, "spanNet": 40.76, "endValue": 500.0, "costPrice": 40.76, "model": "3EWAPP500", "startValue": 0.0, "store": null, "isShared": true}, "model": "core.warranty", "pk": 15}, {"fields": {"category": 247, "group": 1, "brand": 40, "tradePrice": 128.46, "goPrice": 249.0, "spanNet": 128.46, "endValue": 5000.0, "costPrice": 128.46, "model": "3EWAPP5000", "startValue": 2501.0, "store": null, "isShared": true}, "model": "core.warranty", "pk": 16}, {"fields": {"category": 247, "group": 1, "brand": 40, "tradePrice": 66.55, "goPrice": 129.0, "spanNet": 66.55, "endValue": 1000.0, "costPrice": 66.55, "model": "4EWAPP1000", "startValue": 501.0, "store": null, "isShared": true}, "model": "core.warranty", "pk": 17}, {"fields": {"category": 247, "group": 1, "brand": 40, "tradePrice": 231.64, "goPrice": 459.0, "spanNet": 231.64, "endValue": 10000.0, "costPrice": 231.64, "model": "4EWAPP10000", "startValue": 5001.0, "store": null, "isShared": true}, "model": "core.warranty", "pk": 18}, {"fields": {"category": 247, "group": 1, "brand": 40, "tradePrice": 82.03, "goPrice": 159.0, "spanNet": 82.03, "endValue": 1500.0, "costPrice": 82.03, "model": "4EWAPP1500", "startValue": 1001.0, "store": null, "isShared": true}, "model": "core.warranty", "pk": 19}, {"fields": {"category": 247, "group": 1, "brand": 40, "tradePrice": 278.07, "goPrice": 539.0, "spanNet": 278.07, "endValue": 15000.0, "costPrice": 278.07, "model": "4EWAPP15000", "startValue": 10001.0, "store": null, "isShared": true}, "model": "core.warranty", "pk": 20}, {"fields": {"category": 247, "group": 1, "brand": 40, "tradePrice": 102.66, "goPrice": 199.0, "spanNet": 102.66, "endValue": 2500.0, "costPrice": 102.66, "model": "4EWAPP2500", "startValue": 1501.0, "store": null, "isShared": true}, "model": "core.warranty", "pk": 21}, {"fields": {"category": 247, "group": 1, "brand": 40, "tradePrice": 51.07, "goPrice": 99.0, "spanNet": 51.07, "endValue": 500.0, "costPrice": 51.07, "model": "4EWAPP500", "startValue": 0.0, "store": null, "isShared": true}, "model": "core.warranty", "pk": 22}, {"fields": {"category": 247, "group": 1, "brand": 40, "tradePrice": 154.26, "goPrice": 299.0, "spanNet": 154.26, "endValue": 5000.0, "costPrice": 154.26, "model": "4EWAPP5000", "startValue": 2501.0, "store": null, "isShared": true}, "model": "core.warranty", "pk": 23}, {"fields": {"category": 248, "group": 1, "brand": 40, "tradePrice": 40.95, "goPrice": 79.0, "spanNet": 40.95, "endValue": 1000.0, "costPrice": 40.95, "model": "2EWADV1000", "startValue": 501.0, "store": null, "isShared": true}, "model": "core.warranty", "pk": 24}, {"fields": {"category": 248, "group": 1, "brand": 40, "tradePrice": 139.45, "goPrice": 279.0, "spanNet": 139.45, "endValue": 10000.0, "costPrice": 139.45, "model": "2EWADV10000", "startValue": 5001.0, "store": null, "isShared": true}, "model": "core.warranty", "pk": 25}, {"fields": {"category": 248, "group": 1, "brand": 40, "tradePrice": 61.69, "goPrice": 119.0, "spanNet": 61.69, "endValue": 2000.0, "costPrice": 61.69, "model": "2EWADV2000", "startValue": 1001.0, "store": null, "isShared": true}, "model": "core.warranty", "pk": 26}, {"fields": {"category": 248, "group": 1, "brand": 40, "tradePrice": 40.96, "goPrice": 79.0, "spanNet": 40.96, "endValue": 500.0, "costPrice": 40.96, "model": "2EWADV500", "startValue": 0.0, "store": null, "isShared": true}, "model": "core.warranty", "pk": 27}, {"fields": {"category": 248, "group": 1, "brand": 40, "tradePrice": 97.98, "goPrice": 189.0, "spanNet": 97.98, "endValue": 5000.0, "costPrice": 97.98, "model": "2EWADV5000", "startValue": 2001.0, "store": null, "isShared": true}, "model": "core.warranty", "pk": 28}, {"fields": {"category": 248, "group": 1, "brand": 40, "tradePrice": 51.32, "goPrice": 99.0, "spanNet": 51.32, "endValue": 1000.0, "costPrice": 51.32, "model": "3EWADV1000", "startValue": 501.0, "store": null, "isShared": true}, "model": "core.warranty", "pk": 29}, {"fields": {"category": 248, "group": 1, "brand": 40, "tradePrice": 191.3, "goPrice": 379.0, "spanNet": 191.3, "endValue": 10000.0, "costPrice": 191.3, "model": "3EWADV10000", "startValue": 5001.0, "store": null, "isShared": true}, "model": "core.warranty", "pk": 30}, {"fields": {"category": 248, "group": 1, "brand": 40, "tradePrice": 77.25, "goPrice": 149.0, "spanNet": 77.25, "endValue": 2000.0, "costPrice": 77.25, "model": "3EWADV2000", "startValue": 1001.0, "store": null, "isShared": true}, "model": "core.warranty", "pk": 31}, {"fields": {"category": 248, "group": 1, "brand": 40, "tradePrice": 46.13, "goPrice": 89.0, "spanNet": 46.13, "endValue": 500.0, "costPrice": 46.13, "model": "3EWADV500", "startValue": 0.0, "store": null, "isShared": true}, "model": "core.warranty", "pk": 32}, {"fields": {"category": 248, "group": 1, "brand": 40, "tradePrice": 129.08, "goPrice": 249.0, "spanNet": 129.08, "endValue": 5000.0, "costPrice": 129.08, "model": "3EWADV5000", "startValue": 2001.0, "store": null, "isShared": true}, "model": "core.warranty", "pk": 33}, {"fields": {"category": 248, "group": 1, "brand": 40, "tradePrice": 66.88, "goPrice": 129.0, "spanNet": 66.88, "endValue": 1000.0, "costPrice": 66.88, "model": "4EWADV1000", "startValue": 501.0, "store": null, "isShared": true}, "model": "core.warranty", "pk": 34}, {"fields": {"category": 248, "group": 1, "brand": 40, "tradePrice": 258.69, "goPrice": 499.0, "spanNet": 258.69, "endValue": 10000.0, "costPrice": 258.69, "model": "4EWADV10000", "startValue": 5001.0, "store": null, "isShared": true}, "model": "core.warranty", "pk": 35}, {"fields": {"category": 248, "group": 1, "brand": 40, "tradePrice": 103.16, "goPrice": 199.0, "spanNet": 103.16, "endValue": 2000.0, "costPrice": 103.16, "model": "4EWADV2000", "startValue": 1001.0, "store": null, "isShared": true}, "model": "core.warranty", "pk": 36}, {"fields": {"category": 248, "group": 1, "brand": 40, "tradePrice": 51.32, "goPrice": 99.0, "spanNet": 51.32, "endValue": 500.0, "costPrice": 51.32, "model": "4EWADV500", "startValue": 0.0, "store": null, "isShared": true}, "model": "core.warranty", "pk": 37}, {"fields": {"category": 248, "group": 1, "brand": 40, "tradePrice": 155.01, "goPrice": 299.0, "spanNet": 155.01, "endValue": 5000.0, "costPrice": 155.01, "model": "4EWADV5000", "startValue": 2001.0, "store": null, "isShared": true}, "model": "core.warranty", "pk": 38}, {"fields": {"category": 249, "group": 1, "brand": 40, "tradePrice": 164.79, "goPrice": 329.0, "spanNet": 164.79, "endValue": 1000.0, "costPrice": 164.79, "model": "3EWCOM1000", "startValue": 0.0, "store": null, "isShared": true}, "model": "core.warranty", "pk": 39}, {"fields": {"category": 249, "group": 1, "brand": 40, "tradePrice": 199.85, "goPrice": 399.0, "spanNet": 199.85, "endValue": 1500.0, "costPrice": 199.85, "model": "3EWCOM1500", "startValue": 1001.0, "store": null, "isShared": true}, "model": "core.warranty", "pk": 40}, {"fields": {"category": 249, "group": 1, "brand": 40, "tradePrice": 224.9, "goPrice": 449.0, "spanNet": 224.9, "endValue": 2500.0, "costPrice": 224.9, "model": "3EWCOM2500", "startValue": 1501.0, "store": null, "isShared": true}, "model": "core.warranty", "pk": 41}, {"fields": {"category": 249, "group": 1, "brand": 40, "tradePrice": 300.03, "goPrice": 599.0, "spanNet": 300.03, "endValue": 3500.0, "costPrice": 300.03, "model": "3EWCOM3500", "startValue": 2501.0, "store": null, "isShared": true}, "model": "core.warranty", "pk": 42}, {"fields": {"category": 249, "group": 1, "brand": 40, "tradePrice": 325.07, "goPrice": 649.0, "spanNet": 325.07, "endValue": 5500.0, "costPrice": 325.07, "model": "3EWCOM5500", "startValue": 3501.0, "store": null, "isShared": true}, "model": "core.warranty", "pk": 43}, {"fields": {"category": 249, "group": 1, "brand": 40, "tradePrice": 48.72, "goPrice": 69.0, "spanNet": 48.72, "endValue": 500.0, "costPrice": 48.72, "model": "2EWCOM500", "startValue": 0.0, "store": null, "isShared": true}, "model": "core.warranty", "pk": 44}, {"fields": {"category": 249, "group": 1, "brand": 40, "tradePrice": 59.61, "goPrice": 119.0, "spanNet": 59.61, "endValue": 1000.0, "costPrice": 59.61, "model": "2EWCOM1000", "startValue": 501.0, "store": null, "isShared": true}, "model": "core.warranty", "pk": 45}, {"fields": {"category": 249, "group": 1, "brand": 40, "tradePrice": 94.66, "goPrice": 189.0, "spanNet": 94.66, "endValue": 1500.0, "costPrice": 94.66, "model": "2EWCOM1500", "startValue": 1001.0, "store": null, "isShared": true}, "model": "core.warranty", "pk": 46}, {"fields": {"category": 249, "group": 1, "brand": 40, "tradePrice": 109.68, "goPrice": 219.0, "spanNet": 109.68, "endValue": 2500.0, "costPrice": 109.68, "model": "2EWCOM2500", "startValue": 1501.0, "store": null, "isShared": true}, "model": "core.warranty", "pk": 47}, {"fields": {"category": 249, "group": 1, "brand": 40, "tradePrice": 189.83, "goPrice": 379.0, "spanNet": 189.83, "endValue": 3500.0, "costPrice": 189.83, "model": "2EWCOM3500", "startValue": 2501.0, "store": null, "isShared": true}, "model": "core.warranty", "pk": 48}, {"fields": {"category": 249, "group": 1, "brand": 40, "tradePrice": 194.84, "goPrice": 389.0, "spanNet": 194.84, "endValue": 5500.0, "costPrice": 194.84, "model": "2EWCOM5500", "startValue": 3501.0, "store": null, "isShared": true}, "model": "core.warranty", "pk": 49}, {"fields": {"category": 250, "group": 1, "brand": 40, "tradePrice": 40.76, "goPrice": 79.0, "spanNet": 40.76, "endValue": 1000.0, "costPrice": 40.76, "model": "2EWPHE1000", "startValue": 501.0, "store": null, "isShared": true}, "model": "core.warranty", "pk": 50}, {"fields": {"category": 250, "group": 1, "brand": 40, "tradePrice": 143.93, "goPrice": 289.0, "spanNet": 143.93, "endValue": 10000.0, "costPrice": 143.93, "model": "2EWPHE10000", "startValue": 5001.0, "store": null, "isShared": true}, "model": "core.warranty", "pk": 51}, {"fields": {"category": 250, "group": 1, "brand": 40, "tradePrice": 221.32, "goPrice": 439.0, "spanNet": 221.32, "endValue": 15000.0, "costPrice": 221.32, "model": "2EWPHE15000", "startValue": 10001.0, "store": null, "isShared": true}, "model": "core.warranty", "pk": 52}, {"fields": {"category": 250, "group": 1, "brand": 40, "tradePrice": 51.07, "goPrice": 99.0, "spanNet": 51.07, "endValue": 2000.0, "costPrice": 51.07, "model": "2EWPHE2000", "startValue": 1001.0, "store": null, "isShared": true}, "model": "core.warranty", "pk": 53}, {"fields": {"category": 250, "group": 1, "brand": 40, "tradePrice": 35.94, "goPrice": 69.0, "spanNet": 35.94, "endValue": 500.0, "costPrice": 35.94, "model": "2EWPHE500", "startValue": 0.0, "store": null, "isShared": true}, "model": "core.warranty", "pk": 54}, {"fields": {"category": 250, "group": 1, "brand": 40, "tradePrice": 87.19, "goPrice": 179.0, "spanNet": 87.19, "endValue": 5000.0, "costPrice": 87.19, "model": "2EWPHE5000", "startValue": 2001.0, "store": null, "isShared": true}, "model": "core.warranty", "pk": 55}, {"fields": {"category": 250, "group": 1, "brand": 40, "tradePrice": 51.07, "goPrice": 99.0, "spanNet": 51.07, "endValue": 1000.0, "costPrice": 51.07, "model": "3EWPHE1000", "startValue": 501.0, "store": null, "isShared": true}, "model": "core.warranty", "pk": 56}, {"fields": {"category": 250, "group": 1, "brand": 40, "tradePrice": 200.68, "goPrice": 399.0, "spanNet": 200.68, "endValue": 10000.0, "costPrice": 200.68, "model": "3EWPHE10000", "startValue": 5001.0, "store": null, "isShared": true}, "model": "core.warranty", "pk": 57}, {"fields": {"category": 250, "group": 1, "brand": 40, "tradePrice": 236.8, "goPrice": 469.0, "spanNet": 236.8, "endValue": 15000.0, "costPrice": 236.8, "model": "3EWPHE15000", "startValue": 10001.0, "store": null, "isShared": true}, "model": "core.warranty", "pk": 58}, {"fields": {"category": 250, "group": 1, "brand": 40, "tradePrice": 61.99, "goPrice": 119.0, "spanNet": 61.99, "endValue": 2000.0, "costPrice": 61.99, "model": "3EWPHE2000", "startValue": 1001.0, "store": null, "isShared": true}, "model": "core.warranty", "pk": 59}, {"fields": {"category": 250, "group": 1, "brand": 40, "tradePrice": 40.76, "goPrice": 79.0, "spanNet": 40.76, "endValue": 500.0, "costPrice": 40.76, "model": "3EWPHE500", "startValue": 0.0, "store": null, "isShared": true}, "model": "core.warranty", "pk": 60}, {"fields": {"category": 250, "group": 1, "brand": 40, "tradePrice": 112.99, "goPrice": 229.0, "spanNet": 112.99, "endValue": 5000.0, "costPrice": 112.99, "model": "3EWPHE5000", "startValue": 2001.0, "store": null, "isShared": true}, "model": "core.warranty", "pk": 61}, {"fields": {"category": 250, "group": 1, "brand": 40, "tradePrice": 67.2, "goPrice": 129.0, "spanNet": 67.2, "endValue": 1000.0, "costPrice": 67.2, "model": "4EWPHE1000", "startValue": 501.0, "store": null, "isShared": true}, "model": "core.warranty", "pk": 62}, {"fields": {"category": 250, "group": 1, "brand": 40, "tradePrice": 231.64, "goPrice": 459.0, "spanNet": 231.64, "endValue": 10000.0, "costPrice": 231.64, "model": "4EWPHE10000", "startValue": 5001.0, "store": null, "isShared": true}, "model": "core.warranty", "pk": 63}, {"fields": {"category": 250, "group": 1, "brand": 40, "tradePrice": 252.28, "goPrice": 499.0, "spanNet": 252.28, "endValue": 15000.0, "costPrice": 252.28, "model": "4EWPHE15000", "startValue": 10001.0, "store": null, "isShared": true}, "model": "core.warranty", "pk": 64}, {"fields": {"category": 250, "group": 1, "brand": 40, "tradePrice": 77.62, "goPrice": 149.0, "spanNet": 77.62, "endValue": 2000.0, "costPrice": 77.62, "model": "4EWPHE2000", "startValue": 1001.0, "store": null, "isShared": true}, "model": "core.warranty", "pk": 65}, {"fields": {"category": 250, "group": 1, "brand": 40, "tradePrice": 46.36, "goPrice": 89.0, "spanNet": 46.36, "endValue": 500.0, "costPrice": 46.36, "model": "4EWPHE500", "startValue": 0.0, "store": null, "isShared": true}, "model": "core.warranty", "pk": 66}, {"fields": {"category": 250, "group": 1, "brand": 40, "tradePrice": 128.46, "goPrice": 259.0, "spanNet": 128.46, "endValue": 5000.0, "costPrice": 128.46, "model": "4EWPHE5000", "startValue": 2001.0, "store": null, "isShared": true}, "model": "core.warranty", "pk": 67}, {"fields": {"category": 251, "group": 1, "brand": 40, "tradePrice": 65.12, "goPrice": 129.0, "spanNet": 65.12, "endValue": 1000.0, "costPrice": 65.12, "model": "2EWPPT1000", "startValue": 0.0, "store": null, "isShared": true}, "model": "core.warranty", "pk": 68}, {"fields": {"category": 251, "group": 1, "brand": 40, "tradePrice": 205.84, "goPrice": 399.0, "spanNet": 205.84, "endValue": 10000.0, "costPrice": 205.84, "model": "2EWPPT10000", "startValue": 5001.0, "store": null, "isShared": true}, "model": "core.warranty", "pk": 69}, {"fields": {"category": 251, "group": 1, "brand": 40, "tradePrice": 82.82, "goPrice": 159.0, "spanNet": 82.82, "endValue": 1500.0, "costPrice": 82.82, "model": "2EWPPT1500", "startValue": 1001.0, "store": null, "isShared": true}, "model": "core.warranty", "pk": 70}, {"fields": {"category": 251, "group": 1, "brand": 40, "tradePrice": 324.5, "goPrice": 639.0, "spanNet": 324.5, "endValue": 15000.0, "costPrice": 324.5, "model": "2EWPPT15000", "startValue": 10001.0, "store": null, "isShared": true}, "model": "core.warranty", "pk": 71}, {"fields": {"category": 251, "group": 1, "brand": 40, "tradePrice": 123.3, "goPrice": 249.0, "spanNet": 123.3, "endValue": 2000.0, "costPrice": 123.3, "model": "2EWPPT2000", "startValue": 1501.0, "store": null, "isShared": true}, "model": "core.warranty", "pk": 72}, {"fields": {"category": 251, "group": 1, "brand": 40, "tradePrice": 401.89, "goPrice": 789.0, "spanNet": 401.89, "endValue": 20000.0, "costPrice": 401.89, "model": "2EWPPT20000", "startValue": 15001.0, "store": null, "isShared": true}, "model": "core.warranty", "pk": 73}, {"fields": {"category": 251, "group": 1, "brand": 40, "tradePrice": 143.93, "goPrice": 289.0, "spanNet": 143.93, "endValue": 3000.0, "costPrice": 143.93, "model": "2EWPPT3000", "startValue": 2001.0, "store": null, "isShared": true}, "model": "core.warranty", "pk": 74}, {"fields": {"category": 251, "group": 1, "brand": 40, "tradePrice": 164.57, "goPrice": 329.0, "spanNet": 164.57, "endValue": 5000.0, "costPrice": 164.57, "model": "2EWPPT5000", "startValue": 3001.0, "store": null, "isShared": true}, "model": "core.warranty", "pk": 75}, {"fields": {"category": 251, "group": 1, "brand": 40, "tradePrice": 76.87, "goPrice": 149.0, "spanNet": 76.87, "endValue": 1000.0, "costPrice": 76.87, "model": "3EWPPT1000", "startValue": 0.0, "store": null, "isShared": true}, "model": "core.warranty", "pk": 76}, {"fields": {"category": 251, "group": 1, "brand": 40, "tradePrice": 216.16, "goPrice": 429.0, "spanNet": 216.16, "endValue": 10000.0, "costPrice": 216.16, "model": "3EWPPT10000", "startValue": 5001.0, "store": null, "isShared": true}, "model": "core.warranty", "pk": 77}, {"fields": {"category": 251, "group": 1, "brand": 40, "tradePrice": 107.82, "goPrice": 219.0, "spanNet": 107.82, "endValue": 1500.0, "costPrice": 107.82, "model": "3EWPPT1500", "startValue": 1001.0, "store": null, "isShared": true}, "model": "core.warranty", "pk": 78}, {"fields": {"category": 251, "group": 1, "brand": 40, "tradePrice": 432.84, "goPrice": 849.0, "spanNet": 432.84, "endValue": 15000.0, "costPrice": 432.84, "model": "3EWPPT15000", "startValue": 10001.0, "store": null, "isShared": true}, "model": "core.warranty", "pk": 79}, {"fields": {"category": 251, "group": 1, "brand": 40, "tradePrice": 149.09, "goPrice": 299.0, "spanNet": 149.09, "endValue": 2000.0, "costPrice": 149.09, "model": "3EWPPT2000", "startValue": 1501.0, "store": null, "isShared": true}, "model": "core.warranty", "pk": 80}, {"fields": {"category": 251, "group": 1, "brand": 40, "tradePrice": 505.06, "goPrice": 999.0, "spanNet": 505.06, "endValue": 20000.0, "costPrice": 505.06, "model": "3EWPPT20000", "startValue": 15001.0, "store": null, "isShared": true}, "model": "core.warranty", "pk": 81}, {"fields": {"category": 251, "group": 1, "brand": 40, "tradePrice": 174.89, "goPrice": 349.0, "spanNet": 174.89, "endValue": 3000.0, "costPrice": 174.89, "model": "3EWPPT3000", "startValue": 2001.0, "store": null, "isShared": true}, "model": "core.warranty", "pk": 82}, {"fields": {"category": 251, "group": 1, "brand": 40, "tradePrice": 195.53, "goPrice": 389.0, "spanNet": 195.53, "endValue": 5000.0, "costPrice": 195.53, "model": "3EWPPT5000", "startValue": 3001.0, "store": null, "isShared": true}, "model": "core.warranty", "pk": 83}, {"fields": {"category": 251, "group": 1, "brand": 40, "tradePrice": 93.24, "goPrice": 189.0, "spanNet": 93.24, "endValue": 1000.0, "costPrice": 93.24, "model": "4EWPPT1000", "startValue": 0.0, "store": null, "isShared": true}, "model": "core.warranty", "pk": 84}, {"fields": {"category": 251, "group": 1, "brand": 40, "tradePrice": 278.07, "goPrice": 549.0, "spanNet": 278.07, "endValue": 10000.0, "costPrice": 278.07, "model": "4EWPPT10000", "startValue": 5001.0, "store": null, "isShared": true}, "model": "core.warranty", "pk": 85}, {"fields": {"category": 251, "group": 1, "brand": 40, "tradePrice": 129.71, "goPrice": 259.0, "spanNet": 129.71, "endValue": 1500.0, "costPrice": 129.71, "model": "4EWPPT1500", "startValue": 1001.0, "store": null, "isShared": true}, "model": "core.warranty", "pk": 86}, {"fields": {"category": 251, "group": 1, "brand": 40, "tradePrice": 541.17, "goPrice": 1079.0, "spanNet": 541.17, "endValue": 15000.0, "costPrice": 541.17, "model": "4EWPPT15000", "startValue": 10001.0, "store": null, "isShared": true}, "model": "core.warranty", "pk": 87}, {"fields": {"category": 251, "group": 1, "brand": 40, "tradePrice": 181.8, "goPrice": 349.0, "spanNet": 181.8, "endValue": 2000.0, "costPrice": 181.8, "model": "4EWPPT2000", "startValue": 1501.0, "store": null, "isShared": true}, "model": "core.warranty", "pk": 88}, {"fields": {"category": 251, "group": 1, "brand": 40, "tradePrice": 618.56, "goPrice": 1199.0, "spanNet": 618.56, "endValue": 20000.0, "costPrice": 618.56, "model": "4EWPPT20000", "startValue": 15001.0, "store": null, "isShared": true}, "model": "core.warranty", "pk": 89}, {"fields": {"category": 251, "group": 1, "brand": 40, "tradePrice": 205.84, "goPrice": 399.0, "spanNet": 205.84, "endValue": 3000.0, "costPrice": 205.84, "model": "4EWPPT3000", "startValue": 2001.0, "store": null, "isShared": true}, "model": "core.warranty", "pk": 90}, {"fields": {"category": 251, "group": 1, "brand": 40, "tradePrice": 221.32, "goPrice": 429.0, "spanNet": 221.32, "endValue": 5000.0, "costPrice": 221.32, "model": "4EWPPT5000", "startValue": 3001.0, "store": null, "isShared": true}, "model": "core.warranty", "pk": 91}, {"fields": {"category": 252, "group": 1, "brand": 40, "tradePrice": 41.27, "goPrice": 79.0, "spanNet": 41.27, "endValue": 1000.0, "costPrice": 41.27, "model": "2EWCPG1000", "startValue": 0.0, "store": null, "isShared": true}, "model": "core.warranty", "pk": 92}, {"fields": {"category": 252, "group": 1, "brand": 40, "tradePrice": 116.59, "goPrice": 229.0, "spanNet": 116.59, "endValue": 10000.0, "costPrice": 116.59, "model": "2EWCPG10000", "startValue": 6001.0, "store": null, "isShared": true}, "model": "core.warranty", "pk": 93}, {"fields": {"category": 252, "group": 1, "brand": 40, "tradePrice": 51.59, "goPrice": 99.0, "spanNet": 51.59, "endValue": 2000.0, "costPrice": 51.59, "model": "2EWCPG2000", "startValue": 1001.0, "store": null, "isShared": true}, "model": "core.warranty", "pk": 94}, {"fields": {"category": 252, "group": 1, "brand": 40, "tradePrice": 68.61, "goPrice": 139.0, "spanNet": 68.61, "endValue": 4000.0, "costPrice": 68.61, "model": "2EWCPG4000", "startValue": 2001.0, "store": null, "isShared": true}, "model": "core.warranty", "pk": 95}, {"fields": {"category": 252, "group": 1, "brand": 40, "tradePrice": 78.94, "goPrice": 159.0, "spanNet": 78.94, "endValue": 6000.0, "costPrice": 78.94, "model": "2EWCPG6000", "startValue": 4001.0, "store": null, "isShared": true}, "model": "core.warranty", "pk": 96}, {"fields": {"category": 252, "group": 1, "brand": 40, "tradePrice": 61.39, "goPrice": 119.0, "spanNet": 61.39, "endValue": 1000.0, "costPrice": 61.39, "model": "3EWCPG1000", "startValue": 0.0, "store": null, "isShared": true}, "model": "core.warranty", "pk": 97}, {"fields": {"category": 252, "group": 1, "brand": 40, "tradePrice": 174.89, "goPrice": 349.0, "spanNet": 174.89, "endValue": 10000.0, "costPrice": 174.89, "model": "3EWCPG10000", "startValue": 6001.0, "store": null, "isShared": true}, "model": "core.warranty", "pk": 98}, {"fields": {"category": 252, "group": 1, "brand": 40, "tradePrice": 76.87, "goPrice": 149.0, "spanNet": 76.87, "endValue": 2000.0, "costPrice": 76.87, "model": "3EWCPG2000", "startValue": 1001.0, "store": null, "isShared": true}, "model": "core.warranty", "pk": 99}, {"fields": {"category": 252, "group": 1, "brand": 40, "tradePrice": 102.66, "goPrice": 199.0, "spanNet": 102.66, "endValue": 4000.0, "costPrice": 102.66, "model": "3EWCPG4000", "startValue": 2001.0, "store": null, "isShared": true}, "model": "core.warranty", "pk": 100}, {"fields": {"category": 252, "group": 1, "brand": 40, "tradePrice": 118.14, "goPrice": 239.0, "spanNet": 118.14, "endValue": 6000.0, "costPrice": 118.14, "model": "3EWCPG6000", "startValue": 4001.0, "store": null, "isShared": true}, "model": "core.warranty", "pk": 101}, {"fields": {"category": 252, "group": 1, "brand": 40, "tradePrice": 75.32, "goPrice": 149.0, "spanNet": 75.32, "endValue": 1000.0, "costPrice": 75.32, "model": "4EWCPG1000", "startValue": 0.0, "store": null, "isShared": true}, "model": "core.warranty", "pk": 102}, {"fields": {"category": 252, "group": 1, "brand": 40, "tradePrice": 214.1, "goPrice": 429.0, "spanNet": 214.1, "endValue": 10000.0, "costPrice": 214.1, "model": "4EWCPG10000", "startValue": 6001.0, "store": null, "isShared": true}, "model": "core.warranty", "pk": 103}, {"fields": {"category": 252, "group": 1, "brand": 40, "tradePrice": 94.4, "goPrice": 189.0, "spanNet": 94.4, "endValue": 2000.0, "costPrice": 94.4, "model": "4EWCPG2000", "startValue": 1001.0, "store": null, "isShared": true}, "model": "core.warranty", "pk": 104}, {"fields": {"category": 252, "group": 1, "brand": 40, "tradePrice": 125.88, "goPrice": 249.0, "spanNet": 125.88, "endValue": 4000.0, "costPrice": 125.88, "model": "4EWCPG4000", "startValue": 2001.0, "store": null, "isShared": true}, "model": "core.warranty", "pk": 105}, {"fields": {"category": 252, "group": 1, "brand": 40, "tradePrice": 144.45, "goPrice": 289.0, "spanNet": 144.45, "endValue": 6000.0, "costPrice": 144.45, "model": "4EWCPG6000", "startValue": 4001.0, "store": null, "isShared": true}, "model": "core.warranty", "pk": 106}, {"fields": {"category": 253, "group": 1, "brand": 40, "tradePrice": 46.36, "goPrice": 89.0, "spanNet": 46.36, "endValue": 1000.0, "costPrice": 46.36, "model": "2EWRFR1000", "startValue": 501.0, "store": null, "isShared": true}, "model": "core.warranty", "pk": 107}, {"fields": {"category": 253, "group": 1, "brand": 40, "tradePrice": 103.66, "goPrice": 199.0, "spanNet": 103.66, "endValue": 10000.0, "costPrice": 103.66, "model": "2EWRFR10000", "startValue": 5001.0, "store": null, "isShared": true}, "model": "core.warranty", "pk": 108}, {"fields": {"category": 253, "group": 1, "brand": 40, "tradePrice": 51.56, "goPrice": 99.0, "spanNet": 51.56, "endValue": 2000.0, "costPrice": 51.56, "model": "2EWRFR2000", "startValue": 1001.0, "store": null, "isShared": true}, "model": "core.warranty", "pk": 109}, {"fields": {"category": 253, "group": 1, "brand": 40, "tradePrice": 56.78, "goPrice": 109.0, "spanNet": 56.78, "endValue": 3000.0, "costPrice": 56.78, "model": "2EWRFR3000", "startValue": 2001.0, "store": null, "isShared": true}, "model": "core.warranty", "pk": 110}, {"fields": {"category": 253, "group": 1, "brand": 40, "tradePrice": 35.94, "goPrice": 69.0, "spanNet": 35.94, "endValue": 500.0, "costPrice": 35.94, "model": "2EWRFR500", "startValue": 0.0, "store": null, "isShared": true}, "model": "core.warranty", "pk": 111}, {"fields": {"category": 253, "group": 1, "brand": 40, "tradePrice": 72.41, "goPrice": 139.0, "spanNet": 72.41, "endValue": 5000.0, "costPrice": 72.41, "model": "2EWRFR5000", "startValue": 3001.0, "store": null, "isShared": true}, "model": "core.warranty", "pk": 112}, {"fields": {"category": 253, "group": 1, "brand": 40, "tradePrice": 51.56, "goPrice": 99.0, "spanNet": 51.56, "endValue": 1000.0, "costPrice": 51.56, "model": "3EWRFR1000", "startValue": 501.0, "store": null, "isShared": true}, "model": "core.warranty", "pk": 113}, {"fields": {"category": 253, "group": 1, "brand": 40, "tradePrice": 140.12, "goPrice": 279.0, "spanNet": 140.12, "endValue": 10000.0, "costPrice": 140.12, "model": "3EWRFR10000", "startValue": 5001.0, "store": null, "isShared": true}, "model": "core.warranty", "pk": 114}, {"fields": {"category": 253, "group": 1, "brand": 40, "tradePrice": 56.78, "goPrice": 119.0, "spanNet": 56.78, "endValue": 2000.0, "costPrice": 56.78, "model": "3EWRFR2000", "startValue": 1001.0, "store": null, "isShared": true}, "model": "core.warranty", "pk": 115}, {"fields": {"category": 253, "group": 1, "brand": 40, "tradePrice": 61.99, "goPrice": 125.0, "spanNet": 61.99, "endValue": 3000.0, "costPrice": 61.99, "model": "3EWRFR3000", "startValue": 2001.0, "store": null, "isShared": true}, "model": "core.warranty", "pk": 116}, {"fields": {"category": 253, "group": 1, "brand": 40, "tradePrice": 46.36, "goPrice": 89.0, "spanNet": 46.36, "endValue": 500.0, "costPrice": 46.36, "model": "3EWRFR500", "startValue": 0.0, "store": null, "isShared": true}, "model": "core.warranty", "pk": 117}, {"fields": {"category": 253, "group": 1, "brand": 40, "tradePrice": 82.82, "goPrice": 159.0, "spanNet": 82.82, "endValue": 5000.0, "costPrice": 82.82, "model": "3EWRFR5000", "startValue": 3001.0, "store": null, "isShared": true}, "model": "core.warranty", "pk": 118}, {"fields": {"category": 253, "group": 1, "brand": 40, "tradePrice": 67.2, "goPrice": 129.0, "spanNet": 67.2, "endValue": 1000.0, "costPrice": 67.2, "model": "4EWRFR1000", "startValue": 501.0, "store": null, "isShared": true}, "model": "core.warranty", "pk": 119}, {"fields": {"category": 253, "group": 1, "brand": 40, "tradePrice": 176.59, "goPrice": 349.0, "spanNet": 176.59, "endValue": 10000.0, "costPrice": 176.59, "model": "4EWRFR10000", "startValue": 5001.0, "store": null, "isShared": true}, "model": "core.warranty", "pk": 120}, {"fields": {"category": 253, "group": 1, "brand": 40, "tradePrice": 72.41, "goPrice": 139.0, "spanNet": 72.41, "endValue": 2000.0, "costPrice": 72.41, "model": "4EWRFR2000", "startValue": 1001.0, "store": null, "isShared": true}, "model": "core.warranty", "pk": 121}, {"fields": {"category": 253, "group": 1, "brand": 40, "tradePrice": 77.62, "goPrice": 149.0, "spanNet": 77.62, "endValue": 3000.0, "costPrice": 77.62, "model": "4EWRFR3000", "startValue": 2001.0, "store": null, "isShared": true}, "model": "core.warranty", "pk": 122}, {"fields": {"category": 253, "group": 1, "brand": 40, "tradePrice": 56.78, "goPrice": 109.0, "spanNet": 56.78, "endValue": 500.0, "costPrice": 56.78, "model": "4EWRFR500", "startValue": 0.0, "store": null, "isShared": true}, "model": "core.warranty", "pk": 123}, {"fields": {"category": 253, "group": 1, "brand": 40, "tradePrice": 103.66, "goPrice": 199.0, "spanNet": 103.66, "endValue": 5000.0, "costPrice": 103.66, "model": "4EWRFR5000", "startValue": 3001.0, "store": null, "isShared": true}, "model": "core.warranty", "pk": 124}, {"fields": {"category": 254, "group": 1, "brand": 40, "tradePrice": 46.36, "goPrice": 99.0, "spanNet": 46.36, "endValue": 1000.0, "costPrice": 46.36, "model": "2EWWAS1000", "startValue": 501.0, "store": null, "isShared": true}, "model": "core.warranty", "pk": 125}, {"fields": {"category": 254, "group": 1, "brand": 40, "tradePrice": 61.99, "goPrice": 129.0, "spanNet": 61.99, "endValue": 2000.0, "costPrice": 61.99, "model": "2EWWAS2000", "startValue": 1001.0, "store": null, "isShared": true}, "model": "core.warranty", "pk": 126}, {"fields": {"category": 254, "group": 1, "brand": 40, "tradePrice": 67.2, "goPrice": 139.0, "spanNet": 67.2, "endValue": 4000.0, "costPrice": 67.2, "model": "2EWWAS4000", "startValue": 2001.0, "store": null, "isShared": true}, "model": "core.warranty", "pk": 127}, {"fields": {"category": 254, "group": 1, "brand": 40, "tradePrice": 41.15, "goPrice": 89.0, "spanNet": 41.15, "endValue": 500.0, "costPrice": 41.15, "model": "2EWWAS500", "startValue": 0.0, "store": null, "isShared": true}, "model": "core.warranty", "pk": 128}, {"fields": {"category": 254, "group": 1, "brand": 40, "tradePrice": 56.78, "goPrice": 119.0, "spanNet": 56.78, "endValue": 1000.0, "costPrice": 56.78, "model": "3EWWAS1000", "startValue": 501.0, "store": null, "isShared": true}, "model": "core.warranty", "pk": 129}, {"fields": {"category": 254, "group": 1, "brand": 40, "tradePrice": 72.41, "goPrice": 149.0, "spanNet": 72.41, "endValue": 2000.0, "costPrice": 72.41, "model": "3EWWAS2000", "startValue": 1001.0, "store": null, "isShared": true}, "model": "core.warranty", "pk": 130}, {"fields": {"category": 254, "group": 1, "brand": 40, "tradePrice": 98.45, "goPrice": 199.0, "spanNet": 98.45, "endValue": 4000.0, "costPrice": 98.45, "model": "3EWWAS4000", "startValue": 2001.0, "store": null, "isShared": true}, "model": "core.warranty", "pk": 131}, {"fields": {"category": 254, "group": 1, "brand": 40, "tradePrice": 51.56, "goPrice": 99.0, "spanNet": 51.56, "endValue": 500.0, "costPrice": 51.56, "model": "3EWWAS500", "startValue": 0.0, "store": null, "isShared": true}, "model": "core.warranty", "pk": 132}, {"fields": {"category": 254, "group": 1, "brand": 40, "tradePrice": 77.62, "goPrice": 159.0, "spanNet": 77.62, "endValue": 1000.0, "costPrice": 77.62, "model": "4EWWAS1000", "startValue": 501.0, "store": null, "isShared": true}, "model": "core.warranty", "pk": 133}, {"fields": {"category": 254, "group": 1, "brand": 40, "tradePrice": 98.45, "goPrice": 199.0, "spanNet": 98.45, "endValue": 2000.0, "costPrice": 98.45, "model": "4EWWAS2000", "startValue": 1001.0, "store": null, "isShared": true}, "model": "core.warranty", "pk": 134}, {"fields": {"category": 254, "group": 1, "brand": 40, "tradePrice": 134.92, "goPrice": 269.0, "spanNet": 134.92, "endValue": 4000.0, "costPrice": 134.92, "model": "4EWWAS4000", "startValue": 2001.0, "store": null, "isShared": true}, "model": "core.warranty", "pk": 135}, {"fields": {"category": 254, "group": 1, "brand": 40, "tradePrice": 67.2, "goPrice": 139.0, "spanNet": 67.2, "endValue": 500.0, "costPrice": 67.2, "model": "4EWWAS500", "startValue": 0.0, "store": null, "isShared": true}, "model": "core.warranty", "pk": 136}, {"fields": {"category": 255, "group": 1, "brand": 40, "tradePrice": 35.59, "goPrice": 69.0, "spanNet": 35.59, "endValue": 500.0, "costPrice": 35.59, "model": "2EWLED500", "startValue": 0.0, "store": null, "isShared": true}, "model": "core.warranty", "pk": 137}, {"fields": {"category": 255, "group": 1, "brand": 40, "tradePrice": 40.76, "goPrice": 79.0, "spanNet": 40.76, "endValue": 500.0, "costPrice": 40.76, "model": "3EWLED500", "startValue": 0.0, "store": null, "isShared": true}, "model": "core.warranty", "pk": 138}, {"fields": {"category": 255, "group": 1, "brand": 40, "tradePrice": 45.92, "goPrice": 89.0, "spanNet": 45.92, "endValue": 500.0, "costPrice": 45.92, "model": "4EWLED500", "startValue": 0.0, "store": null, "isShared": true}, "model": "core.warranty", "pk": 139}, {"fields": {"category": 255, "group": 1, "brand": 40, "tradePrice": 45.65, "goPrice": 89.0, "spanNet": 45.65, "endValue": 1000.0, "costPrice": 45.65, "model": "2EWLED1000", "startValue": 501.0, "store": null, "isShared": true}, "model": "core.warranty", "pk": 140}, {"fields": {"category": 255, "group": 1, "brand": 40, "tradePrice": 64.37, "goPrice": 129.0, "spanNet": 64.37, "endValue": 1000.0, "costPrice": 64.37, "model": "3EWLED1000", "startValue": 501.0, "store": null, "isShared": true}, "model": "core.warranty", "pk": 141}, {"fields": {"category": 255, "group": 1, "brand": 40, "tradePrice": 74.85, "goPrice": 149.0, "spanNet": 74.85, "endValue": 1000.0, "costPrice": 74.85, "model": "4EWLED1000", "startValue": 501.0, "store": null, "isShared": true}, "model": "core.warranty", "pk": 142}, {"fields": {"category": 255, "group": 1, "brand": 40, "tradePrice": 61.71, "goPrice": 119.0, "spanNet": 61.71, "endValue": 1500.0, "costPrice": 61.71, "model": "2EWLED1500", "startValue": 1001.0, "store": null, "isShared": true}, "model": "core.warranty", "pk": 143}, {"fields": {"category": 255, "group": 1, "brand": 40, "tradePrice": 84.9, "goPrice": 169.0, "spanNet": 84.9, "endValue": 1500.0, "costPrice": 84.9, "model": "3EWLED1500", "startValue": 1001.0, "store": null, "isShared": true}, "model": "core.warranty", "pk": 144}, {"fields": {"category": 255, "group": 1, "brand": 40, "tradePrice": 111.24, "goPrice": 219.0, "spanNet": 111.24, "endValue": 1500.0, "costPrice": 111.24, "model": "4EWLED1500", "startValue": 1001.0, "store": null, "isShared": true}, "model": "core.warranty", "pk": 145}, {"fields": {"category": 255, "group": 1, "brand": 40, "tradePrice": 75.68, "goPrice": 149.0, "spanNet": 75.68, "endValue": 2000.0, "costPrice": 75.68, "model": "2EWLED2000", "startValue": 1501.0, "store": null, "isShared": true}, "model": "core.warranty", "pk": 146}, {"fields": {"category": 255, "group": 1, "brand": 40, "tradePrice": 98.01, "goPrice": 189.0, "spanNet": 98.01, "endValue": 2000.0, "costPrice": 98.01, "model": "3EWLED2000", "startValue": 1501.0, "store": null, "isShared": true}, "model": "core.warranty", "pk": 147}, {"fields": {"category": 255, "group": 1, "brand": 40, "tradePrice": 126.9, "goPrice": 249.0, "spanNet": 126.9, "endValue": 2000.0, "costPrice": 126.9, "model": "4EWLED2000", "startValue": 1501.0, "store": null, "isShared": true}, "model": "core.warranty", "pk": 148}, {"fields": {"category": 255, "group": 1, "brand": 40, "tradePrice": 109.27, "goPrice": 219.0, "spanNet": 109.27, "endValue": 3000.0, "costPrice": 109.27, "model": "2EWLED3000", "startValue": 2001.0, "store": null, "isShared": true}, "model": "core.warranty", "pk": 149}, {"fields": {"category": 255, "group": 1, "brand": 40, "tradePrice": 136.64, "goPrice": 269.0, "spanNet": 136.64, "endValue": 3000.0, "costPrice": 136.64, "model": "3EWLED3000", "startValue": 2001.0, "store": null, "isShared": true}, "model": "core.warranty", "pk": 150}, {"fields": {"category": 255, "group": 1, "brand": 40, "tradePrice": 162.57, "goPrice": 319.0, "spanNet": 162.57, "endValue": 3000.0, "costPrice": 162.57, "model": "4EWLED3000", "startValue": 2001.0, "store": null, "isShared": true}, "model": "core.warranty", "pk": 151}, {"fields": {"category": 255, "group": 1, "brand": 40, "tradePrice": 132.13, "goPrice": 259.0, "spanNet": 132.13, "endValue": 5000.0, "costPrice": 132.13, "model": "2EWLED5000", "startValue": 3001.0, "store": null, "isShared": true}, "model": "core.warranty", "pk": 152}, {"fields": {"category": 255, "group": 1, "brand": 40, "tradePrice": 163.27, "goPrice": 319.0, "spanNet": 163.27, "endValue": 5000.0, "costPrice": 163.27, "model": "3EWLED5000", "startValue": 3001.0, "store": null, "isShared": true}, "model": "core.warranty", "pk": 153}, {"fields": {"category": 255, "group": 1, "brand": 40, "tradePrice": 196.71, "goPrice": 389.0, "spanNet": 196.71, "endValue": 5000.0, "costPrice": 196.71, "model": "4EWLED5000", "startValue": 3001.0, "store": null, "isShared": true}, "model": "core.warranty", "pk": 154}, {"fields": {"category": 255, "group": 1, "brand": 40, "tradePrice": 157.47, "goPrice": 309.0, "spanNet": 157.47, "endValue": 12000.0, "costPrice": 157.47, "model": "2EWLED12000", "startValue": 5001.0, "store": null, "isShared": true}, "model": "core.warranty", "pk": 155}, {"fields": {"category": 255, "group": 1, "brand": 40, "tradePrice": 212.12, "goPrice": 419.0, "spanNet": 212.12, "endValue": 12000.0, "costPrice": 212.12, "model": "3EWLED12000", "startValue": 5001.0, "store": null, "isShared": true}, "model": "core.warranty", "pk": 156}, {"fields": {"category": 255, "group": 1, "brand": 40, "tradePrice": 252.62, "goPrice": 499.0, "spanNet": 252.62, "endValue": 12000.0, "costPrice": 252.62, "model": "4EWLED12000", "startValue": 5001.0, "store": null, "isShared": true}, "model": "core.warranty", "pk": 157}, {"fields": {"category": 255, "group": 1, "brand": 40, "tradePrice": 353.86, "goPrice": 699.0, "spanNet": 353.86, "endValue": 18000.0, "costPrice": 353.86, "model": "2EWLED18000", "startValue": 12001.0, "store": null, "isShared": true}, "model": "core.warranty", "pk": 158}, {"fields": {"category": 255, "group": 1, "brand": 40, "tradePrice": 455.11, "goPrice": 899.0, "spanNet": 455.11, "endValue": 18000.0, "costPrice": 455.11, "model": "4EWLED18000", "startValue": 12001.0, "store": null, "isShared": true}, "model": "core.warranty", "pk": 159}, {"fields": {"category": 256, "group": 1, "brand": 40, "tradePrice": 12.0, "goPrice": 22.5, "spanNet": 12.0, "endValue": 150.0, "costPrice": 12.0, "model": "REP2EW150", "startValue": 0.0, "store": null, "isShared": true}, "model": "core.warranty", "pk": 160}, {"fields": {"category": 256, "group": 1, "brand": 40, "tradePrice": 14.0, "goPrice": 26.25, "spanNet": 14.0, "endValue": 175.0, "costPrice": 14.0, "model": "REP2EW175", "startValue": 150.01, "store": null, "isShared": true}, "model": "core.warranty", "pk": 161}, {"fields": {"category": 256, "group": 1, "brand": 40, "tradePrice": 16.0, "goPrice": 30.0, "spanNet": 16.0, "endValue": 200.0, "costPrice": 16.0, "model": "REP2EW200", "startValue": 176.01, "store": null, "isShared": true}, "model": "core.warranty", "pk": 162}, {"fields": {"category": 256, "group": 1, "brand": 40, "tradePrice": 20.0, "goPrice": 37.5, "spanNet": 20.0, "endValue": 250.0, "costPrice": 20.0, "model": "REP2EW250", "startValue": 201.01, "store": null, "isShared": true}, "model": "core.warranty", "pk": 163}, {"fields": {"category": 256, "group": 1, "brand": 40, "tradePrice": 24.0, "goPrice": 45.0, "spanNet": 24.0, "endValue": 300.0, "costPrice": 24.0, "model": "REP2EW300", "startValue": 251.01, "store": null, "isShared": true}, "model": "core.warranty", "pk": 164}, {"fields": {"category": 256, "group": 1, "brand": 40, "tradePrice": 28.0, "goPrice": 52.5, "spanNet": 28.0, "endValue": 350.0, "costPrice": 28.0, "model": "REP2EW350", "startValue": 301.01, "store": null, "isShared": true}, "model": "core.warranty", "pk": 165}, {"fields": {"category": 256, "group": 1, "brand": 40, "tradePrice": 32.0, "goPrice": 60.0, "spanNet": 32.0, "endValue": 400.0, "costPrice": 32.0, "model": "REP2EW400", "startValue": 350.01, "store": null, "isShared": true}, "model": "core.warranty", "pk": 166}, {"fields": {"category": 256, "group": 1, "brand": 40, "tradePrice": 36.0, "goPrice": 67.5, "spanNet": 36.0, "endValue": 450.0, "costPrice": 36.0, "model": "REP2EW450", "startValue": 400.01, "store": null, "isShared": true}, "model": "core.warranty", "pk": 167}, {"fields": {"category": 256, "group": 1, "brand": 40, "tradePrice": 40.0, "goPrice": 75.0, "spanNet": 40.0, "endValue": 500.0, "costPrice": 40.0, "model": "REP2EW500", "startValue": 450.01, "store": null, "isShared": true}, "model": "core.warranty", "pk": 168}]